projis,GEOID,area_fraction
S13388,,0.011764459187171
S13389,,0.011764459187171
S13390,,0.003815595591061
S13391,,0.003815595591061
S13392,,0.003815595591061
S13395,,0.005707944078734
S13396,,0.151286766726172
S13398,,0.846078690234062
S13399,,0.000181690620092
S13400,,0.846078690234062
S13403,,0.846078690234062
S13388,250092181002,1.000000000000000
S13389,250092181002,1.000000000000000
S13396,250092181002,1.000000000000000
S13398,250092181002,1.000000000000000
S13400,250092181002,1.000000000000000
S13403,250092181002,1.000000000000000
S13388,250092181003,0.999999303646641
S13389,250092181003,0.999999303646641
S13396,250092181003,0.999895056527963
S13398,250092181003,0.999935500581747
S13400,250092181003,0.999935500581747
S13403,250092181003,0.999935500581747
S13388,250092181004,0.999977135020414
S13389,250092181004,0.999977135020414
S13396,250092181004,0.999754765139708
S13398,250092181004,0.999771006405765
S13400,250092181004,0.999771006405765
S13403,250092181004,0.999771006405765
S13388,250092201011,1.000000000000000
S13389,250092201011,1.000000000000000
S13398,250092201011,1.000000000000000
S13400,250092201011,1.000000000000000
S13403,250092201011,1.000000000000000
S13388,250092201012,1.000000000000000
S13389,250092201012,1.000000000000000
S13398,250092201012,1.000000000000000
S13400,250092201012,1.000000000000000
S13403,250092201012,1.000000000000000
S13388,250092201013,0.998776992033390
S13389,250092201013,0.998776992033390
S13398,250092201013,0.999865967201445
S13400,250092201013,0.999865967201445
S13403,250092201013,0.999865967201445
S13388,250092201014,1.000000000000000
S13389,250092201014,1.000000000000000
S13398,250092201014,1.000000000000000
S13400,250092201014,1.000000000000000
S13403,250092201014,1.000000000000000
S13388,250092201021,1.000000000000000
S13389,250092201021,1.000000000000000
S13398,250092201021,1.000000000000000
S13400,250092201021,1.000000000000000
S13403,250092201021,1.000000000000000
S13388,250092201022,1.000000000000000
S13389,250092201022,1.000000000000000
S13398,250092201022,1.000000000000000
S13400,250092201022,1.000000000000000
S13403,250092201022,1.000000000000000
S13388,250092211001,0.999909015258077
S13389,250092211001,0.999909015258077
S13398,250092211001,0.999146961414394
S13400,250092211001,0.999146961414394
S13403,250092211001,0.999146961414394
S13388,250092211002,0.992991499155809
S13389,250092211002,0.992991499155809
S13398,250092211002,0.984758755659806
S13400,250092211002,0.984758755659806
S13403,250092211002,0.984758755659806
S13388,250092211003,1.000000000000000
S13389,250092211003,1.000000000000000
S13398,250092211003,1.000000000000000
S13400,250092211003,1.000000000000000
S13403,250092211003,1.000000000000000
S13388,250092213001,0.999878059098894
S13389,250092213001,0.999878059098894
S13398,250092213001,0.999999999996936
S13400,250092213001,0.999999999996936
S13403,250092213001,0.999999999996936
S13388,250092213002,0.999287686623040
S13389,250092213002,0.999287686623040
S13398,250092213002,0.998907974544172
S13400,250092213002,0.998907974544172
S13403,250092213002,0.998907974544172
S13388,250092213003,0.999980101689314
S13389,250092213003,0.999980101689314
S13398,250092213003,0.999122484998064
S13400,250092213003,0.999122484998064
S13403,250092213003,0.999122484998064
S13388,250092214001,1.000000000000000
S13389,250092214001,1.000000000000000
S13398,250092214001,1.000000000000000
S13400,250092214001,1.000000000000000
S13403,250092214001,1.000000000000000
S13388,250092214002,1.000000000000000
S13389,250092214002,1.000000000000000
S13398,250092214002,1.000000000000000
S13400,250092214002,1.000000000000000
S13403,250092214002,1.000000000000000
S13388,250092214003,1.000000000000000
S13389,250092214003,1.000000000000000
S13398,250092214003,1.000000000000000
S13400,250092214003,1.000000000000000
S13403,250092214003,1.000000000000000
S13388,250092215001,1.000000000000000
S13389,250092215001,1.000000000000000
S13398,250092215001,1.000000000000000
S13400,250092215001,1.000000000000000
S13403,250092215001,1.000000000000000
S13388,250092215002,0.991108769461567
S13389,250092215002,0.991108769461567
S13398,250092215002,0.995314950365161
S13400,250092215002,0.995314950365161
S13403,250092215002,0.995314950365161
S13388,250092216001,0.995732308321461
S13389,250092216001,0.995732308321461
S13398,250092216001,0.999999968481298
S13400,250092216001,0.999999968481298
S13403,250092216001,0.999999968481298
S13388,250092216002,1.000000000000000
S13389,250092216002,1.000000000000000
S13398,250092216002,1.000000000000000
S13400,250092216002,1.000000000000000
S13403,250092216002,1.000000000000000
S13388,250092216003,1.000000000000000
S13389,250092216003,1.000000000000000
S13398,250092216003,1.000000000000000
S13400,250092216003,1.000000000000000
S13403,250092216003,1.000000000000000
S13388,250092217001,1.000000000000000
S13389,250092217001,1.000000000000000
S13398,250092217001,1.000000000000000
S13400,250092217001,1.000000000000000
S13403,250092217001,1.000000000000000
S13388,250092217002,0.998459116393351
S13389,250092217002,0.998459116393351
S13398,250092217002,0.999354107074946
S13400,250092217002,0.999354107074946
S13403,250092217002,0.999354107074946
S13388,250092218001,0.998190166214233
S13389,250092218001,0.998190166214233
S13398,250092218001,1.000000004149281
S13400,250092218001,1.000000004149281
S13403,250092218001,1.000000004149281
S13388,250092218002,0.986129693578965
S13389,250092218002,0.986129693578965
S13398,250092218002,0.982655304173993
S13400,250092218002,0.982655304173993
S13403,250092218002,0.982655304173993
S13388,250092219011,0.999999984773966
S13389,250092219011,0.999999984773966
S13396,250092219011,0.000104581359624
S13398,250092219011,0.999999984773966
S13400,250092219011,0.999999984773966
S13403,250092219011,0.999999984773966
S13388,250092219012,1.000000005106320
S13389,250092219012,1.000000005106320
S13396,250092219012,0.000555526627184
S13398,250092219012,1.000000005106320
S13400,250092219012,1.000000005106320
S13403,250092219012,1.000000005106320
S13388,250092219013,0.987494121533390
S13389,250092219013,0.987494121533390
S13398,250092219013,0.992206713864477
S13400,250092219013,0.992206713864477
S13403,250092219013,0.992206713864477
S13388,250092219021,0.996817720575330
S13389,250092219021,0.996817720575330
S13398,250092219021,0.998162020515921
S13400,250092219021,0.998162020515921
S13403,250092219021,0.998162020515921
S13388,250092219022,1.000000001503752
S13389,250092219022,1.000000001503752
S13398,250092219022,0.999895346196526
S13400,250092219022,0.999895346196526
S13403,250092219022,0.999895346196526
S13388,250092219023,0.997786168455017
S13389,250092219023,0.997786168455017
S13398,250092219023,0.996940515379841
S13400,250092219023,0.996940515379841
S13403,250092219023,0.996940515379841
S13388,250092221001,0.999999995893977
S13389,250092221001,0.999999995893977
S13396,250092221001,0.000011354047930
S13398,250092221001,0.999999995893977
S13400,250092221001,0.999999995893977
S13403,250092221001,0.999999995893977
S13388,250092221002,1.000000007513373
S13389,250092221002,1.000000007513373
S13396,250092221002,0.000266553981532
S13398,250092221002,1.000000007513373
S13400,250092221002,1.000000007513373
S13403,250092221002,1.000000007513373
S13388,250092221003,1.000000036240160
S13389,250092221003,1.000000036240160
S13398,250092221003,0.997111624797001
S13400,250092221003,0.997111624797001
S13403,250092221003,0.997111624797001
S13388,250092231001,0.999999999087644
S13389,250092231001,0.999999999087644
S13396,250092231001,0.003570325251410
S13398,250092231001,0.999436507394186
S13400,250092231001,0.999436507394186
S13403,250092231001,0.999436507394186
S13396,250173603001,1.000000000000000
S13398,250173603001,1.000000000000000
S13400,250173603001,1.000000000000000
S13403,250173603001,1.000000000000000
S13390,250173603002,0.000002107267969
S13391,250173603002,0.000002107267969
S13392,250173603002,0.000002107267969
S13396,250173603002,1.000000002256244
S13398,250173603002,1.000000002256244
S13400,250173603002,1.000000002256244
S13403,250173603002,1.000000002256244
S13390,250173603003,0.000059614547752
S13391,250173603003,0.000059614547752
S13392,250173603003,0.000059614547752
S13396,250173603003,0.999556634031997
S13398,250173603003,0.999999990529651
S13400,250173603003,0.999999990529651
S13403,250173603003,0.999999990529651
S13396,250173603004,0.999998722049556
S13398,250173603004,1.000000004508640
S13400,250173603004,1.000000004508640
S13403,250173603004,1.000000004508640
S13396,250173603005,1.000000000000000
S13398,250173603005,1.000000000000000
S13400,250173603005,1.000000000000000
S13403,250173603005,1.000000000000000
S13396,250173611001,1.000000000000000
S13398,250173611001,1.000000000000000
S13400,250173611001,1.000000000000000
S13403,250173611001,1.000000000000000
S13396,250173611002,1.000000000000000
S13398,250173611002,1.000000000000000
S13400,250173611002,1.000000000000000
S13403,250173611002,1.000000000000000
S13396,250173611003,1.000000000000000
S13398,250173611003,1.000000000000000
S13400,250173611003,1.000000000000000
S13403,250173611003,1.000000000000000
S13390,250173611004,0.000057336776164
S13391,250173611004,0.000057336776164
S13392,250173611004,0.000057336776164
S13396,250173611004,0.999874569227814
S13398,250173611004,1.000000009228301
S13400,250173611004,1.000000009228301
S13403,250173611004,1.000000009228301
S13390,250173611005,0.000003586533645
S13391,250173611005,0.000003586533645
S13392,250173611005,0.000003586533645
S13396,250173611005,0.999978517894484
S13398,250173611005,0.999999996584778
S13400,250173611005,0.999999996584778
S13403,250173611005,0.999999996584778
S13390,250173612001,0.000001245868505
S13391,250173612001,0.000001245868505
S13392,250173612001,0.000001245868505
S13396,250173612001,0.999963337523964
S13398,250173612001,1.000000000095205
S13400,250173612001,1.000000000095205
S13403,250173612001,1.000000000095205
S13396,250173612002,1.000000000000000
S13398,250173612002,1.000000000000000
S13400,250173612002,1.000000000000000
S13403,250173612002,1.000000000000000
S13396,250173612003,1.000000000000000
S13398,250173612003,1.000000000000000
S13400,250173612003,1.000000000000000
S13403,250173612003,1.000000000000000
S13396,250173612004,1.000000000000000
S13398,250173612004,1.000000000000000
S13400,250173612004,1.000000000000000
S13403,250173612004,1.000000000000000
S13390,250173612005,0.000137877360471
S13391,250173612005,0.000137877360471
S13392,250173612005,0.000137877360471
S13396,250173612005,0.999713264988179
S13398,250173612005,1.000000001614948
S13400,250173612005,1.000000001614948
S13403,250173612005,1.000000001614948
S13396,250173613001,1.000000000000000
S13398,250173613001,1.000000000000000
S13400,250173613001,1.000000000000000
S13403,250173613001,1.000000000000000
S13396,250173613002,1.000000000000000
S13398,250173613002,1.000000000000000
S13400,250173613002,1.000000000000000
S13403,250173613002,1.000000000000000
S13396,250173613003,1.000000000000000
S13398,250173613003,1.000000000000000
S13400,250173613003,1.000000000000000
S13403,250173613003,1.000000000000000
S13396,250173613004,0.999909555230706
S13398,250173613004,0.999999997838692
S13400,250173613004,0.999999997838692
S13403,250173613004,0.999999997838692
S13396,250173613005,0.999922075742569
S13398,250173613005,0.999999999854192
S13400,250173613005,0.999999999854192
S13403,250173613005,0.999999999854192
S13396,250173621001,0.000010282727125
S13398,250173621001,1.000000000240472
S13400,250173621001,1.000000000240472
S13403,250173621001,1.000000000240472
S13396,250173621002,0.000090629616684
S13398,250173621002,0.999999998477602
S13400,250173621002,0.999999998477602
S13403,250173621002,0.999999998477602
S13398,250173631031,1.000000000000000
S13400,250173631031,1.000000000000000
S13403,250173631031,1.000000000000000
S13398,250173631032,1.000000000000000
S13400,250173631032,1.000000000000000
S13403,250173631032,1.000000000000000
S13396,250173631041,0.000012374471431
S13398,250173631041,1.000000005785239
S13400,250173631041,1.000000005785239
S13403,250173631041,1.000000005785239
S13396,250173631042,0.000097938637303
S13398,250173631042,0.999999997694337
S13400,250173631042,0.999999997694337
S13403,250173631042,0.999999997694337
S13390,250173631043,0.000000078336979
S13391,250173631043,0.000000078336979
S13392,250173631043,0.000000078336979
S13396,250173631043,0.000155072741535
S13398,250173631043,1.000000004640976
S13400,250173631043,1.000000004640976
S13403,250173631043,1.000000004640976
S13398,250173631044,1.000000000000000
S13400,250173631044,1.000000000000000
S13403,250173631044,1.000000000000000
S13396,250173631051,0.000045662316927
S13398,250173631051,0.999999985074281
S13400,250173631051,0.999999985074281
S13403,250173631051,0.999999985074281
S13398,250173631052,1.000000000000000
S13400,250173631052,1.000000000000000
S13403,250173631052,1.000000000000000
S13396,250173571001,1.000000000000000
S13398,250173571001,1.000000000000000
S13400,250173571001,1.000000000000000
S13403,250173571001,1.000000000000000
S13396,250173567042,1.000000000000000
S13398,250173567042,1.000000000000000
S13400,250173567042,1.000000000000000
S13403,250173567042,1.000000000000000
S13396,250173567043,1.000000000000000
S13398,250173567043,1.000000000000000
S13400,250173567043,1.000000000000000
S13403,250173567043,1.000000000000000
S13396,250173567044,1.000000000000000
S13398,250173567044,1.000000000000000
S13400,250173567044,1.000000000000000
S13403,250173567044,1.000000000000000
S13396,250173571002,1.000000000000000
S13398,250173571002,1.000000000000000
S13400,250173571002,1.000000000000000
S13403,250173571002,1.000000000000000
S13396,250173571003,1.000000000000000
S13398,250173571003,1.000000000000000
S13400,250173571003,1.000000000000000
S13403,250173571003,1.000000000000000
S13396,250173571004,1.000000000000000
S13398,250173571004,1.000000000000000
S13400,250173571004,1.000000000000000
S13403,250173571004,1.000000000000000
S13396,250173572001,1.000000000000000
S13398,250173572001,1.000000000000000
S13400,250173572001,1.000000000000000
S13403,250173572001,1.000000000000000
S13396,250173572002,1.000000000000000
S13398,250173572002,1.000000000000000
S13400,250173572002,1.000000000000000
S13403,250173572002,1.000000000000000
S13396,250173573001,1.000000000000000
S13398,250173573001,1.000000000000000
S13400,250173573001,1.000000000000000
S13403,250173573001,1.000000000000000
S13396,250173573002,1.000000000000000
S13398,250173573002,1.000000000000000
S13400,250173573002,1.000000000000000
S13403,250173573002,1.000000000000000
S13396,250173573003,1.000000000000000
S13398,250173573003,1.000000000000000
S13400,250173573003,1.000000000000000
S13403,250173573003,1.000000000000000
S13396,250173574001,1.000000000000000
S13398,250173574001,1.000000000000000
S13400,250173574001,1.000000000000000
S13403,250173574001,1.000000000000000
S13396,250173574002,1.000000000000000
S13398,250173574002,1.000000000000000
S13400,250173574002,1.000000000000000
S13403,250173574002,1.000000000000000
S13396,250214132011,1.000000000000000
S13398,250214132011,1.000000000000000
S13400,250214132011,1.000000000000000
S13403,250214132011,1.000000000000000
S13396,250214132012,1.000000000000000
S13398,250214132012,1.000000000000000
S13400,250214132012,1.000000000000000
S13403,250214132012,1.000000000000000
S13396,250214132013,1.000000000000000
S13398,250214132013,1.000000000000000
S13400,250214132013,1.000000000000000
S13403,250214132013,1.000000000000000
S13396,250214132021,1.000000000000000
S13398,250214132021,1.000000000000000
S13400,250214132021,1.000000000000000
S13403,250214132021,1.000000000000000
S13396,250214133001,1.000000000000000
S13398,250214133001,1.000000000000000
S13400,250214133001,1.000000000000000
S13403,250214133001,1.000000000000000
S13396,250214133002,1.000000000000000
S13398,250214133002,1.000000000000000
S13400,250214133002,1.000000000000000
S13403,250214133002,1.000000000000000
S13396,250214133003,1.000000000000000
S13398,250214133003,1.000000000000000
S13400,250214133003,1.000000000000000
S13403,250214133003,1.000000000000000
S13396,250214134011,1.000000000000000
S13398,250214134011,1.000000000000000
S13400,250214134011,1.000000000000000
S13403,250214134011,1.000000000000000
S13396,250214134012,1.000000000000000
S13398,250214134012,1.000000000000000
S13400,250214134012,1.000000000000000
S13403,250214134012,1.000000000000000
S13396,250214134013,1.000000000000000
S13398,250214134013,1.000000000000000
S13400,250214134013,1.000000000000000
S13403,250214134013,1.000000000000000
S13396,250214134021,1.000000076529171
S13397,250214134021,0.001285008966428
S13398,250214134021,1.000000076529171
S13400,250214134021,1.000000076529171
S13403,250214134021,1.000000076529171
S13396,250214134022,0.999999845982795
S13397,250214134022,0.000095523182611
S13398,250214134022,0.999999845982795
S13400,250214134022,0.999999845982795
S13403,250214134022,0.999999845982795
S13396,250214134023,1.000000000000000
S13398,250214134023,1.000000000000000
S13400,250214134023,1.000000000000000
S13403,250214134023,1.000000000000000
S13396,250214135001,1.000000038262889
S13397,250214135001,0.000141585817512
S13398,250214135001,1.000000038262889
S13400,250214135001,1.000000038262889
S13403,250214135001,1.000000038262889
S13396,250214135002,0.999999980662451
S13397,250214135002,0.000115264469356
S13398,250214135002,0.999999980662451
S13400,250214135002,0.999999980662451
S13403,250214135002,0.999999980662451
S13396,250214135003,1.000000021982270
S13397,250214135003,0.000804585534418
S13398,250214135003,1.000000021982270
S13400,250214135003,1.000000021982270
S13403,250214135003,1.000000021982270
S13396,250214141001,1.000000000000000
S13398,250214141001,1.000000000000000
S13400,250214141001,1.000000000000000
S13403,250214141001,1.000000000000000
S13396,250214141002,1.000000000000000
S13398,250214141002,1.000000000000000
S13400,250214141002,1.000000000000000
S13403,250214141002,1.000000000000000
S13396,250214141003,0.996480997020542
S13397,250214141003,0.000485156483395
S13398,250214141003,0.999999999029175
S13400,250214141003,0.999999999029175
S13403,250214141003,0.999999999029175
S13396,250173574003,1.000000000000000
S13398,250173574003,1.000000000000000
S13400,250173574003,1.000000000000000
S13403,250173574003,1.000000000000000
S13396,250173575001,1.000000000000000
S13398,250173575001,1.000000000000000
S13400,250173575001,1.000000000000000
S13403,250173575001,1.000000000000000
S13396,250173575002,1.000000000000000
S13398,250173575002,1.000000000000000
S13400,250173575002,1.000000000000000
S13403,250173575002,1.000000000000000
S13396,250173575003,1.000000000000000
S13398,250173575003,1.000000000000000
S13400,250173575003,1.000000000000000
S13403,250173575003,1.000000000000000
S13396,250173576001,1.000000000000000
S13398,250173576001,1.000000000000000
S13400,250173576001,1.000000000000000
S13403,250173576001,1.000000000000000
S13396,250173576002,1.000000000000000
S13398,250173576002,1.000000000000000
S13400,250173576002,1.000000000000000
S13403,250173576002,1.000000000000000
S13396,250173577001,1.000000000000000
S13398,250173577001,1.000000000000000
S13400,250173577001,1.000000000000000
S13403,250173577001,1.000000000000000
S13396,250173577002,1.000000000000000
S13398,250173577002,1.000000000000000
S13400,250173577002,1.000000000000000
S13403,250173577002,1.000000000000000
S13396,250173577003,1.000000000000000
S13398,250173577003,1.000000000000000
S13400,250173577003,1.000000000000000
S13403,250173577003,1.000000000000000
S13396,250173577004,1.000000000000000
S13398,250173577004,1.000000000000000
S13400,250173577004,1.000000000000000
S13403,250173577004,1.000000000000000
S13396,250173578001,1.000000000000000
S13398,250173578001,1.000000000000000
S13400,250173578001,1.000000000000000
S13403,250173578001,1.000000000000000
S13396,250173578002,1.000000000000000
S13398,250173578002,1.000000000000000
S13400,250173578002,1.000000000000000
S13403,250173578002,1.000000000000000
S13396,250173578003,1.000000000000000
S13398,250173578003,1.000000000000000
S13400,250173578003,1.000000000000000
S13403,250173578003,1.000000000000000
S13396,250173578004,1.000000000000000
S13398,250173578004,1.000000000000000
S13400,250173578004,1.000000000000000
S13403,250173578004,1.000000000000000
S13396,250173581001,1.000000000000000
S13398,250173581001,1.000000000000000
S13400,250173581001,1.000000000000000
S13403,250173581001,1.000000000000000
S13396,250173581002,1.000000000000000
S13398,250173581002,1.000000000000000
S13400,250173581002,1.000000000000000
S13403,250173581002,1.000000000000000
S13396,250173581003,1.000000000000000
S13398,250173581003,1.000000000000000
S13400,250173581003,1.000000000000000
S13403,250173581003,1.000000000000000
S13396,250173581004,1.000000000000000
S13398,250173581004,1.000000000000000
S13400,250173581004,1.000000000000000
S13403,250173581004,1.000000000000000
S13396,250173583001,1.000000000000000
S13398,250173583001,1.000000000000000
S13400,250173583001,1.000000000000000
S13403,250173583001,1.000000000000000
S13396,250173583002,1.000000000000000
S13398,250173583002,1.000000000000000
S13400,250173583002,1.000000000000000
S13403,250173583002,1.000000000000000
S13396,250173583003,1.000000000000000
S13398,250173583003,1.000000000000000
S13400,250173583003,1.000000000000000
S13403,250173583003,1.000000000000000
S13396,250173583004,1.000000000000000
S13398,250173583004,1.000000000000000
S13400,250173583004,1.000000000000000
S13403,250173583004,1.000000000000000
S13396,250173584001,1.000000000000000
S13398,250173584001,1.000000000000000
S13400,250173584001,1.000000000000000
S13403,250173584001,1.000000000000000
S13395,250214131007,0.000109858658375
S13396,250214131007,1.000000002811639
S13398,250214131007,1.000000002811639
S13400,250214131007,1.000000002811639
S13403,250214131007,1.000000002811639
S13396,250214131004,1.000000000000000
S13398,250214131004,1.000000000000000
S13400,250214131004,1.000000000000000
S13403,250214131004,1.000000000000000
S13396,250214131005,1.000000000000000
S13398,250214131005,1.000000000000000
S13400,250214131005,1.000000000000000
S13403,250214131005,1.000000000000000
S13395,250214131006,0.004207640780843
S13396,250214131006,1.000000029131270
S13398,250214131006,1.000000029131270
S13400,250214131006,1.000000029131270
S13403,250214131006,1.000000029131270
S13395,250214141004,0.001416870413021
S13396,250214141004,0.999999999307417
S13398,250214141004,0.999999999307417
S13400,250214141004,0.999999999307417
S13403,250214141004,0.999999999307417
S13396,250214141005,1.000000004221222
S13397,250214141005,0.001722504069036
S13398,250214141005,1.000000004221222
S13400,250214141005,1.000000004221222
S13403,250214141005,1.000000004221222
S13396,250214142001,0.999676589085054
S13398,250214142001,1.000000002619444
S13400,250214142001,1.000000002619444
S13403,250214142001,1.000000002619444
S13396,250214142002,0.958496173935384
S13398,250214142002,1.000000002594775
S13400,250214142002,1.000000002594775
S13403,250214142002,1.000000002594775
S13396,250214142003,1.000000000000000
S13398,250214142003,1.000000000000000
S13400,250214142003,1.000000000000000
S13403,250214142003,1.000000000000000
S13396,250214142004,0.999817180132009
S13398,250214142004,0.999999999539499
S13400,250214142004,0.999999999539499
S13403,250214142004,0.999999999539499
S13396,250214143001,1.000000000000000
S13398,250214143001,1.000000000000000
S13400,250214143001,1.000000000000000
S13403,250214143001,1.000000000000000
S13396,250214143002,1.000000000000000
S13398,250214143002,1.000000000000000
S13400,250214143002,1.000000000000000
S13403,250214143002,1.000000000000000
S13396,250214143003,0.999988635345722
S13398,250214143003,1.000000003436998
S13400,250214143003,1.000000003436998
S13403,250214143003,1.000000003436998
S13396,250214143004,0.994708851494560
S13398,250214143004,1.000000012453294
S13400,250214143004,1.000000012453294
S13403,250214143004,1.000000012453294
S13395,250214151011,1.000000000000000
S13396,250214151011,1.000000000000000
S13398,250214151011,1.000000000000000
S13400,250214151011,1.000000000000000
S13403,250214151011,1.000000000000000
S13395,250214151012,0.970895856170013
S13396,250214151012,1.000000012899873
S13398,250214151012,1.000000012899873
S13400,250214151012,1.000000012899873
S13403,250214151012,1.000000012899873
S13396,250250923002,1.000000000000000
S13398,250250923002,1.000000000000000
S13400,250250923002,1.000000000000000
S13403,250250923002,1.000000000000000
S13396,250250922003,1.000000000000000
S13398,250250922003,1.000000000000000
S13400,250250922003,1.000000000000000
S13403,250250922003,1.000000000000000
S13396,250250922004,1.000000000000000
S13398,250250922004,1.000000000000000
S13400,250250922004,1.000000000000000
S13403,250250922004,1.000000000000000
S13396,250250923001,1.000000000000000
S13398,250250923001,1.000000000000000
S13400,250250923001,1.000000000000000
S13403,250250923001,1.000000000000000
S13396,250250923003,1.000000000000000
S13398,250250923003,1.000000000000000
S13400,250250923003,1.000000000000000
S13403,250250923003,1.000000000000000
S13396,250250923004,1.000000000000000
S13398,250250923004,1.000000000000000
S13400,250250923004,1.000000000000000
S13403,250250923004,1.000000000000000
S13396,250250924001,1.000000000000000
S13398,250250924001,1.000000000000000
S13400,250250924001,1.000000000000000
S13403,250250924001,1.000000000000000
S13396,250250924002,1.000000000000000
S13398,250250924002,1.000000000000000
S13400,250250924002,1.000000000000000
S13403,250250924002,1.000000000000000
S13396,250250924003,1.000000000000000
S13398,250250924003,1.000000000000000
S13400,250250924003,1.000000000000000
S13403,250250924003,1.000000000000000
S13396,250250924004,1.000000000000000
S13398,250250924004,1.000000000000000
S13400,250250924004,1.000000000000000
S13403,250250924004,1.000000000000000
S13396,250250924005,1.000000000000000
S13398,250250924005,1.000000000000000
S13400,250250924005,1.000000000000000
S13403,250250924005,1.000000000000000
S13396,250251001001,1.000000000000000
S13398,250251001001,1.000000000000000
S13400,250251001001,1.000000000000000
S13403,250251001001,1.000000000000000
S13396,250251001002,1.000000000000000
S13398,250251001002,1.000000000000000
S13400,250251001002,1.000000000000000
S13403,250251001002,1.000000000000000
S13396,250251001003,1.000000000000000
S13398,250251001003,1.000000000000000
S13400,250251001003,1.000000000000000
S13403,250251001003,1.000000000000000
S13396,250251001004,1.000000000000000
S13398,250251001004,1.000000000000000
S13400,250251001004,1.000000000000000
S13403,250251001004,1.000000000000000
S13396,250251001005,1.000000000000000
S13398,250251001005,1.000000000000000
S13400,250251001005,1.000000000000000
S13403,250251001005,1.000000000000000
S13396,250251001006,1.000000000000000
S13398,250251001006,1.000000000000000
S13400,250251001006,1.000000000000000
S13403,250251001006,1.000000000000000
S13396,250251001007,1.000000000000000
S13398,250251001007,1.000000000000000
S13400,250251001007,1.000000000000000
S13403,250251001007,1.000000000000000
S13396,250251002001,1.000000000000000
S13398,250251002001,1.000000000000000
S13400,250251002001,1.000000000000000
S13403,250251002001,1.000000000000000
S13396,250251002002,1.000000000000000
S13398,250251002002,1.000000000000000
S13400,250251002002,1.000000000000000
S13403,250251002002,1.000000000000000
S13396,250251002003,1.000000000000000
S13398,250251002003,1.000000000000000
S13400,250251002003,1.000000000000000
S13403,250251002003,1.000000000000000
S13396,250251003001,1.000000000000000
S13398,250251003001,1.000000000000000
S13400,250251003001,1.000000000000000
S13403,250251003001,1.000000000000000
S13396,250251003002,1.000000000000000
S13398,250251003002,1.000000000000000
S13400,250251003002,1.000000000000000
S13403,250251003002,1.000000000000000
S13396,250251003003,1.000000000000000
S13398,250251003003,1.000000000000000
S13400,250251003003,1.000000000000000
S13403,250251003003,1.000000000000000
S13396,250251003004,1.000000000000000
S13398,250251003004,1.000000000000000
S13400,250251003004,1.000000000000000
S13403,250251003004,1.000000000000000
S13396,250251004001,1.000000000000000
S13398,250251004001,1.000000000000000
S13400,250251004001,1.000000000000000
S13403,250251004001,1.000000000000000
S13396,250251004002,1.000000000000000
S13398,250251004002,1.000000000000000
S13400,250251004002,1.000000000000000
S13403,250251004002,1.000000000000000
S13396,250251004003,1.000000000000000
S13398,250251004003,1.000000000000000
S13400,250251004003,1.000000000000000
S13403,250251004003,1.000000000000000
S13396,250251004004,1.000000000000000
S13398,250251004004,1.000000000000000
S13400,250251004004,1.000000000000000
S13403,250251004004,1.000000000000000
S13396,250251005001,1.000000000000000
S13398,250251005001,1.000000000000000
S13400,250251005001,1.000000000000000
S13403,250251005001,1.000000000000000
S13396,250251005002,1.000000000000000
S13398,250251005002,1.000000000000000
S13400,250251005002,1.000000000000000
S13403,250251005002,1.000000000000000
S13396,250251005003,1.000000000000000
S13398,250251005003,1.000000000000000
S13400,250251005003,1.000000000000000
S13403,250251005003,1.000000000000000
S13396,250251005004,1.000000000000000
S13398,250251005004,1.000000000000000
S13400,250251005004,1.000000000000000
S13403,250251005004,1.000000000000000
S13396,250251005005,1.000000000000000
S13398,250251005005,1.000000000000000
S13400,250251005005,1.000000000000000
S13403,250251005005,1.000000000000000
S13396,250251006011,1.000000000000000
S13398,250251006011,1.000000000000000
S13400,250251006011,1.000000000000000
S13403,250251006011,1.000000000000000
S13396,250251006012,1.000000000000000
S13398,250251006012,1.000000000000000
S13400,250251006012,1.000000000000000
S13403,250251006012,1.000000000000000
S13396,250251006013,1.000000000000000
S13398,250251006013,1.000000000000000
S13400,250251006013,1.000000000000000
S13403,250251006013,1.000000000000000
S13396,250251006014,1.000000000000000
S13398,250251006014,1.000000000000000
S13400,250251006014,1.000000000000000
S13403,250251006014,1.000000000000000
S13396,250251006031,1.000000000000000
S13398,250251006031,1.000000000000000
S13400,250251006031,1.000000000000000
S13403,250251006031,1.000000000000000
S13396,250173361004,1.000000000000000
S13398,250173361004,1.000000000000000
S13400,250173361004,1.000000000000000
S13403,250173361004,1.000000000000000
S13396,250173361005,1.000000000000000
S13398,250173361005,1.000000000000000
S13400,250173361005,1.000000000000000
S13403,250173361005,1.000000000000000
S13396,250173362011,1.000000000000000
S13398,250173362011,1.000000000000000
S13400,250173362011,1.000000000000000
S13403,250173362011,1.000000000000000
S13396,250173362012,1.000000000000000
S13398,250173362012,1.000000000000000
S13400,250173362012,1.000000000000000
S13403,250173362012,1.000000000000000
S13396,250173362013,1.000000000000000
S13398,250173362013,1.000000000000000
S13400,250173362013,1.000000000000000
S13403,250173362013,1.000000000000000
S13396,250173362021,1.000000000000000
S13398,250173362021,1.000000000000000
S13400,250173362021,1.000000000000000
S13403,250173362021,1.000000000000000
S13396,250173362022,1.000000000000000
S13398,250173362022,1.000000000000000
S13400,250173362022,1.000000000000000
S13403,250173362022,1.000000000000000
S13396,250173362023,1.000000000000000
S13398,250173362023,1.000000000000000
S13400,250173362023,1.000000000000000
S13403,250173362023,1.000000000000000
S13396,250173362024,1.000000000000000
S13398,250173362024,1.000000000000000
S13400,250173362024,1.000000000000000
S13403,250173362024,1.000000000000000
S13396,250173363001,1.000000000000000
S13398,250173363001,1.000000000000000
S13400,250173363001,1.000000000000000
S13403,250173363001,1.000000000000000
S13396,250173363002,1.000000000000000
S13398,250173363002,1.000000000000000
S13400,250173363002,1.000000000000000
S13403,250173363002,1.000000000000000
S13396,250173363003,1.000000000000000
S13398,250173363003,1.000000000000000
S13400,250173363003,1.000000000000000
S13403,250173363003,1.000000000000000
S13396,250173363004,1.000000000000000
S13398,250173363004,1.000000000000000
S13400,250173363004,1.000000000000000
S13403,250173363004,1.000000000000000
S13396,250173363005,1.000000000000000
S13398,250173363005,1.000000000000000
S13400,250173363005,1.000000000000000
S13403,250173363005,1.000000000000000
S13396,250173363006,1.000000000000000
S13398,250173363006,1.000000000000000
S13400,250173363006,1.000000000000000
S13403,250173363006,1.000000000000000
S13396,250173364021,1.000000000000000
S13398,250173364021,1.000000000000000
S13400,250173364021,1.000000000000000
S13403,250173364021,1.000000000000000
S13396,250173364022,1.000000000000000
S13398,250173364022,1.000000000000000
S13400,250173364022,1.000000000000000
S13403,250173364022,1.000000000000000
S13396,250173364023,1.000000000000000
S13398,250173364023,1.000000000000000
S13400,250173364023,1.000000000000000
S13403,250173364023,1.000000000000000
S13396,250173364024,1.000000000000000
S13398,250173364024,1.000000000000000
S13400,250173364024,1.000000000000000
S13403,250173364024,1.000000000000000
S13396,250173364031,1.000000000000000
S13398,250173364031,1.000000000000000
S13400,250173364031,1.000000000000000
S13403,250173364031,1.000000000000000
S13396,250173364032,1.000000000000000
S13398,250173364032,1.000000000000000
S13400,250173364032,1.000000000000000
S13403,250173364032,1.000000000000000
S13396,250173364041,1.000000000000000
S13398,250173364041,1.000000000000000
S13400,250173364041,1.000000000000000
S13403,250173364041,1.000000000000000
S13396,250173364042,1.000000000000000
S13398,250173364042,1.000000000000000
S13400,250173364042,1.000000000000000
S13403,250173364042,1.000000000000000
S13396,250173371011,1.000000000000000
S13398,250173371011,1.000000000000000
S13400,250173371011,1.000000000000000
S13403,250173371011,1.000000000000000
S13396,250173371012,1.000000000000000
S13398,250173371012,1.000000000000000
S13400,250173371012,1.000000000000000
S13403,250173371012,1.000000000000000
S13396,250173371021,1.000000000000000
S13398,250173371021,1.000000000000000
S13400,250173371021,1.000000000000000
S13403,250173371021,1.000000000000000
S13396,250214572001,1.000000000000000
S13398,250214572001,1.000000000000000
S13400,250214572001,1.000000000000000
S13403,250214572001,1.000000000000000
S13396,250214572002,1.000000000000000
S13398,250214572002,1.000000000000000
S13400,250214572002,1.000000000000000
S13403,250214572002,1.000000000000000
S13396,250214572003,1.000000000000000
S13398,250214572003,1.000000000000000
S13400,250214572003,1.000000000000000
S13403,250214572003,1.000000000000000
S13396,250214572004,1.000000000000000
S13398,250214572004,1.000000000000000
S13400,250214572004,1.000000000000000
S13403,250214572004,1.000000000000000
S13396,250214572005,1.000000000000000
S13398,250214572005,1.000000000000000
S13400,250214572005,1.000000000000000
S13403,250214572005,1.000000000000000
S13395,250219800001,0.008606242603230
S13396,250219800001,1.000000004805988
S13398,250219800001,1.000000004805988
S13400,250219800001,1.000000004805988
S13403,250219800001,1.000000004805988
S13395,250235001011,0.742934856478371
S13396,250235001011,0.990044485933227
S13398,250235001011,0.990051841017091
S13400,250235001011,0.990051841017091
S13403,250235001011,0.990051841017091
S13395,250235001012,1.000000000000000
S13396,250235001012,1.000000000000000
S13398,250235001012,1.000000000000000
S13400,250235001012,1.000000000000000
S13403,250235001012,1.000000000000000
S13395,250235001013,1.000000000000000
S13396,250235001013,1.000000000000000
S13398,250235001013,1.000000000000000
S13400,250235001013,1.000000000000000
S13403,250235001013,1.000000000000000
S13395,250235001031,0.992316361244509
S13396,250235001031,0.992718154259860
S13398,250235001031,0.992592666451100
S13400,250235001031,0.992592666451100
S13403,250235001031,0.992592666451100
S13395,250235001032,0.999978784324757
S13396,250235001032,0.999978784324757
S13398,250235001032,0.999999978937327
S13400,250235001032,0.999999978937327
S13403,250235001032,0.999999978937327
S13395,250235001041,0.917100163900596
S13396,250235001041,1.000000000000000
S13398,250235001041,1.000000000000000
S13400,250235001041,1.000000000000000
S13403,250235001041,1.000000000000000
S13395,250235001042,1.000000000000000
S13396,250235001042,1.000000000000000
S13398,250235001042,1.000000000000000
S13400,250235001042,1.000000000000000
S13403,250235001042,1.000000000000000
S13395,250235001043,0.976590709551522
S13396,250235001043,0.988079429185371
S13398,250235001043,0.988259750593426
S13400,250235001043,0.988259750593426
S13403,250235001043,0.988259750593426
S13395,250235001044,1.000000000000000
S13396,250235001044,1.000000000000000
S13398,250235001044,1.000000000000000
S13400,250235001044,1.000000000000000
S13403,250235001044,1.000000000000000
S13395,250235011011,0.999301132952183
S13396,250235011011,0.999301132952183
S13398,250235011011,0.999274827355168
S13400,250235011011,0.999274827355168
S13403,250235011011,0.999274827355168
S13395,250235011012,0.998648279527980
S13396,250235011012,0.998648279527980
S13398,250235011012,0.998935840151242
S13400,250235011012,0.998935840151242
S13403,250235011012,0.998935840151242
S13395,250235011013,1.000000000000000
S13396,250235011013,1.000000000000000
S13398,250235011013,1.000000000000000
S13400,250235011013,1.000000000000000
S13403,250235011013,1.000000000000000
S13395,250235011021,1.000000000000000
S13396,250235011021,1.000000000000000
S13398,250235011021,1.000000000000000
S13400,250235011021,1.000000000000000
S13403,250235011021,1.000000000000000
S13395,250235011022,1.000000000000000
S13396,250235011022,1.000000000000000
S13398,250235011022,1.000000000000000
S13400,250235011022,1.000000000000000
S13403,250235011022,1.000000000000000
S13395,250235011023,1.000000000000000
S13396,250235011023,1.000000000000000
S13398,250235011023,1.000000000000000
S13400,250235011023,1.000000000000000
S13403,250235011023,1.000000000000000
S13395,250235011024,0.998808112617419
S13396,250235011024,0.998808112617419
S13398,250235011024,0.998810992085115
S13400,250235011024,0.998810992085115
S13403,250235011024,0.998810992085115
S13395,250235012011,1.000000000000000
S13396,250235012011,1.000000000000000
S13398,250235012011,1.000000000000000
S13400,250235012011,1.000000000000000
S13403,250235012011,1.000000000000000
S13395,250235012012,1.000000000000000
S13396,250235012012,1.000000000000000
S13398,250235012012,1.000000000000000
S13400,250235012012,1.000000000000000
S13403,250235012012,1.000000000000000
S13396,250173372024,1.000000000000000
S13398,250173372024,1.000000000000000
S13400,250173372024,1.000000000000000
S13403,250173372024,1.000000000000000
S13396,250173373001,1.000000000000000
S13398,250173373001,1.000000000000000
S13400,250173373001,1.000000000000000
S13403,250173373001,1.000000000000000
S13396,250173373002,1.000000000000000
S13398,250173373002,1.000000000000000
S13400,250173373002,1.000000000000000
S13403,250173373002,1.000000000000000
S13396,250173373003,1.000000000000000
S13398,250173373003,1.000000000000000
S13400,250173373003,1.000000000000000
S13403,250173373003,1.000000000000000
S13396,250173373004,1.000000000000000
S13398,250173373004,1.000000000000000
S13400,250173373004,1.000000000000000
S13403,250173373004,1.000000000000000
S13396,250173373005,1.000000000000000
S13398,250173373005,1.000000000000000
S13400,250173373005,1.000000000000000
S13403,250173373005,1.000000000000000
S13396,250173381001,1.000000000000000
S13398,250173381001,1.000000000000000
S13400,250173381001,1.000000000000000
S13403,250173381001,1.000000000000000
S13396,250173381002,1.000000000000000
S13398,250173381002,1.000000000000000
S13400,250173381002,1.000000000000000
S13403,250173381002,1.000000000000000
S13396,250173382001,1.000000000000000
S13398,250173382001,1.000000000000000
S13400,250173382001,1.000000000000000
S13403,250173382001,1.000000000000000
S13396,250173382002,1.000000000000000
S13398,250173382002,1.000000000000000
S13400,250173382002,1.000000000000000
S13403,250173382002,1.000000000000000
S13396,250173382003,1.000000000000000
S13398,250173382003,1.000000000000000
S13400,250173382003,1.000000000000000
S13403,250173382003,1.000000000000000
S13396,250173383001,1.000000000000000
S13398,250173383001,1.000000000000000
S13400,250173383001,1.000000000000000
S13403,250173383001,1.000000000000000
S13396,250173383002,1.000000000000000
S13398,250173383002,1.000000000000000
S13400,250173383002,1.000000000000000
S13403,250173383002,1.000000000000000
S13396,250173383003,1.000000000000000
S13398,250173383003,1.000000000000000
S13400,250173383003,1.000000000000000
S13403,250173383003,1.000000000000000
S13396,250173384001,1.000000000000000
S13398,250173384001,1.000000000000000
S13400,250173384001,1.000000000000000
S13403,250173384001,1.000000000000000
S13396,250173384002,1.000000000000000
S13398,250173384002,1.000000000000000
S13400,250173384002,1.000000000000000
S13403,250173384002,1.000000000000000
S13396,250173384003,1.000000000000000
S13398,250173384003,1.000000000000000
S13400,250173384003,1.000000000000000
S13403,250173384003,1.000000000000000
S13396,250173384004,1.000000000000000
S13398,250173384004,1.000000000000000
S13400,250173384004,1.000000000000000
S13403,250173384004,1.000000000000000
S13396,250173385001,1.000000000000000
S13398,250173385001,1.000000000000000
S13400,250173385001,1.000000000000000
S13403,250173385001,1.000000000000000
S13396,250173385002,1.000000000000000
S13398,250173385002,1.000000000000000
S13400,250173385002,1.000000000000000
S13403,250173385002,1.000000000000000
S13396,250173385003,1.000000000000000
S13398,250173385003,1.000000000000000
S13400,250173385003,1.000000000000000
S13403,250173385003,1.000000000000000
S13396,250173385004,1.000000000000000
S13398,250173385004,1.000000000000000
S13400,250173385004,1.000000000000000
S13403,250173385004,1.000000000000000
S13396,250173391011,1.000000000000000
S13398,250173391011,1.000000000000000
S13400,250173391011,1.000000000000000
S13403,250173391011,1.000000000000000
S13396,250173391012,1.000000000000000
S13398,250173391012,1.000000000000000
S13400,250173391012,1.000000000000000
S13403,250173391012,1.000000000000000
S13396,250173391013,1.000000000000000
S13398,250173391013,1.000000000000000
S13400,250173391013,1.000000000000000
S13403,250173391013,1.000000000000000
S13396,250173372012,1.000000000000000
S13398,250173372012,1.000000000000000
S13400,250173372012,1.000000000000000
S13403,250173372012,1.000000000000000
S13396,250173371022,1.000000000000000
S13398,250173371022,1.000000000000000
S13400,250173371022,1.000000000000000
S13403,250173371022,1.000000000000000
S13396,250173371023,1.000000000000000
S13398,250173371023,1.000000000000000
S13400,250173371023,1.000000000000000
S13403,250173371023,1.000000000000000
S13396,250173372011,1.000000000000000
S13398,250173372011,1.000000000000000
S13400,250173372011,1.000000000000000
S13403,250173372011,1.000000000000000
S13396,250173372013,1.000000000000000
S13398,250173372013,1.000000000000000
S13400,250173372013,1.000000000000000
S13403,250173372013,1.000000000000000
S13396,250173372021,1.000000000000000
S13398,250173372021,1.000000000000000
S13400,250173372021,1.000000000000000
S13403,250173372021,1.000000000000000
S13396,250173372022,1.000000000000000
S13398,250173372022,1.000000000000000
S13400,250173372022,1.000000000000000
S13403,250173372022,1.000000000000000
S13396,250173372023,1.000000000000000
S13398,250173372023,1.000000000000000
S13400,250173372023,1.000000000000000
S13403,250173372023,1.000000000000000
S13396,250214021021,1.000000000000000
S13398,250214021021,1.000000000000000
S13400,250214021021,1.000000000000000
S13403,250214021021,1.000000000000000
S13396,250214021012,1.000000000000000
S13398,250214021012,1.000000000000000
S13400,250214021012,1.000000000000000
S13403,250214021012,1.000000000000000
S13396,250214021013,1.000000000000000
S13398,250214021013,1.000000000000000
S13400,250214021013,1.000000000000000
S13403,250214021013,1.000000000000000
S13396,250214021022,1.000000000000000
S13398,250214021022,1.000000000000000
S13400,250214021022,1.000000000000000
S13403,250214021022,1.000000000000000
S13396,250214021023,1.000000000000000
S13398,250214021023,1.000000000000000
S13400,250214021023,1.000000000000000
S13403,250214021023,1.000000000000000
S13396,250214022001,1.000000000000000
S13398,250214022001,1.000000000000000
S13400,250214022001,1.000000000000000
S13403,250214022001,1.000000000000000
S13396,250214022002,1.000000000000000
S13398,250214022002,1.000000000000000
S13400,250214022002,1.000000000000000
S13403,250214022002,1.000000000000000
S13396,250214023001,1.000000000000000
S13398,250214023001,1.000000000000000
S13400,250214023001,1.000000000000000
S13403,250214023001,1.000000000000000
S13396,250214023002,1.000000000000000
S13398,250214023002,1.000000000000000
S13400,250214023002,1.000000000000000
S13403,250214023002,1.000000000000000
S13395,250214023003,0.000006408068227
S13396,250214023003,1.000000002084049
S13398,250214023003,1.000000002084049
S13400,250214023003,1.000000002084049
S13403,250214023003,1.000000002084049
S13396,250214024001,1.000000000000000
S13398,250214024001,1.000000000000000
S13400,250214024001,1.000000000000000
S13403,250214024001,1.000000000000000
S13396,250214024002,1.000000000000000
S13398,250214024002,1.000000000000000
S13400,250214024002,1.000000000000000
S13403,250214024002,1.000000000000000
S13396,250214024003,1.000000000000000
S13398,250214024003,1.000000000000000
S13400,250214024003,1.000000000000000
S13403,250214024003,1.000000000000000
S13396,250214024004,1.000000000000000
S13398,250214024004,1.000000000000000
S13400,250214024004,1.000000000000000
S13403,250214024004,1.000000000000000
S13396,250214024005,1.000000000000000
S13398,250214024005,1.000000000000000
S13400,250214024005,1.000000000000000
S13403,250214024005,1.000000000000000
S13396,250214025001,1.000000000000000
S13398,250214025001,1.000000000000000
S13400,250214025001,1.000000000000000
S13403,250214025001,1.000000000000000
S13396,250214025002,1.000000000000000
S13398,250214025002,1.000000000000000
S13400,250214025002,1.000000000000000
S13403,250214025002,1.000000000000000
S13396,250214025003,1.000000000000000
S13398,250214025003,1.000000000000000
S13400,250214025003,1.000000000000000
S13403,250214025003,1.000000000000000
S13396,250214031001,1.000000000000000
S13398,250214031001,1.000000000000000
S13400,250214031001,1.000000000000000
S13403,250214031001,1.000000000000000
S13396,250250612021,0.998838493212494
S13398,250250612021,0.998847005333406
S13400,250250612021,0.998847005333406
S13403,250250612021,0.998847005333406
S13396,250250612031,0.984630392531854
S13398,250250612031,0.984184254594681
S13400,250250612031,0.984184254594681
S13403,250250612031,0.984184254594681
S13396,250250612041,0.932258365267069
S13398,250250612041,0.931195794587803
S13400,250250612041,0.931195794587803
S13403,250250612041,0.931195794587803
S13396,250250701021,1.000000000000000
S13398,250250701021,1.000000000000000
S13400,250250701021,1.000000000000000
S13403,250250701021,1.000000000000000
S13396,250250701022,1.000000000000000
S13398,250250701022,1.000000000000000
S13400,250250701022,1.000000000000000
S13403,250250701022,1.000000000000000
S13396,250250701023,1.000000000000000
S13398,250250701023,1.000000000000000
S13400,250250701023,1.000000000000000
S13403,250250701023,1.000000000000000
S13396,250250701031,1.000000000000000
S13398,250250701031,1.000000000000000
S13400,250250701031,1.000000000000000
S13403,250250701031,1.000000000000000
S13396,250250701041,0.841589686558259
S13398,250250701041,0.843332485297785
S13400,250250701041,0.843332485297785
S13403,250250701041,0.843332485297785
S13396,250250701042,1.000000000000000
S13398,250250701042,1.000000000000000
S13400,250250701042,1.000000000000000
S13403,250250701042,1.000000000000000
S13396,250250701043,1.000000000000000
S13398,250250701043,1.000000000000000
S13400,250250701043,1.000000000000000
S13403,250250701043,1.000000000000000
S13396,250250702011,1.000000000000000
S13398,250250702011,1.000000000000000
S13400,250250702011,1.000000000000000
S13403,250250702011,1.000000000000000
S13396,250250702012,1.000000000000000
S13398,250250702012,1.000000000000000
S13400,250250702012,1.000000000000000
S13403,250250702012,1.000000000000000
S13396,250250702021,1.000000000000000
S13398,250250702021,1.000000000000000
S13400,250250702021,1.000000000000000
S13403,250250702021,1.000000000000000
S13396,250250702022,1.000000000000000
S13398,250250702022,1.000000000000000
S13400,250250702022,1.000000000000000
S13403,250250702022,1.000000000000000
S13396,250250703011,1.000000000000000
S13398,250250703011,1.000000000000000
S13400,250250703011,1.000000000000000
S13403,250250703011,1.000000000000000
S13396,250250703012,1.000000000000000
S13398,250250703012,1.000000000000000
S13400,250250703012,1.000000000000000
S13403,250250703012,1.000000000000000
S13396,250250703021,1.000000000000000
S13398,250250703021,1.000000000000000
S13400,250250703021,1.000000000000000
S13403,250250703021,1.000000000000000
S13396,250250703022,1.000000000000000
S13398,250250703022,1.000000000000000
S13400,250250703022,1.000000000000000
S13403,250250703022,1.000000000000000
S13396,250250703023,1.000000000000000
S13398,250250703023,1.000000000000000
S13400,250250703023,1.000000000000000
S13403,250250703023,1.000000000000000
S13396,250250704021,1.000000000000000
S13398,250250704021,1.000000000000000
S13400,250250704021,1.000000000000000
S13403,250250704021,1.000000000000000
S13396,250250704022,1.000000000000000
S13398,250250704022,1.000000000000000
S13400,250250704022,1.000000000000000
S13403,250250704022,1.000000000000000
S13396,250250408011,1.000000000000000
S13398,250250408011,1.000000000000000
S13400,250250408011,1.000000000000000
S13403,250250408011,1.000000000000000
S13396,250250404012,0.986690189223275
S13398,250250404012,0.986985551365589
S13400,250250404012,0.986985551365589
S13403,250250404012,0.986985551365589
S13396,250250406001,0.978111549512057
S13398,250250406001,0.977602657633055
S13400,250250406001,0.977602657633055
S13403,250250406001,0.977602657633055
S13396,250250406002,1.000000000000000
S13398,250250406002,1.000000000000000
S13400,250250406002,1.000000000000000
S13403,250250406002,1.000000000000000
S13396,250250408012,0.841565622035100
S13398,250250408012,0.844470074253371
S13400,250250408012,0.844470074253371
S13403,250250408012,0.844470074253371
S13396,250250408013,0.973548250626712
S13398,250250408013,0.974304812696043
S13400,250250408013,0.974304812696043
S13403,250250408013,0.974304812696043
S13396,250250501011,1.000000000000000
S13398,250250501011,1.000000000000000
S13400,250250501011,1.000000000000000
S13403,250250501011,1.000000000000000
S13396,250250501012,0.850111657878475
S13398,250250501012,0.850234363217551
S13400,250250501012,0.850234363217551
S13403,250250501012,0.850234363217551
S13396,250250501013,1.000000000000000
S13398,250250501013,1.000000000000000
S13400,250250501013,1.000000000000000
S13403,250250501013,1.000000000000000
S13396,250250502001,1.000000000000000
S13398,250250502001,1.000000000000000
S13400,250250502001,1.000000000000000
S13403,250250502001,1.000000000000000
S13396,250250502002,1.000000000000000
S13398,250250502002,1.000000000000000
S13400,250250502002,1.000000000000000
S13403,250250502002,1.000000000000000
S13396,250250502003,1.000000000000000
S13398,250250502003,1.000000000000000
S13400,250250502003,1.000000000000000
S13403,250250502003,1.000000000000000
S13396,250250502004,1.000000000000000
S13398,250250502004,1.000000000000000
S13400,250250502004,1.000000000000000
S13403,250250502004,1.000000000000000
S13396,250250503001,0.976436855776061
S13398,250250503001,0.978321148882896
S13400,250250503001,0.978321148882896
S13403,250250503001,0.978321148882896
S13396,250250503002,1.000000000000000
S13398,250250503002,1.000000000000000
S13400,250250503002,1.000000000000000
S13403,250250503002,1.000000000000000
S13396,250250503003,0.969615001710333
S13398,250250503003,0.967758959891444
S13400,250250503003,0.967758959891444
S13403,250250503003,0.967758959891444
S13396,250250504001,1.000000000000000
S13398,250250504001,1.000000000000000
S13400,250250504001,1.000000000000000
S13403,250250504001,1.000000000000000
S13396,250250504002,1.000000000000000
S13398,250250504002,1.000000000000000
S13400,250250504002,1.000000000000000
S13403,250250504002,1.000000000000000
S13396,250250505001,1.000000000000000
S13398,250250505001,1.000000000000000
S13400,250250505001,1.000000000000000
S13403,250250505001,1.000000000000000
S13396,250250505002,1.000000000000000
S13398,250250505002,1.000000000000000
S13400,250250505002,1.000000000000000
S13403,250250505002,1.000000000000000
S13396,250250506001,1.000000000000000
S13398,250250506001,1.000000000000000
S13400,250250506001,1.000000000000000
S13403,250250506001,1.000000000000000
S13396,250250506002,1.000000000000000
S13398,250250506002,1.000000000000000
S13400,250250506002,1.000000000000000
S13403,250250506002,1.000000000000000
S13396,250250507001,1.000000000000000
S13398,250250507001,1.000000000000000
S13400,250250507001,1.000000000000000
S13403,250250507001,1.000000000000000
S13396,250250507002,1.000000000000000
S13398,250250507002,1.000000000000000
S13400,250250507002,1.000000000000000
S13403,250250507002,1.000000000000000
S13396,250250507003,1.000000000000000
S13398,250250507003,1.000000000000000
S13400,250250507003,1.000000000000000
S13403,250250507003,1.000000000000000
S13396,250250509011,1.000000000000000
S13398,250250509011,1.000000000000000
S13400,250250509011,1.000000000000000
S13403,250250509011,1.000000000000000
S13396,250250509012,1.000000000000000
S13398,250250509012,1.000000000000000
S13400,250250509012,1.000000000000000
S13403,250250509012,1.000000000000000
S13396,250250509013,0.917573195371782
S13398,250250509013,0.909449301563364
S13400,250250509013,0.909449301563364
S13403,250250509013,0.909449301563364
S13396,250250510001,1.000000000000000
S13398,250250510001,1.000000000000000
S13400,250250510001,1.000000000000000
S13403,250250510001,1.000000000000000
S13396,250250510002,0.985454717167879
S13398,250250510002,0.983225042366934
S13400,250250510002,0.983225042366934
S13403,250250510002,0.983225042366934
S13396,250250510003,1.000000000000000
S13398,250250510003,1.000000000000000
S13400,250250510003,1.000000000000000
S13403,250250510003,1.000000000000000
S13396,250250511011,1.000000000000000
S13398,250250511011,1.000000000000000
S13400,250250511011,1.000000000000000
S13403,250250511011,1.000000000000000
S13396,250250511012,1.000000000000000
S13398,250250511012,1.000000000000000
S13400,250250511012,1.000000000000000
S13403,250250511012,1.000000000000000
S13396,250250511013,0.999975637905406
S13398,250250511013,0.999989830134963
S13400,250250511013,0.999989830134963
S13403,250250511013,0.999989830134963
S13396,250250511014,1.000000000000000
S13398,250250511014,1.000000000000000
S13400,250250511014,1.000000000000000
S13403,250250511014,1.000000000000000
S13396,250250512001,0.957211280513383
S13398,250250512001,0.964722163557572
S13400,250250512001,0.964722163557572
S13403,250250512001,0.964722163557572
S13396,250250512002,1.000000000000000
S13398,250250512002,1.000000000000000
S13400,250250512002,1.000000000000000
S13403,250250512002,1.000000000000000
S13396,250250512003,1.000000000000000
S13398,250250512003,1.000000000000000
S13400,250250512003,1.000000000000000
S13403,250250512003,1.000000000000000
S13396,250250601011,1.000000000000000
S13398,250250601011,1.000000000000000
S13400,250250601011,1.000000000000000
S13403,250250601011,1.000000000000000
S13396,250250809002,1.000000000000000
S13398,250250809002,1.000000000000000
S13400,250250809002,1.000000000000000
S13403,250250809002,1.000000000000000
S13396,250250808011,1.000000000000000
S13398,250250808011,1.000000000000000
S13400,250250808011,1.000000000000000
S13403,250250808011,1.000000000000000
S13396,250250808012,1.000000000000000
S13398,250250808012,1.000000000000000
S13400,250250808012,1.000000000000000
S13403,250250808012,1.000000000000000
S13396,250250809001,1.000000000000000
S13398,250250809001,1.000000000000000
S13400,250250809001,1.000000000000000
S13403,250250809001,1.000000000000000
S13396,250250809003,1.000000000000000
S13398,250250809003,1.000000000000000
S13400,250250809003,1.000000000000000
S13403,250250809003,1.000000000000000
S13396,250250810011,1.000000000000000
S13398,250250810011,1.000000000000000
S13400,250250810011,1.000000000000000
S13403,250250810011,1.000000000000000
S13396,250250810012,1.000000000000000
S13398,250250810012,1.000000000000000
S13400,250250810012,1.000000000000000
S13403,250250810012,1.000000000000000
S13396,250250810013,1.000000000000000
S13398,250250810013,1.000000000000000
S13400,250250810013,1.000000000000000
S13403,250250810013,1.000000000000000
S13396,250250810014,1.000000000000000
S13398,250250810014,1.000000000000000
S13400,250250810014,1.000000000000000
S13403,250250810014,1.000000000000000
S13396,250250810015,1.000000000000000
S13398,250250810015,1.000000000000000
S13400,250250810015,1.000000000000000
S13403,250250810015,1.000000000000000
S13396,250250811011,1.000000000000000
S13398,250250811011,1.000000000000000
S13400,250250811011,1.000000000000000
S13403,250250811011,1.000000000000000
S13396,250250811012,1.000000000000000
S13398,250250811012,1.000000000000000
S13400,250250811012,1.000000000000000
S13403,250250811012,1.000000000000000
S13396,250250811021,1.000000000000000
S13398,250250811021,1.000000000000000
S13400,250250811021,1.000000000000000
S13403,250250811021,1.000000000000000
S13396,250250811022,1.000000000000000
S13398,250250811022,1.000000000000000
S13400,250250811022,1.000000000000000
S13403,250250811022,1.000000000000000
S13396,250250812001,1.000000000000000
S13398,250250812001,1.000000000000000
S13400,250250812001,1.000000000000000
S13403,250250812001,1.000000000000000
S13396,250250812002,1.000000000000000
S13398,250250812002,1.000000000000000
S13400,250250812002,1.000000000000000
S13403,250250812002,1.000000000000000
S13396,250250812003,1.000000000000000
S13398,250250812003,1.000000000000000
S13400,250250812003,1.000000000000000
S13403,250250812003,1.000000000000000
S13396,250250813011,1.000000000000000
S13398,250250813011,1.000000000000000
S13400,250250813011,1.000000000000000
S13403,250250813011,1.000000000000000
S13396,250250813012,1.000000000000000
S13398,250250813012,1.000000000000000
S13400,250250813012,1.000000000000000
S13403,250250813012,1.000000000000000
S13396,250250813021,1.000000000000000
S13398,250250813021,1.000000000000000
S13400,250250813021,1.000000000000000
S13403,250250813021,1.000000000000000
S13396,250250813022,1.000000000000000
S13398,250250813022,1.000000000000000
S13400,250250813022,1.000000000000000
S13403,250250813022,1.000000000000000
S13396,250250814001,1.000000000000000
S13398,250250814001,1.000000000000000
S13400,250250814001,1.000000000000000
S13403,250250814001,1.000000000000000
S13396,250250814002,1.000000000000000
S13398,250250814002,1.000000000000000
S13400,250250814002,1.000000000000000
S13403,250250814002,1.000000000000000
S13396,250250814003,1.000000000000000
S13398,250250814003,1.000000000000000
S13400,250250814003,1.000000000000000
S13403,250250814003,1.000000000000000
S13396,250250814004,1.000000000000000
S13398,250250814004,1.000000000000000
S13400,250250814004,1.000000000000000
S13403,250250814004,1.000000000000000
S13396,250250815001,1.000000000000000
S13398,250250815001,1.000000000000000
S13400,250250815001,1.000000000000000
S13403,250250815001,1.000000000000000
S13396,250250815002,1.000000000000000
S13398,250250815002,1.000000000000000
S13400,250250815002,1.000000000000000
S13403,250250815002,1.000000000000000
S13396,250250817001,1.000000000000000
S13398,250250817001,1.000000000000000
S13400,250250817001,1.000000000000000
S13403,250250817001,1.000000000000000
S13396,250250817002,1.000000000000000
S13398,250250817002,1.000000000000000
S13400,250250817002,1.000000000000000
S13403,250250817002,1.000000000000000
S13396,250250817003,1.000000000000000
S13398,250250817003,1.000000000000000
S13400,250250817003,1.000000000000000
S13403,250250817003,1.000000000000000
S13396,250250817004,1.000000000000000
S13398,250250817004,1.000000000000000
S13400,250250817004,1.000000000000000
S13403,250250817004,1.000000000000000
S13396,250250817005,1.000000000000000
S13398,250250817005,1.000000000000000
S13400,250250817005,1.000000000000000
S13403,250250817005,1.000000000000000
S13396,250250818001,1.000000000000000
S13398,250250818001,1.000000000000000
S13400,250250818001,1.000000000000000
S13403,250250818001,1.000000000000000
S13396,250250602001,1.000000000000000
S13398,250250602001,1.000000000000000
S13400,250250602001,1.000000000000000
S13403,250250602001,1.000000000000000
S13396,250250601012,1.000000000000000
S13398,250250601012,1.000000000000000
S13400,250250601012,1.000000000000000
S13403,250250601012,1.000000000000000
S13396,250250601013,1.000000000000000
S13398,250250601013,1.000000000000000
S13400,250250601013,1.000000000000000
S13403,250250601013,1.000000000000000
S13396,250250601014,1.000000000000000
S13398,250250601014,1.000000000000000
S13400,250250601014,1.000000000000000
S13403,250250601014,1.000000000000000
S13396,250250602002,1.000000000000000
S13398,250250602002,1.000000000000000
S13400,250250602002,1.000000000000000
S13403,250250602002,1.000000000000000
S13396,250250603011,1.000000000000000
S13398,250250603011,1.000000000000000
S13400,250250603011,1.000000000000000
S13403,250250603011,1.000000000000000
S13396,250250603012,1.000000000000000
S13398,250250603012,1.000000000000000
S13400,250250603012,1.000000000000000
S13403,250250603012,1.000000000000000
S13396,250250603013,1.000000000000000
S13398,250250603013,1.000000000000000
S13400,250250603013,1.000000000000000
S13403,250250603013,1.000000000000000
S13396,250250604001,1.000000000000000
S13398,250250604001,1.000000000000000
S13400,250250604001,1.000000000000000
S13403,250250604001,1.000000000000000
S13396,250250604002,1.000000000000000
S13398,250250604002,1.000000000000000
S13400,250250604002,1.000000000000000
S13403,250250604002,1.000000000000000
S13396,250250604003,1.000000000000000
S13398,250250604003,1.000000000000000
S13400,250250604003,1.000000000000000
S13403,250250604003,1.000000000000000
S13396,250250604004,1.000000000000000
S13398,250250604004,1.000000000000000
S13400,250250604004,1.000000000000000
S13403,250250604004,1.000000000000000
S13396,250250604005,1.000000000000000
S13398,250250604005,1.000000000000000
S13400,250250604005,1.000000000000000
S13403,250250604005,1.000000000000000
S13396,250250605011,1.000000000000000
S13398,250250605011,1.000000000000000
S13400,250250605011,1.000000000000000
S13403,250250605011,1.000000000000000
S13396,250250605012,1.000000000000000
S13398,250250605012,1.000000000000000
S13400,250250605012,1.000000000000000
S13403,250250605012,1.000000000000000
S13396,250250605013,1.000000000000000
S13398,250250605013,1.000000000000000
S13400,250250605013,1.000000000000000
S13403,250250605013,1.000000000000000
S13396,250250605014,1.000000000000000
S13398,250250605014,1.000000000000000
S13400,250250605014,1.000000000000000
S13403,250250605014,1.000000000000000
S13396,250250605015,1.000000000000000
S13398,250250605015,1.000000000000000
S13400,250250605015,1.000000000000000
S13403,250250605015,1.000000000000000
S13396,250250606011,1.000000000000000
S13398,250250606011,1.000000000000000
S13400,250250606011,1.000000000000000
S13403,250250606011,1.000000000000000
S13396,250250606021,1.000000000000000
S13398,250250606021,1.000000000000000
S13400,250250606021,1.000000000000000
S13403,250250606021,1.000000000000000
S13396,250250606031,0.991445530712839
S13398,250250606031,0.991676006823948
S13400,250250606031,0.991676006823948
S13403,250250606031,0.991676006823948
S13396,250250606041,0.878060946330861
S13398,250250606041,0.871348432784810
S13400,250250606041,0.871348432784810
S13403,250250606041,0.871348432784810
S13396,250250606042,0.940015037249289
S13398,250250606042,0.935538811352734
S13400,250250606042,0.935538811352734
S13403,250250606042,0.935538811352734
S13396,250250607001,1.000000000000000
S13398,250250607001,1.000000000000000
S13400,250250607001,1.000000000000000
S13403,250250607001,1.000000000000000
S13396,250250607002,1.000000000000000
S13398,250250607002,1.000000000000000
S13400,250250607002,1.000000000000000
S13403,250250607002,1.000000000000000
S13396,250250608001,1.000000000000000
S13398,250250608001,1.000000000000000
S13400,250250608001,1.000000000000000
S13403,250250608001,1.000000000000000
S13396,250250608002,1.000000000000000
S13398,250250608002,1.000000000000000
S13400,250250608002,1.000000000000000
S13403,250250608002,1.000000000000000
S13396,250250608003,1.000000000000000
S13398,250250608003,1.000000000000000
S13400,250250608003,1.000000000000000
S13403,250250608003,1.000000000000000
S13396,250250608004,1.000000000000000
S13398,250250608004,1.000000000000000
S13400,250250608004,1.000000000000000
S13403,250250608004,1.000000000000000
S13396,250250610001,1.000000000000000
S13398,250250610001,1.000000000000000
S13400,250250610001,1.000000000000000
S13403,250250610001,1.000000000000000
S13396,250250610002,1.000000000000000
S13398,250250610002,1.000000000000000
S13400,250250610002,1.000000000000000
S13403,250250610002,1.000000000000000
S13396,250250610003,1.000000000000000
S13398,250250610003,1.000000000000000
S13400,250250610003,1.000000000000000
S13403,250250610003,1.000000000000000
S13396,250250611011,1.000000000000000
S13398,250250611011,1.000000000000000
S13400,250250611011,1.000000000000000
S13403,250250611011,1.000000000000000
S13396,250250611012,1.000000000000000
S13398,250250611012,1.000000000000000
S13400,250250611012,1.000000000000000
S13403,250250611012,1.000000000000000
S13396,250250612011,1.000000000000000
S13398,250250612011,1.000000000000000
S13400,250250612011,1.000000000000000
S13403,250250612011,1.000000000000000
S13396,250092114022,1.000000000000000
S13398,250092114022,1.000000000000000
S13400,250092114022,1.000000000000000
S13403,250092114022,1.000000000000000
S13396,250092114023,1.000000000000000
S13398,250092114023,1.000000000000000
S13400,250092114023,1.000000000000000
S13403,250092114023,1.000000000000000
S13396,250092114024,1.000000000000000
S13398,250092114024,1.000000000000000
S13400,250092114024,1.000000000000000
S13403,250092114024,1.000000000000000
S13396,250092121011,0.999976060290880
S13398,250092121011,0.999999986383223
S13400,250092121011,0.999999986383223
S13403,250092121011,0.999999986383223
S13396,250092121012,0.999947858322421
S13398,250092121012,1.000000004242995
S13400,250092121012,1.000000004242995
S13403,250092121012,1.000000004242995
S13396,250092121013,1.000000000000000
S13398,250092121013,1.000000000000000
S13400,250092121013,1.000000000000000
S13403,250092121013,1.000000000000000
S13396,250092121021,0.999913392799445
S13398,250092121021,1.000000006992963
S13400,250092121021,1.000000006992963
S13403,250092121021,1.000000006992963
S13396,250092121022,1.000000000000000
S13398,250092121022,1.000000000000000
S13400,250092121022,1.000000000000000
S13403,250092121022,1.000000000000000
S13388,250092141001,0.000009608202263
S13389,250092141001,0.000009608202263
S13396,250092141001,0.999998450296097
S13398,250092141001,0.999999981787795
S13400,250092141001,0.999999981787795
S13403,250092141001,0.999999981787795
S13396,250092141002,0.999999715956388
S13398,250092141002,0.999999973368282
S13400,250092141002,0.999999973368282
S13403,250092141002,0.999999973368282
S13388,250092141003,0.000004574579409
S13389,250092141003,0.000004574579409
S13396,250092141003,0.999945037142416
S13398,250092141003,1.000000015871861
S13400,250092141003,1.000000015871861
S13403,250092141003,1.000000015871861
S13396,250092141004,0.999999595311394
S13398,250092141004,1.000000023491035
S13400,250092141004,1.000000023491035
S13403,250092141004,1.000000023491035
S13388,250092151011,0.999997713400189
S13389,250092151011,0.999997713400189
S13396,250092151011,0.993379076601805
S13398,250092151011,1.000000008896433
S13400,250092151011,1.000000008896433
S13403,250092151011,1.000000008896433
S13388,250092151012,1.000000000707798
S13389,250092151012,1.000000000707798
S13396,250092151012,0.999302963937731
S13398,250092151012,1.000000000707798
S13400,250092151012,1.000000000707798
S13403,250092151012,1.000000000707798
S13388,250092151013,0.999899048577539
S13389,250092151013,0.999899048577539
S13396,250092151013,0.999999987561060
S13398,250092151013,0.999999987561060
S13400,250092151013,0.999999987561060
S13403,250092151013,0.999999987561060
S13388,250092151014,1.000000000000000
S13389,250092151014,1.000000000000000
S13396,250092151014,1.000000000000000
S13398,250092151014,1.000000000000000
S13400,250092151014,1.000000000000000
S13403,250092151014,1.000000000000000
S13388,250092151021,1.000000000000000
S13389,250092151021,1.000000000000000
S13396,250092151021,1.000000000000000
S13398,250092151021,1.000000000000000
S13400,250092151021,1.000000000000000
S13403,250092151021,1.000000000000000
S13388,250092151022,1.000000000000000
S13389,250092151022,1.000000000000000
S13396,250092151022,1.000000000000000
S13398,250092151022,1.000000000000000
S13400,250092151022,1.000000000000000
S13403,250092151022,1.000000000000000
S13388,250092151023,0.999998956687979
S13389,250092151023,0.999998956687979
S13396,250092151023,0.996714963456198
S13398,250092151023,0.999084321089814
S13400,250092151023,0.999084321089814
S13403,250092151023,0.999084321089814
S13388,250092151024,0.999996583684678
S13389,250092151024,0.999996583684678
S13396,250092151024,1.000000010439161
S13398,250092151024,1.000000010439161
S13400,250092151024,1.000000010439161
S13403,250092151024,1.000000010439161
S13388,250092161001,0.000264937063247
S13389,250092161001,0.000264937063247
S13396,250092161001,0.999999959251561
S13398,250092161001,0.999999959251561
S13400,250092161001,0.999999959251561
S13403,250092161001,0.999999959251561
S13388,250092161002,0.000017195963482
S13389,250092161002,0.000017195963482
S13396,250092161002,1.000000023714951
S13398,250092161002,1.000000023714951
S13400,250092161002,1.000000023714951
S13403,250092161002,1.000000023714951
S13396,250092161003,1.000000000000000
S13398,250092161003,1.000000000000000
S13400,250092161003,1.000000000000000
S13403,250092161003,1.000000000000000
S13396,250092171011,1.000000000000000
S13398,250092171011,1.000000000000000
S13400,250092171011,1.000000000000000
S13403,250092171011,1.000000000000000
S13396,250092171012,1.000000000000000
S13398,250092171012,1.000000000000000
S13400,250092171012,1.000000000000000
S13403,250092171012,1.000000000000000
S13396,250092171021,1.000000000000000
S13398,250092171021,1.000000000000000
S13400,250092171021,1.000000000000000
S13403,250092171021,1.000000000000000
S13396,250092171022,1.000000000000000
S13398,250092171022,1.000000000000000
S13400,250092171022,1.000000000000000
S13403,250092171022,1.000000000000000
S13396,250173593011,1.000000000000000
S13398,250173593011,1.000000000000000
S13400,250173593011,1.000000000000000
S13403,250173593011,1.000000000000000
S13396,250173593021,1.000000000000000
S13398,250173593021,1.000000000000000
S13400,250173593021,1.000000000000000
S13403,250173593021,1.000000000000000
S13396,250173593031,1.000000000000000
S13398,250173593031,1.000000000000000
S13400,250173593031,1.000000000000000
S13403,250173593031,1.000000000000000
S13396,250173593032,1.000000000000000
S13398,250173593032,1.000000000000000
S13400,250173593032,1.000000000000000
S13403,250173593032,1.000000000000000
S13396,250173593033,1.000000000000000
S13398,250173593033,1.000000000000000
S13400,250173593033,1.000000000000000
S13403,250173593033,1.000000000000000
S13396,250173593034,1.000000000000000
S13398,250173593034,1.000000000000000
S13400,250173593034,1.000000000000000
S13403,250173593034,1.000000000000000
S13396,250173593035,1.000000000000000
S13398,250173593035,1.000000000000000
S13400,250173593035,1.000000000000000
S13403,250173593035,1.000000000000000
S13396,250173593036,1.000000000000000
S13398,250173593036,1.000000000000000
S13400,250173593036,1.000000000000000
S13403,250173593036,1.000000000000000
S13396,250173594001,1.000000000000000
S13398,250173594001,1.000000000000000
S13400,250173594001,1.000000000000000
S13403,250173594001,1.000000000000000
S13396,250173594002,1.000000000000000
S13398,250173594002,1.000000000000000
S13400,250173594002,1.000000000000000
S13403,250173594002,1.000000000000000
S13396,250173594003,1.000000000000000
S13398,250173594003,1.000000000000000
S13400,250173594003,1.000000000000000
S13403,250173594003,1.000000000000000
S13396,250173594004,1.000000000000000
S13398,250173594004,1.000000000000000
S13400,250173594004,1.000000000000000
S13403,250173594004,1.000000000000000
S13396,250173594005,1.000000000000000
S13398,250173594005,1.000000000000000
S13400,250173594005,1.000000000000000
S13403,250173594005,1.000000000000000
S13396,250173585001,1.000000000000000
S13398,250173585001,1.000000000000000
S13400,250173585001,1.000000000000000
S13403,250173585001,1.000000000000000
S13396,250173584002,1.000000000000000
S13398,250173584002,1.000000000000000
S13400,250173584002,1.000000000000000
S13403,250173584002,1.000000000000000
S13396,250173584003,1.000000000000000
S13398,250173584003,1.000000000000000
S13400,250173584003,1.000000000000000
S13403,250173584003,1.000000000000000
S13396,250173584004,1.000000000000000
S13398,250173584004,1.000000000000000
S13400,250173584004,1.000000000000000
S13403,250173584004,1.000000000000000
S13396,250173585002,1.000000000000000
S13398,250173585002,1.000000000000000
S13400,250173585002,1.000000000000000
S13403,250173585002,1.000000000000000
S13396,250173585003,1.000000000000000
S13398,250173585003,1.000000000000000
S13400,250173585003,1.000000000000000
S13403,250173585003,1.000000000000000
S13396,250173586001,1.000000000000000
S13398,250173586001,1.000000000000000
S13400,250173586001,1.000000000000000
S13403,250173586001,1.000000000000000
S13396,250173586002,1.000000000000000
S13398,250173586002,1.000000000000000
S13400,250173586002,1.000000000000000
S13403,250173586002,1.000000000000000
S13396,250173586003,1.000000000000000
S13398,250173586003,1.000000000000000
S13400,250173586003,1.000000000000000
S13403,250173586003,1.000000000000000
S13396,250173586004,1.000000000000000
S13398,250173586004,1.000000000000000
S13400,250173586004,1.000000000000000
S13403,250173586004,1.000000000000000
S13396,250173586005,1.000000000000000
S13398,250173586005,1.000000000000000
S13400,250173586005,1.000000000000000
S13403,250173586005,1.000000000000000
S13396,250173586006,1.000000000000000
S13398,250173586006,1.000000000000000
S13400,250173586006,1.000000000000000
S13403,250173586006,1.000000000000000
S13396,250173587001,1.000000000000000
S13398,250173587001,1.000000000000000
S13400,250173587001,1.000000000000000
S13403,250173587001,1.000000000000000
S13396,250173587002,1.000000000000000
S13398,250173587002,1.000000000000000
S13400,250173587002,1.000000000000000
S13403,250173587002,1.000000000000000
S13396,250173587003,1.000000000000000
S13398,250173587003,1.000000000000000
S13400,250173587003,1.000000000000000
S13403,250173587003,1.000000000000000
S13396,250173591001,0.999955473223227
S13398,250173591001,1.000000001671572
S13400,250173591001,1.000000001671572
S13403,250173591001,1.000000001671572
S13396,250173591002,1.000000000000000
S13398,250173591002,1.000000000000000
S13400,250173591002,1.000000000000000
S13403,250173591002,1.000000000000000
S13396,250173591003,1.000000000000000
S13398,250173591003,1.000000000000000
S13400,250173591003,1.000000000000000
S13403,250173591003,1.000000000000000
S13396,250173591004,1.000000000000000
S13398,250173591004,1.000000000000000
S13400,250173591004,1.000000000000000
S13403,250173591004,1.000000000000000
S13396,250173591005,1.000000000000000
S13398,250173591005,1.000000000000000
S13400,250173591005,1.000000000000000
S13403,250173591005,1.000000000000000
S13390,250277411011,0.999999956424175
S13391,250277411011,0.999999956424175
S13392,250277411011,0.999999956424175
S13396,250277411011,0.000069941717977
S13398,250277411011,0.999999956424175
S13400,250277411011,0.999999956424175
S13403,250277411011,0.999999956424175
S13390,250277411012,0.999999994315315
S13391,250277411012,0.999999994315315
S13392,250277411012,0.999999994315315
S13398,250277411012,0.999999994315315
S13400,250277411012,0.999999994315315
S13403,250277411012,0.999999994315315
S13390,250277411013,1.000000017374719
S13391,250277411013,1.000000017374719
S13392,250277411013,1.000000017374719
S13396,250277411013,0.000031596354419
S13398,250277411013,1.000000017374719
S13400,250277411013,1.000000017374719
S13403,250277411013,1.000000017374719
S13390,250277411021,1.000000000000000
S13391,250277411021,1.000000000000000
S13392,250277411021,1.000000000000000
S13398,250277411021,1.000000000000000
S13400,250277411021,1.000000000000000
S13403,250277411021,1.000000000000000
S13390,250277411022,0.999999714394397
S13391,250277411022,0.999999714394397
S13392,250277411022,0.999999714394397
S13398,250277411022,0.999999999787904
S13400,250277411022,0.999999999787904
S13403,250277411022,0.999999999787904
S13390,250277411023,1.000000000000000
S13391,250277411023,1.000000000000000
S13392,250277411023,1.000000000000000
S13398,250277411023,1.000000000000000
S13400,250277411023,1.000000000000000
S13403,250277411023,1.000000000000000
S13390,250277411024,0.992778170110319
S13391,250277411024,0.992778170110319
S13392,250277411024,0.992778170110319
S13398,250277411024,0.999999994326695
S13400,250277411024,0.999999994326695
S13403,250277411024,0.999999994326695
S13390,250173221004,1.000000002873165
S13391,250173221004,1.000000002873165
S13392,250173221004,1.000000002873165
S13398,250173221004,0.000268527255290
S13400,250173221004,0.000268527255290
S13403,250173221004,0.000268527255290
S13390,250173221001,0.999948501532978
S13391,250173221001,0.999948501532978
S13392,250173221001,0.999948501532978
S13398,250173221001,0.000055639353200
S13400,250173221001,0.000055639353200
S13403,250173221001,0.000055639353200
S13390,250173221002,0.999991873820814
S13391,250173221002,0.999991873820814
S13392,250173221002,0.999991873820814
S13398,250173221002,0.000023608349335
S13400,250173221002,0.000023608349335
S13403,250173221002,0.000023608349335
S13390,250173221003,1.000000000000000
S13391,250173221003,1.000000000000000
S13392,250173221003,1.000000000000000
S13390,250173222001,1.000000000755858
S13391,250173222001,1.000000000755858
S13392,250173222001,1.000000000755858
S13398,250173222001,0.000009699884312
S13400,250173222001,0.000009699884312
S13403,250173222001,0.000009699884312
S13390,250173222002,0.998241228510556
S13391,250173222002,0.998241228510556
S13392,250173222002,0.998241228510556
S13398,250173222002,0.000247685168194
S13400,250173222002,0.000247685168194
S13403,250173222002,0.000247685168194
S13390,250173223001,1.000000000000000
S13391,250173223001,1.000000000000000
S13392,250173223001,1.000000000000000
S13390,250173223002,0.999313874727399
S13391,250173223002,0.999313874727399
S13392,250173223002,0.999313874727399
S13390,250173223003,0.999698887514493
S13391,250173223003,0.999698887514493
S13392,250173223003,0.999698887514493
S13390,250173223004,1.000000000000000
S13391,250173223004,1.000000000000000
S13392,250173223004,1.000000000000000
S13390,250173224001,1.000000000000000
S13391,250173224001,1.000000000000000
S13392,250173224001,1.000000000000000
S13390,250173224002,1.000000000000000
S13391,250173224002,1.000000000000000
S13392,250173224002,1.000000000000000
S13390,250173224003,1.000000000000000
S13391,250173224003,1.000000000000000
S13392,250173224003,1.000000000000000
S13398,250173231011,1.000000000000000
S13400,250173231011,1.000000000000000
S13403,250173231011,1.000000000000000
S13390,250173231012,0.000319516726476
S13391,250173231012,0.000319516726476
S13392,250173231012,0.000319516726476
S13398,250173231012,0.999688321260003
S13400,250173231012,0.999688321260003
S13403,250173231012,0.999688321260003
S13398,250173231021,1.000000000000000
S13400,250173231021,1.000000000000000
S13403,250173231021,1.000000000000000
S13390,250173231022,0.000017051219624
S13391,250173231022,0.000017051219624
S13392,250173231022,0.000017051219624
S13398,250173231022,0.999983072412366
S13400,250173231022,0.999983072412366
S13403,250173231022,0.999983072412366
S13398,250173231023,1.000000000000000
S13400,250173231023,1.000000000000000
S13403,250173231023,1.000000000000000
S13398,250173241011,1.000000000000000
S13400,250173241011,1.000000000000000
S13403,250173241011,1.000000000000000
S13398,250173241012,1.000000000000000
S13400,250173241012,1.000000000000000
S13403,250173241012,1.000000000000000
S13398,250173241013,1.000000000000000
S13400,250173241013,1.000000000000000
S13403,250173241013,1.000000000000000
S13398,250173241021,1.000000000000000
S13400,250173241021,1.000000000000000
S13403,250173241021,1.000000000000000
S13398,250173241022,1.000000000000000
S13400,250173241022,1.000000000000000
S13403,250173241022,1.000000000000000
S13398,250173241023,1.000000000000000
S13400,250173241023,1.000000000000000
S13403,250173241023,1.000000000000000
S13396,250092022005,1.000000000000000
S13398,250092022005,1.000000000000000
S13400,250092022005,1.000000000000000
S13403,250092022005,1.000000000000000
S13396,250092022002,1.000000000000000
S13398,250092022002,1.000000000000000
S13400,250092022002,1.000000000000000
S13403,250092022002,1.000000000000000
S13396,250092022003,1.000000000000000
S13398,250092022003,1.000000000000000
S13400,250092022003,1.000000000000000
S13403,250092022003,1.000000000000000
S13396,250092022004,1.000000000000000
S13398,250092022004,1.000000000000000
S13400,250092022004,1.000000000000000
S13403,250092022004,1.000000000000000
S13396,250092022006,1.000000000000000
S13398,250092022006,1.000000000000000
S13400,250092022006,1.000000000000000
S13403,250092022006,1.000000000000000
S13396,250092031001,1.000000000000000
S13398,250092031001,1.000000000000000
S13400,250092031001,1.000000000000000
S13403,250092031001,1.000000000000000
S13396,250092031002,1.000000000000000
S13398,250092031002,1.000000000000000
S13400,250092031002,1.000000000000000
S13403,250092031002,1.000000000000000
S13396,250092031003,1.000000000000000
S13398,250092031003,1.000000000000000
S13400,250092031003,1.000000000000000
S13403,250092031003,1.000000000000000
S13396,250092031004,1.000000000000000
S13398,250092031004,1.000000000000000
S13400,250092031004,1.000000000000000
S13403,250092031004,1.000000000000000
S13396,250092031005,1.000000000000000
S13398,250092031005,1.000000000000000
S13400,250092031005,1.000000000000000
S13403,250092031005,1.000000000000000
S13396,250092031006,1.000000000000000
S13398,250092031006,1.000000000000000
S13400,250092031006,1.000000000000000
S13403,250092031006,1.000000000000000
S13396,250092031007,1.000000000000000
S13398,250092031007,1.000000000000000
S13400,250092031007,1.000000000000000
S13403,250092031007,1.000000000000000
S13396,250092031008,1.000000000000000
S13398,250092031008,1.000000000000000
S13400,250092031008,1.000000000000000
S13403,250092031008,1.000000000000000
S13396,250092032001,1.000000000000000
S13398,250092032001,1.000000000000000
S13400,250092032001,1.000000000000000
S13403,250092032001,1.000000000000000
S13396,250092032002,1.000000000000000
S13398,250092032002,1.000000000000000
S13400,250092032002,1.000000000000000
S13403,250092032002,1.000000000000000
S13396,250092032003,1.000000000000000
S13398,250092032003,1.000000000000000
S13400,250092032003,1.000000000000000
S13403,250092032003,1.000000000000000
S13396,250092032004,0.999953765260460
S13398,250092032004,0.999942103035325
S13400,250092032004,0.999942103035325
S13403,250092032004,0.999942103035325
S13396,250092033011,1.000000000000000
S13398,250092033011,1.000000000000000
S13400,250092033011,1.000000000000000
S13403,250092033011,1.000000000000000
S13396,250092033012,1.000000000000000
S13398,250092033012,1.000000000000000
S13400,250092033012,1.000000000000000
S13403,250092033012,1.000000000000000
S13396,250092033013,1.000000000000000
S13398,250092033013,1.000000000000000
S13400,250092033013,1.000000000000000
S13403,250092033013,1.000000000000000
S13396,250092033014,0.999998691531634
S13398,250092033014,0.999946124935720
S13400,250092033014,0.999946124935720
S13403,250092033014,0.999946124935720
S13396,250092033021,0.999473871671286
S13398,250092033021,0.998973759952456
S13400,250092033021,0.998973759952456
S13403,250092033021,0.998973759952456
S13396,250092033022,1.000000000000000
S13398,250092033022,1.000000000000000
S13400,250092033022,1.000000000000000
S13403,250092033022,1.000000000000000
S13396,250092033023,1.000000000000000
S13398,250092033023,1.000000000000000
S13400,250092033023,1.000000000000000
S13403,250092033023,1.000000000000000
S13396,250092033024,0.998832829524371
S13398,250092033024,0.999367842412303
S13400,250092033024,0.999367842412303
S13403,250092033024,0.999367842412303
S13396,250092041011,0.993977560129486
S13398,250092041011,0.993343032493753
S13400,250092041011,0.993343032493753
S13403,250092041011,0.993343032493753
S13396,250092041012,1.000000000000000
S13398,250092041012,1.000000000000000
S13400,250092041012,1.000000000000000
S13403,250092041012,1.000000000000000
S13396,250092041013,1.000000000000000
S13398,250092041013,1.000000000000000
S13400,250092041013,1.000000000000000
S13403,250092041013,1.000000000000000
S13396,250092041014,1.000000000000000
S13398,250092041014,1.000000000000000
S13400,250092041014,1.000000000000000
S13403,250092041014,1.000000000000000
S13396,250092041021,0.999973272028748
S13398,250092041021,0.999997748194126
S13400,250092041021,0.999997748194126
S13403,250092041021,0.999997748194126
S13396,250092041022,1.000000000000000
S13398,250092041022,1.000000000000000
S13400,250092041022,1.000000000000000
S13403,250092041022,1.000000000000000
S13396,250092042001,1.000000000000000
S13398,250092042001,1.000000000000000
S13400,250092042001,1.000000000000000
S13403,250092042001,1.000000000000000
S13396,250092042002,1.000000000000000
S13398,250092042002,1.000000000000000
S13400,250092042002,1.000000000000000
S13403,250092042002,1.000000000000000
S13396,250092042003,1.000000000000000
S13398,250092042003,1.000000000000000
S13400,250092042003,1.000000000000000
S13403,250092042003,1.000000000000000
S13396,250092042004,1.000000000000000
S13398,250092042004,1.000000000000000
S13400,250092042004,1.000000000000000
S13403,250092042004,1.000000000000000
S13396,250092042005,1.000000000000000
S13398,250092042005,1.000000000000000
S13400,250092042005,1.000000000000000
S13403,250092042005,1.000000000000000
S13396,250092043001,0.997563510789337
S13398,250092043001,0.997634996849035
S13400,250092043001,0.997634996849035
S13403,250092043001,0.997634996849035
S13396,250092043002,1.000000000000000
S13398,250092043002,1.000000000000000
S13400,250092043002,1.000000000000000
S13403,250092043002,1.000000000000000
S13397,250214422012,0.999905131270845
S13398,250214422012,0.999999981689802
S13400,250214422012,0.999999981689802
S13403,250214422012,0.999999981689802
S13397,250214422031,0.999972464762591
S13398,250214422031,0.999999890926536
S13400,250214422031,0.999999890926536
S13403,250214422031,0.999999890926536
S13397,250214422032,0.999989579282114
S13398,250214422032,1.000000004264309
S13400,250214422032,1.000000004264309
S13403,250214422032,1.000000004264309
S13397,250214422041,1.000000000000000
S13398,250214422041,1.000000000000000
S13400,250214422041,1.000000000000000
S13403,250214422041,1.000000000000000
S13397,250214422042,1.000000000000000
S13398,250214422042,1.000000000000000
S13400,250214422042,1.000000000000000
S13403,250214422042,1.000000000000000
S13397,250214422043,1.000000000000000
S13398,250214422043,1.000000000000000
S13400,250214422043,1.000000000000000
S13403,250214422043,1.000000000000000
S13398,250214431031,0.999833026425359
S13400,250214431031,0.999833026425359
S13403,250214431031,0.999833026425359
S13398,250214431032,0.997374291344618
S13400,250214431032,0.997374291344618
S13403,250214431032,0.997374291344618
S13398,250214431062,1.000000000000000
S13400,250214431062,1.000000000000000
S13403,250214431062,1.000000000000000
S13397,250214431063,0.000005029910467
S13398,250214431063,1.000000000403115
S13400,250214431063,1.000000000403115
S13403,250214431063,1.000000000403115
S13397,250214431033,0.000005830264593
S13398,250214431033,0.999906046004009
S13400,250214431033,0.999906046004009
S13403,250214431033,0.999906046004009
S13397,250214431041,0.000059649962846
S13398,250214431041,0.999913998741706
S13400,250214431041,0.999913998741706
S13403,250214431041,0.999913998741706
S13398,250214431042,0.999465233899378
S13400,250214431042,0.999465233899378
S13403,250214431042,0.999465233899378
S13397,250214431043,0.000001218982538
S13398,250214431043,0.999999998151843
S13400,250214431043,0.999999998151843
S13403,250214431043,0.999999998151843
S13390,250214431051,0.000003636147012
S13391,250214431051,0.000003636147012
S13392,250214431051,0.000003636147012
S13397,250214431051,0.000086266110948
S13398,250214431051,0.999990717268501
S13400,250214431051,0.999990717268501
S13403,250214431051,0.999990717268501
S13398,250214431061,1.000000000000000
S13400,250214431061,1.000000000000000
S13403,250214431061,1.000000000000000
S13396,250173331005,1.000000000000000
S13398,250173331005,1.000000000000000
S13400,250173331005,1.000000000000000
S13403,250173331005,1.000000000000000
S13396,250173331002,1.000000000000000
S13398,250173331002,1.000000000000000
S13400,250173331002,1.000000000000000
S13403,250173331002,1.000000000000000
S13396,250173331003,1.000000000000000
S13398,250173331003,1.000000000000000
S13400,250173331003,1.000000000000000
S13403,250173331003,1.000000000000000
S13396,250173331004,1.000000000000000
S13398,250173331004,1.000000000000000
S13400,250173331004,1.000000000000000
S13403,250173331004,1.000000000000000
S13396,250173332001,1.000000000000000
S13398,250173332001,1.000000000000000
S13400,250173332001,1.000000000000000
S13403,250173332001,1.000000000000000
S13396,250173332002,1.000000000000000
S13398,250173332002,1.000000000000000
S13400,250173332002,1.000000000000000
S13403,250173332002,1.000000000000000
S13396,250173332003,1.000000000000000
S13398,250173332003,1.000000000000000
S13400,250173332003,1.000000000000000
S13403,250173332003,1.000000000000000
S13396,250173332004,1.000000000000000
S13398,250173332004,1.000000000000000
S13400,250173332004,1.000000000000000
S13403,250173332004,1.000000000000000
S13396,250173333001,1.000000000000000
S13398,250173333001,1.000000000000000
S13400,250173333001,1.000000000000000
S13403,250173333001,1.000000000000000
S13396,250173333002,1.000000000000000
S13398,250173333002,1.000000000000000
S13400,250173333002,1.000000000000000
S13403,250173333002,1.000000000000000
S13396,250173333003,1.000000000000000
S13398,250173333003,1.000000000000000
S13400,250173333003,1.000000000000000
S13403,250173333003,1.000000000000000
S13396,250173334001,1.000000000000000
S13398,250173334001,1.000000000000000
S13400,250173334001,1.000000000000000
S13403,250173334001,1.000000000000000
S13396,250173334002,1.000000000000000
S13398,250173334002,1.000000000000000
S13400,250173334002,1.000000000000000
S13403,250173334002,1.000000000000000
S13396,250173334003,1.000000000000000
S13398,250173334003,1.000000000000000
S13400,250173334003,1.000000000000000
S13403,250173334003,1.000000000000000
S13396,250173334004,1.000000000000000
S13398,250173334004,1.000000000000000
S13400,250173334004,1.000000000000000
S13403,250173334004,1.000000000000000
S13396,250173334005,1.000000000000000
S13398,250173334005,1.000000000000000
S13400,250173334005,1.000000000000000
S13403,250173334005,1.000000000000000
S13396,250173335011,1.000000000000000
S13398,250173335011,1.000000000000000
S13400,250173335011,1.000000000000000
S13403,250173335011,1.000000000000000
S13396,250173335012,1.000000000000000
S13398,250173335012,1.000000000000000
S13400,250173335012,1.000000000000000
S13403,250173335012,1.000000000000000
S13396,250173335013,1.000000000000000
S13398,250173335013,1.000000000000000
S13400,250173335013,1.000000000000000
S13403,250173335013,1.000000000000000
S13396,250173335021,1.000000000000000
S13398,250173335021,1.000000000000000
S13400,250173335021,1.000000000000000
S13403,250173335021,1.000000000000000
S13396,250173335022,1.000000000000000
S13398,250173335022,1.000000000000000
S13400,250173335022,1.000000000000000
S13403,250173335022,1.000000000000000
S13396,250173336011,1.000000000000000
S13398,250173336011,1.000000000000000
S13400,250173336011,1.000000000000000
S13403,250173336011,1.000000000000000
S13396,250173336021,1.000000000000000
S13398,250173336021,1.000000000000000
S13400,250173336021,1.000000000000000
S13403,250173336021,1.000000000000000
S13396,250173336022,1.000000000000000
S13398,250173336022,1.000000000000000
S13400,250173336022,1.000000000000000
S13403,250173336022,1.000000000000000
S13396,250173336023,1.000000000000000
S13398,250173336023,1.000000000000000
S13400,250173336023,1.000000000000000
S13403,250173336023,1.000000000000000
S13396,250173336024,1.000000000000000
S13398,250173336024,1.000000000000000
S13400,250173336024,1.000000000000000
S13403,250173336024,1.000000000000000
S13396,250173341001,1.000000000000000
S13398,250173341001,1.000000000000000
S13399,250173341001,1.000000000000000
S13400,250173341001,1.000000000000000
S13403,250173341001,1.000000000000000
S13396,250173341002,0.999999974081046
S13398,250173341002,0.999999974081046
S13399,250173341002,0.990219594554559
S13400,250173341002,0.999999974081046
S13403,250173341002,0.999999974081046
S13396,250173341003,0.999999977699665
S13398,250173341003,0.999999977699665
S13399,250173341003,0.999574750585205
S13400,250173341003,0.999999977699665
S13403,250173341003,0.999999977699665
S13396,250173341004,1.000000003565440
S13398,250173341004,1.000000003565440
S13399,250173341004,0.999742797212076
S13400,250173341004,1.000000003565440
S13403,250173341004,1.000000003565440
S13396,250173341005,1.000000000000000
S13398,250173341005,1.000000000000000
S13399,250173341005,1.000000000000000
S13400,250173341005,1.000000000000000
S13403,250173341005,1.000000000000000
S13396,250173342001,1.000000000000000
S13398,250173342001,1.000000000000000
S13399,250173342001,1.000000000000000
S13400,250173342001,1.000000000000000
S13403,250173342001,1.000000000000000
S13396,250214176014,1.000000000000000
S13398,250214176014,1.000000000000000
S13400,250214176014,1.000000000000000
S13403,250214176014,1.000000000000000
S13396,250214176011,1.000000000000000
S13398,250214176011,1.000000000000000
S13400,250214176011,1.000000000000000
S13403,250214176011,1.000000000000000
S13396,250214176012,1.000000000000000
S13398,250214176012,1.000000000000000
S13400,250214176012,1.000000000000000
S13403,250214176012,1.000000000000000
S13396,250214176013,1.000000000000000
S13398,250214176013,1.000000000000000
S13400,250214176013,1.000000000000000
S13403,250214176013,1.000000000000000
S13396,250214176021,0.997504744768757
S13398,250214176021,0.997503763446061
S13400,250214176021,0.997503763446061
S13403,250214176021,0.997503763446061
S13396,250214176022,1.000000000000000
S13398,250214176022,1.000000000000000
S13400,250214176022,1.000000000000000
S13403,250214176022,1.000000000000000
S13396,250214176023,1.000000000000000
S13398,250214176023,1.000000000000000
S13400,250214176023,1.000000000000000
S13403,250214176023,1.000000000000000
S13396,250214177021,1.000000000000000
S13398,250214177021,1.000000000000000
S13400,250214177021,1.000000000000000
S13403,250214177021,1.000000000000000
S13396,250214177022,1.000000000000000
S13398,250214177022,1.000000000000000
S13400,250214177022,1.000000000000000
S13403,250214177022,1.000000000000000
S13396,250214177023,1.000000000000000
S13398,250214177023,1.000000000000000
S13400,250214177023,1.000000000000000
S13403,250214177023,1.000000000000000
S13396,250214177031,1.000000000000000
S13398,250214177031,1.000000000000000
S13400,250214177031,1.000000000000000
S13403,250214177031,1.000000000000000
S13396,250214177032,1.000000000000000
S13398,250214177032,1.000000000000000
S13400,250214177032,1.000000000000000
S13403,250214177032,1.000000000000000
S13396,250214177033,1.000000000000000
S13398,250214177033,1.000000000000000
S13400,250214177033,1.000000000000000
S13403,250214177033,1.000000000000000
S13396,250214177041,1.000000000000000
S13398,250214177041,1.000000000000000
S13400,250214177041,1.000000000000000
S13403,250214177041,1.000000000000000
S13396,250214177042,1.000000000000000
S13398,250214177042,1.000000000000000
S13400,250214177042,1.000000000000000
S13403,250214177042,1.000000000000000
S13396,250214178011,1.000000000000000
S13398,250214178011,1.000000000000000
S13400,250214178011,1.000000000000000
S13403,250214178011,1.000000000000000
S13396,250214178012,1.000000000000000
S13398,250214178012,1.000000000000000
S13400,250214178012,1.000000000000000
S13403,250214178012,1.000000000000000
S13396,250214178013,1.000000000000000
S13398,250214178013,1.000000000000000
S13400,250214178013,1.000000000000000
S13403,250214178013,1.000000000000000
S13396,250214178014,1.000000000000000
S13398,250214178014,1.000000000000000
S13400,250214178014,1.000000000000000
S13403,250214178014,1.000000000000000
S13396,250214178015,0.999708916182153
S13398,250214178015,0.999813282189091
S13400,250214178015,0.999813282189091
S13403,250214178015,0.999813282189091
S13396,250214178021,1.000000000000000
S13398,250214178021,1.000000000000000
S13400,250214178021,1.000000000000000
S13403,250214178021,1.000000000000000
S13396,250214178022,1.000000000000000
S13398,250214178022,1.000000000000000
S13400,250214178022,1.000000000000000
S13403,250214178022,1.000000000000000
S13396,250214179011,0.987336731325953
S13398,250214179011,0.987359829523742
S13400,250214179011,0.987359829523742
S13403,250214179011,0.987359829523742
S13396,250214179012,1.000000000000000
S13398,250214179012,1.000000000000000
S13400,250214179012,1.000000000000000
S13403,250214179012,1.000000000000000
S13396,250214179013,1.000000000000000
S13398,250214179013,1.000000000000000
S13400,250214179013,1.000000000000000
S13403,250214179013,1.000000000000000
S13396,250214179014,1.000000000000000
S13398,250214179014,1.000000000000000
S13400,250214179014,1.000000000000000
S13403,250214179014,1.000000000000000
S13396,250214179015,1.000000000000000
S13398,250214179015,1.000000000000000
S13400,250214179015,1.000000000000000
S13403,250214179015,1.000000000000000
S13396,250214179016,0.962571701194775
S13398,250214179016,0.963050864701748
S13400,250214179016,0.963050864701748
S13403,250214179016,0.963050864701748
S13396,250214179021,1.000000000000000
S13398,250214179021,1.000000000000000
S13400,250214179021,1.000000000000000
S13403,250214179021,1.000000000000000
S13396,250214179022,1.000000000000000
S13398,250214179022,1.000000000000000
S13400,250214179022,1.000000000000000
S13403,250214179022,1.000000000000000
S13396,250092011001,1.000000000000000
S13398,250092011001,1.000000000000000
S13400,250092011001,1.000000000000000
S13403,250092011001,1.000000000000000
S13396,250092011002,1.000000000000000
S13398,250092011002,1.000000000000000
S13400,250092011002,1.000000000000000
S13403,250092011002,1.000000000000000
S13396,250092011003,1.000000000000000
S13398,250092011003,1.000000000000000
S13400,250092011003,1.000000000000000
S13403,250092011003,1.000000000000000
S13396,250092021011,1.000000000000000
S13398,250092021011,1.000000000000000
S13400,250092021011,1.000000000000000
S13403,250092021011,1.000000000000000
S13396,250092021012,1.000000000000000
S13398,250092021012,1.000000000000000
S13400,250092021012,1.000000000000000
S13403,250092021012,1.000000000000000
S13396,250092021013,1.000000000000000
S13398,250092021013,1.000000000000000
S13400,250092021013,1.000000000000000
S13403,250092021013,1.000000000000000
S13396,250092021031,1.000000000000000
S13398,250092021031,1.000000000000000
S13400,250092021031,1.000000000000000
S13403,250092021031,1.000000000000000
S13396,250092021041,1.000000000000000
S13398,250092021041,1.000000000000000
S13400,250092021041,1.000000000000000
S13403,250092021041,1.000000000000000
S13396,250092021042,1.000000000000000
S13398,250092021042,1.000000000000000
S13400,250092021042,1.000000000000000
S13403,250092021042,1.000000000000000
S13396,250092021043,1.000000000000000
S13398,250092021043,1.000000000000000
S13400,250092021043,1.000000000000000
S13403,250092021043,1.000000000000000
S13396,250092021044,1.000000000000000
S13398,250092021044,1.000000000000000
S13400,250092021044,1.000000000000000
S13403,250092021044,1.000000000000000
S13396,250092021045,1.000000000000000
S13398,250092021045,1.000000000000000
S13400,250092021045,1.000000000000000
S13403,250092021045,1.000000000000000
S13396,250092022001,1.000000000000000
S13398,250092022001,1.000000000000000
S13400,250092022001,1.000000000000000
S13403,250092022001,1.000000000000000
S13396,250214179023,1.000000000000000
S13398,250214179023,1.000000000000000
S13400,250214179023,1.000000000000000
S13403,250214179023,1.000000000000000
S13396,250214180021,1.000000000000000
S13398,250214180021,1.000000000000000
S13400,250214180021,1.000000000000000
S13403,250214180021,1.000000000000000
S13396,250214180022,1.000000000000000
S13398,250214180022,1.000000000000000
S13400,250214180022,1.000000000000000
S13403,250214180022,1.000000000000000
S13396,250214180023,1.000000000000000
S13398,250214180023,1.000000000000000
S13400,250214180023,1.000000000000000
S13403,250214180023,1.000000000000000
S13398,250235051021,1.000000000000000
S13400,250235051021,1.000000000000000
S13403,250235051021,1.000000000000000
S13398,250235051022,1.000000000000000
S13400,250235051022,1.000000000000000
S13403,250235051022,1.000000000000000
S13398,250235051023,1.000000000000000
S13400,250235051023,1.000000000000000
S13403,250235051023,1.000000000000000
S13398,250235051024,1.000000000000000
S13400,250235051024,1.000000000000000
S13403,250235051024,1.000000000000000
S13396,250235051031,0.000164813040856
S13398,250235051031,0.999661162083519
S13400,250235051031,0.999661162083519
S13403,250235051031,0.999661162083519
S13395,250235051032,0.002703438895195
S13396,250235051032,0.002703438895195
S13398,250235051032,0.998248574418573
S13400,250235051032,0.998248574418573
S13403,250235051032,0.998248574418573
S13398,250235051041,1.000000000000000
S13400,250235051041,1.000000000000000
S13403,250235051041,1.000000000000000
S13398,250235051042,1.000000000000000
S13400,250235051042,1.000000000000000
S13403,250235051042,1.000000000000000
S13398,250235051043,1.000000000000000
S13400,250235051043,1.000000000000000
S13403,250235051043,1.000000000000000
S13398,250235052011,0.996490024753707
S13400,250235052011,0.996490024753707
S13403,250235052011,0.996490024753707
S13398,250235052012,0.999149970111584
S13400,250235052012,0.999149970111584
S13403,250235052012,0.999149970111584
S13398,250235052021,1.000000000000000
S13400,250235052021,1.000000000000000
S13403,250235052021,1.000000000000000
S13398,250235052022,1.000000000000000
S13400,250235052022,1.000000000000000
S13403,250235052022,1.000000000000000
S13398,250235052023,0.999319930189816
S13400,250235052023,0.999319930189816
S13403,250235052023,0.999319930189816
S13398,250235061021,0.997054577007711
S13400,250235061021,0.997054577007711
S13403,250235061021,0.997054577007711
S13398,250235061022,0.999343936260897
S13400,250235061022,0.999343936260897
S13403,250235061022,0.999343936260897
S13398,250235061023,1.000000000000000
S13400,250235061023,1.000000000000000
S13403,250235061023,1.000000000000000
S13398,250235061024,1.000000000000000
S13400,250235061024,1.000000000000000
S13403,250235061024,1.000000000000000
S13398,250235061025,1.000000000000000
S13400,250235061025,1.000000000000000
S13403,250235061025,1.000000000000000
S13398,250235061026,1.000000000000000
S13400,250235061026,1.000000000000000
S13403,250235061026,1.000000000000000
S13398,250235061031,0.994417364203631
S13400,250235061031,0.994417364203631
S13403,250235061031,0.994417364203631
S13398,250235061032,0.999623960787717
S13400,250235061032,0.999623960787717
S13403,250235061032,0.999623960787717
S13398,250235061041,0.999942563818787
S13400,250235061041,0.999942563818787
S13403,250235061041,0.999942563818787
S13398,250235061042,0.998883291401324
S13400,250235061042,0.998883291401324
S13403,250235061042,0.998883291401324
S13398,250235062021,1.000000000000000
S13400,250235062021,1.000000000000000
S13403,250235062021,1.000000000000000
S13398,250235062031,1.000000000000000
S13400,250235062031,1.000000000000000
S13403,250235062031,1.000000000000000
S13396,250251805002,1.000000000000000
S13398,250251805002,1.000000000000000
S13400,250251805002,1.000000000000000
S13403,250251805002,1.000000000000000
S13396,250251804001,0.996791350781981
S13398,250251804001,0.997153564171471
S13400,250251804001,0.997153564171471
S13403,250251804001,0.997153564171471
S13396,250251804002,1.000000000000000
S13398,250251804002,1.000000000000000
S13400,250251804002,1.000000000000000
S13403,250251804002,1.000000000000000
S13396,250251805001,1.000000000000000
S13398,250251805001,1.000000000000000
S13400,250251805001,1.000000000000000
S13403,250251805001,1.000000000000000
S13396,250251805003,1.000000000000000
S13398,250251805003,1.000000000000000
S13400,250251805003,1.000000000000000
S13403,250251805003,1.000000000000000
S13396,250251805004,1.000000000000000
S13398,250251805004,1.000000000000000
S13400,250251805004,1.000000000000000
S13403,250251805004,1.000000000000000
S13396,250259801011,0.999147760914812
S13398,250259801011,0.999194908141430
S13400,250259801011,0.999194908141430
S13403,250259801011,0.999194908141430
S13396,250259803001,1.000000000000000
S13398,250259803001,1.000000000000000
S13400,250259803001,1.000000000000000
S13403,250259803001,1.000000000000000
S13396,250259807001,1.000000000000000
S13398,250259807001,1.000000000000000
S13400,250259807001,1.000000000000000
S13403,250259807001,1.000000000000000
S13396,250259809001,1.000000000000000
S13398,250259809001,1.000000000000000
S13400,250259809001,1.000000000000000
S13403,250259809001,1.000000000000000
S13396,250259810001,1.000000000000000
S13398,250259810001,1.000000000000000
S13400,250259810001,1.000000000000000
S13403,250259810001,1.000000000000000
S13396,250259811001,1.000000000000000
S13398,250259811001,1.000000000000000
S13400,250259811001,1.000000000000000
S13403,250259811001,1.000000000000000
S13396,250259811002,1.000000000000000
S13398,250259811002,1.000000000000000
S13400,250259811002,1.000000000000000
S13403,250259811002,1.000000000000000
S13396,250259811003,1.000000000000000
S13398,250259811003,1.000000000000000
S13400,250259811003,1.000000000000000
S13403,250259811003,1.000000000000000
S13396,250259811004,1.000000000000000
S13398,250259811004,1.000000000000000
S13400,250259811004,1.000000000000000
S13403,250259811004,1.000000000000000
S13396,250259812011,0.992272231835795
S13398,250259812011,0.993402135615215
S13400,250259812011,0.993402135615215
S13403,250259812011,0.993402135615215
S13396,250259812021,0.943012149382830
S13398,250259812021,0.935249540695288
S13400,250259812021,0.935249540695288
S13403,250259812021,0.935249540695288
S13396,250259812022,0.960724390449314
S13398,250259812022,0.960386763016243
S13400,250259812022,0.960386763016243
S13403,250259812022,0.960386763016243
S13396,250259813001,0.999651053584617
S13398,250259813001,0.999753051013035
S13400,250259813001,0.999753051013035
S13403,250259813001,0.999753051013035
S13396,250259815011,1.000000000000000
S13398,250259815011,1.000000000000000
S13400,250259815011,1.000000000000000
S13403,250259815011,1.000000000000000
S13396,250259815021,1.000000000000000
S13398,250259815021,1.000000000000000
S13400,250259815021,1.000000000000000
S13403,250259815021,1.000000000000000
S13396,250259816001,0.992628121321001
S13398,250259816001,0.992601849755255
S13400,250259816001,0.992601849755255
S13403,250259816001,0.992601849755255
S13396,250259817001,1.000000000000000
S13398,250259817001,1.000000000000000
S13400,250259817001,1.000000000000000
S13403,250259817001,1.000000000000000
S13396,250259818001,1.000000000000000
S13398,250259818001,1.000000000000000
S13400,250259818001,1.000000000000000
S13403,250259818001,1.000000000000000
S13396,250259819001,1.000000000000000
S13398,250259819001,1.000000000000000
S13400,250259819001,1.000000000000000
S13403,250259819001,1.000000000000000
S13396,250173743001,1.000000000000000
S13398,250173743001,1.000000000000000
S13400,250173743001,1.000000000000000
S13403,250173743001,1.000000000000000
S13396,250173742001,1.000000000000000
S13398,250173742001,1.000000000000000
S13400,250173742001,1.000000000000000
S13403,250173742001,1.000000000000000
S13396,250173742002,1.000000000000000
S13398,250173742002,1.000000000000000
S13400,250173742002,1.000000000000000
S13403,250173742002,1.000000000000000
S13396,250173742003,1.000000000000000
S13398,250173742003,1.000000000000000
S13400,250173742003,1.000000000000000
S13403,250173742003,1.000000000000000
S13390,250173743002,0.001443732349985
S13391,250173743002,0.001443732349985
S13392,250173743002,0.001443732349985
S13396,250173743002,1.000000004897291
S13398,250173743002,1.000000004897291
S13400,250173743002,1.000000004897291
S13403,250173743002,1.000000004897291
S13396,250173743003,1.000000000000000
S13398,250173743003,1.000000000000000
S13400,250173743003,1.000000000000000
S13403,250173743003,1.000000000000000
S13396,250173744001,1.000000000000000
S13398,250173744001,1.000000000000000
S13400,250173744001,1.000000000000000
S13403,250173744001,1.000000000000000
S13396,250173744002,1.000000000000000
S13398,250173744002,1.000000000000000
S13400,250173744002,1.000000000000000
S13403,250173744002,1.000000000000000
S13396,250173744003,1.000000000000000
S13398,250173744003,1.000000000000000
S13400,250173744003,1.000000000000000
S13403,250173744003,1.000000000000000
S13396,250173744004,1.000000000000000
S13398,250173744004,1.000000000000000
S13400,250173744004,1.000000000000000
S13403,250173744004,1.000000000000000
S13396,250173744005,1.000000000000000
S13398,250173744005,1.000000000000000
S13400,250173744005,1.000000000000000
S13403,250173744005,1.000000000000000
S13396,250173745001,1.000000000000000
S13398,250173745001,1.000000000000000
S13400,250173745001,1.000000000000000
S13403,250173745001,1.000000000000000
S13396,250173745002,1.000000000000000
S13398,250173745002,1.000000000000000
S13400,250173745002,1.000000000000000
S13403,250173745002,1.000000000000000
S13396,250173745003,1.000000000000000
S13398,250173745003,1.000000000000000
S13400,250173745003,1.000000000000000
S13403,250173745003,1.000000000000000
S13396,250173745004,1.000000000000000
S13398,250173745004,1.000000000000000
S13400,250173745004,1.000000000000000
S13403,250173745004,1.000000000000000
S13396,250173745005,1.000000000000000
S13398,250173745005,1.000000000000000
S13400,250173745005,1.000000000000000
S13403,250173745005,1.000000000000000
S13396,250173746001,1.000000000000000
S13398,250173746001,1.000000000000000
S13400,250173746001,1.000000000000000
S13403,250173746001,1.000000000000000
S13396,250173746002,1.000000000000000
S13398,250173746002,1.000000000000000
S13400,250173746002,1.000000000000000
S13403,250173746002,1.000000000000000
S13396,250173746003,1.000000000000000
S13398,250173746003,1.000000000000000
S13400,250173746003,1.000000000000000
S13403,250173746003,1.000000000000000
S13396,250173746004,1.000000000000000
S13398,250173746004,1.000000000000000
S13400,250173746004,1.000000000000000
S13403,250173746004,1.000000000000000
S13396,250173747001,1.000000000000000
S13398,250173747001,1.000000000000000
S13400,250173747001,1.000000000000000
S13403,250173747001,1.000000000000000
S13396,250173747002,1.000000000000000
S13398,250173747002,1.000000000000000
S13400,250173747002,1.000000000000000
S13403,250173747002,1.000000000000000
S13396,250173747003,1.000000000000000
S13398,250173747003,1.000000000000000
S13400,250173747003,1.000000000000000
S13403,250173747003,1.000000000000000
S13396,250173748001,1.000000000000000
S13398,250173748001,1.000000000000000
S13400,250173748001,1.000000000000000
S13403,250173748001,1.000000000000000
S13390,250173748002,0.009446584974598
S13391,250173748002,0.009446584974598
S13392,250173748002,0.009446584974598
S13396,250173748002,1.000000018935869
S13398,250173748002,1.000000018935869
S13400,250173748002,1.000000018935869
S13403,250173748002,1.000000018935869
S13390,250173748003,0.010999383482469
S13391,250173748003,0.010999383482469
S13392,250173748003,0.010999383482469
S13396,250173748003,0.999999998294124
S13398,250173748003,0.999999998294124
S13400,250173748003,0.999999998294124
S13403,250173748003,0.999999998294124
S13390,250173821001,1.000000000000000
S13391,250173821001,1.000000000000000
S13392,250173821001,1.000000000000000
S13396,250173821001,1.000000000000000
S13398,250173821001,1.000000000000000
S13400,250173821001,1.000000000000000
S13403,250173821001,1.000000000000000
S13390,250173821002,1.000000008137371
S13391,250173821002,1.000000008137371
S13392,250173821002,1.000000008137371
S13396,250173821002,0.998681686734561
S13398,250173821002,1.000000008137371
S13400,250173821002,1.000000008137371
S13403,250173821002,1.000000008137371
S13390,250173821003,1.000000000000000
S13391,250173821003,1.000000000000000
S13392,250173821003,1.000000000000000
S13396,250173821003,1.000000000000000
S13398,250173821003,1.000000000000000
S13400,250173821003,1.000000000000000
S13403,250173821003,1.000000000000000
S13390,250173821004,1.000000000000000
S13391,250173821004,1.000000000000000
S13392,250173821004,1.000000000000000
S13396,250173821004,1.000000000000000
S13398,250173821004,1.000000000000000
S13400,250173821004,1.000000000000000
S13403,250173821004,1.000000000000000
S13390,250173821005,1.000000000000000
S13391,250173821005,1.000000000000000
S13392,250173821005,1.000000000000000
S13396,250173821005,1.000000000000000
S13398,250173821005,1.000000000000000
S13400,250173821005,1.000000000000000
S13403,250173821005,1.000000000000000
S13390,250173822001,1.000000000000000
S13391,250173822001,1.000000000000000
S13392,250173822001,1.000000000000000
S13396,250173822001,1.000000000000000
S13398,250173822001,1.000000000000000
S13400,250173822001,1.000000000000000
S13403,250173822001,1.000000000000000
S13390,250173822002,1.000000000000000
S13391,250173822002,1.000000000000000
S13392,250173822002,1.000000000000000
S13396,250173822002,1.000000000000000
S13398,250173822002,1.000000000000000
S13400,250173822002,1.000000000000000
S13403,250173822002,1.000000000000000
S13390,250173822003,1.000000000000000
S13391,250173822003,1.000000000000000
S13392,250173822003,1.000000000000000
S13396,250173822003,1.000000000000000
S13398,250173822003,1.000000000000000
S13400,250173822003,1.000000000000000
S13403,250173822003,1.000000000000000
S13390,250173822004,1.000000000000000
S13391,250173822004,1.000000000000000
S13392,250173822004,1.000000000000000
S13396,250173822004,1.000000000000000
S13398,250173822004,1.000000000000000
S13400,250173822004,1.000000000000000
S13403,250173822004,1.000000000000000
S13390,250173823001,1.000000000000000
S13391,250173823001,1.000000000000000
S13392,250173823001,1.000000000000000
S13396,250173823001,1.000000000000000
S13398,250173823001,1.000000000000000
S13400,250173823001,1.000000000000000
S13403,250173823001,1.000000000000000
S13390,250173823002,1.000000000000000
S13391,250173823002,1.000000000000000
S13392,250173823002,1.000000000000000
S13396,250173823002,1.000000000000000
S13398,250173823002,1.000000000000000
S13400,250173823002,1.000000000000000
S13403,250173823002,1.000000000000000
S13390,250173823003,1.000000004883269
S13391,250173823003,1.000000004883269
S13392,250173823003,1.000000004883269
S13396,250173823003,0.999737699070924
S13398,250173823003,1.000000004883269
S13400,250173823003,1.000000004883269
S13403,250173823003,1.000000004883269
S13390,250173823004,1.000000000000000
S13391,250173823004,1.000000000000000
S13392,250173823004,1.000000000000000
S13396,250173823004,1.000000000000000
S13398,250173823004,1.000000000000000
S13400,250173823004,1.000000000000000
S13403,250173823004,1.000000000000000
S13396,250214211004,0.999531050688056
S13398,250214211004,0.999853243372911
S13400,250214211004,0.999853243372911
S13403,250214211004,0.999853243372911
S13396,250214211001,1.000000000000000
S13398,250214211001,1.000000000000000
S13400,250214211001,1.000000000000000
S13403,250214211001,1.000000000000000
S13396,250214211002,1.000000000000000
S13398,250214211002,1.000000000000000
S13400,250214211002,1.000000000000000
S13403,250214211002,1.000000000000000
S13396,250214211003,1.000000000000000
S13398,250214211003,1.000000000000000
S13400,250214211003,1.000000000000000
S13403,250214211003,1.000000000000000
S13396,250214212001,1.000000000000000
S13398,250214212001,1.000000000000000
S13400,250214212001,1.000000000000000
S13403,250214212001,1.000000000000000
S13396,250214212002,1.000000000000000
S13398,250214212002,1.000000000000000
S13400,250214212002,1.000000000000000
S13403,250214212002,1.000000000000000
S13396,250214212003,0.999962875219975
S13398,250214212003,0.999999995072660
S13400,250214212003,0.999999995072660
S13403,250214212003,0.999999995072660
S13396,250214212004,1.000000000000000
S13398,250214212004,1.000000000000000
S13400,250214212004,1.000000000000000
S13403,250214212004,1.000000000000000
S13396,250214212005,1.000000000000000
S13398,250214212005,1.000000000000000
S13400,250214212005,1.000000000000000
S13403,250214212005,1.000000000000000
S13396,250214221001,1.000000000000000
S13398,250214221001,1.000000000000000
S13400,250214221001,1.000000000000000
S13403,250214221001,1.000000000000000
S13396,250214221002,0.999623599930495
S13398,250214221002,1.000000016348748
S13400,250214221002,1.000000016348748
S13403,250214221002,1.000000016348748
S13396,250214221003,0.999619115896816
S13398,250214221003,0.999999985989560
S13400,250214221003,0.999999985989560
S13403,250214221003,0.999999985989560
S13396,250214221004,1.000000000000000
S13398,250214221004,1.000000000000000
S13400,250214221004,1.000000000000000
S13403,250214221004,1.000000000000000
S13396,250214222011,0.999139738009174
S13398,250214222011,1.000000000512971
S13400,250214222011,1.000000000512971
S13403,250214222011,1.000000000512971
S13396,250214222012,0.999981850359647
S13398,250214222012,1.000000008914802
S13400,250214222012,1.000000008914802
S13403,250214222012,1.000000008914802
S13395,250214222021,0.000151042131490
S13396,250214222021,1.000000009518643
S13398,250214222021,1.000000009518643
S13400,250214222021,1.000000009518643
S13403,250214222021,1.000000009518643
S13396,250214222022,1.000000000000000
S13398,250214222022,1.000000000000000
S13400,250214222022,1.000000000000000
S13403,250214222022,1.000000000000000
S13396,250214222023,1.000000000000000
S13398,250214222023,1.000000000000000
S13400,250214222023,1.000000000000000
S13403,250214222023,1.000000000000000
S13396,250214222024,1.000000000000000
S13398,250214222024,1.000000000000000
S13400,250214222024,1.000000000000000
S13403,250214222024,1.000000000000000
S13395,250214222025,0.000015499090154
S13396,250214222025,0.999964494329367
S13398,250214222025,0.999999996020479
S13400,250214222025,0.999999996020479
S13403,250214222025,0.999999996020479
S13396,250214223011,1.000000000000000
S13398,250214223011,1.000000000000000
S13400,250214223011,1.000000000000000
S13403,250214223011,1.000000000000000
S13396,250214223012,1.000000000000000
S13398,250214223012,1.000000000000000
S13400,250214223012,1.000000000000000
S13403,250214223012,1.000000000000000
S13396,250214223031,1.000000000000000
S13398,250214223031,1.000000000000000
S13400,250214223031,1.000000000000000
S13403,250214223031,1.000000000000000
S13396,250214223032,1.000000000000000
S13398,250214223032,1.000000000000000
S13400,250214223032,1.000000000000000
S13403,250214223032,1.000000000000000
S13395,250214223033,0.000036701709429
S13396,250214223033,0.999999998874325
S13398,250214223033,0.999999998874325
S13400,250214223033,0.999999998874325
S13403,250214223033,0.999999998874325
S13396,250214223041,1.000000000000000
S13398,250214223041,1.000000000000000
S13400,250214223041,1.000000000000000
S13403,250214223041,1.000000000000000
S13395,250214223042,0.000035764086343
S13396,250214223042,0.999999989571428
S13398,250214223042,0.999999989571428
S13400,250214223042,0.999999989571428
S13403,250214223042,0.999999989571428
S13396,250250001011,1.000000000000000
S13398,250250001011,1.000000000000000
S13400,250250001011,1.000000000000000
S13403,250250001011,1.000000000000000
S13396,250250001012,1.000000000000000
S13398,250250001012,1.000000000000000
S13400,250250001012,1.000000000000000
S13403,250250001012,1.000000000000000
S13396,250250001021,1.000000000000000
S13398,250250001021,1.000000000000000
S13400,250250001021,1.000000000000000
S13403,250250001021,1.000000000000000
S13396,250250001022,1.000000000000000
S13398,250250001022,1.000000000000000
S13400,250250001022,1.000000000000000
S13403,250250001022,1.000000000000000
S13396,250250002011,1.000000000000000
S13398,250250002011,1.000000000000000
S13400,250250002011,1.000000000000000
S13403,250250002011,1.000000000000000
S13396,250250002012,1.000000000000000
S13398,250250002012,1.000000000000000
S13400,250250002012,1.000000000000000
S13403,250250002012,1.000000000000000
S13396,250250002013,1.000000000000000
S13398,250250002013,1.000000000000000
S13400,250250002013,1.000000000000000
S13403,250250002013,1.000000000000000
S13396,250250002014,1.000000000000000
S13398,250250002014,1.000000000000000
S13400,250250002014,1.000000000000000
S13403,250250002014,1.000000000000000
S13396,250250002021,1.000000000000000
S13398,250250002021,1.000000000000000
S13400,250250002021,1.000000000000000
S13403,250250002021,1.000000000000000
S13396,250250002022,1.000000000000000
S13398,250250002022,1.000000000000000
S13400,250250002022,1.000000000000000
S13403,250250002022,1.000000000000000
S13396,250250002023,1.000000000000000
S13398,250250002023,1.000000000000000
S13400,250250002023,1.000000000000000
S13403,250250002023,1.000000000000000
S13396,250250003011,1.000000000000000
S13398,250250003011,1.000000000000000
S13400,250250003011,1.000000000000000
S13403,250250003011,1.000000000000000
S13396,250250003012,1.000000000000000
S13398,250250003012,1.000000000000000
S13400,250250003012,1.000000000000000
S13403,250250003012,1.000000000000000
S13396,250250003013,1.000000000000000
S13398,250250003013,1.000000000000000
S13400,250250003013,1.000000000000000
S13403,250250003013,1.000000000000000
S13396,250250003014,1.000000000000000
S13398,250250003014,1.000000000000000
S13400,250250003014,1.000000000000000
S13403,250250003014,1.000000000000000
S13390,250179800001,0.000015066590998
S13391,250179800001,0.000015066590998
S13392,250179800001,0.000015066590998
S13398,250179800001,0.999999998190391
S13400,250179800001,0.999999998190391
S13403,250179800001,0.999999998190391
S13396,250214001001,1.000000000000000
S13398,250214001001,1.000000000000000
S13400,250214001001,1.000000000000000
S13403,250214001001,1.000000000000000
S13396,250214001002,1.000000000000000
S13398,250214001002,1.000000000000000
S13400,250214001002,1.000000000000000
S13403,250214001002,1.000000000000000
S13396,250214001003,1.000000000000000
S13398,250214001003,1.000000000000000
S13400,250214001003,1.000000000000000
S13403,250214001003,1.000000000000000
S13396,250214001004,1.000000000000000
S13398,250214001004,1.000000000000000
S13400,250214001004,1.000000000000000
S13403,250214001004,1.000000000000000
S13396,250214001005,1.000000000000000
S13398,250214001005,1.000000000000000
S13400,250214001005,1.000000000000000
S13403,250214001005,1.000000000000000
S13396,250214002011,1.000000000000000
S13398,250214002011,1.000000000000000
S13400,250214002011,1.000000000000000
S13403,250214002011,1.000000000000000
S13396,250214002021,1.000000000000000
S13398,250214002021,1.000000000000000
S13400,250214002021,1.000000000000000
S13403,250214002021,1.000000000000000
S13396,250214002022,1.000000000000000
S13398,250214002022,1.000000000000000
S13400,250214002022,1.000000000000000
S13403,250214002022,1.000000000000000
S13396,250214003001,1.000000000000000
S13398,250214003001,1.000000000000000
S13400,250214003001,1.000000000000000
S13403,250214003001,1.000000000000000
S13396,250214003002,1.000000000000000
S13398,250214003002,1.000000000000000
S13400,250214003002,1.000000000000000
S13403,250214003002,1.000000000000000
S13396,250214003003,1.000000000000000
S13398,250214003003,1.000000000000000
S13400,250214003003,1.000000000000000
S13403,250214003003,1.000000000000000
S13396,250173733001,1.000000000000000
S13398,250173733001,1.000000000000000
S13400,250173733001,1.000000000000000
S13403,250173733001,1.000000000000000
S13396,250173732002,1.000000000000000
S13398,250173732002,1.000000000000000
S13400,250173732002,1.000000000000000
S13403,250173732002,1.000000000000000
S13396,250173732003,1.000000000000000
S13398,250173732003,1.000000000000000
S13400,250173732003,1.000000000000000
S13403,250173732003,1.000000000000000
S13396,250173732004,1.000000000000000
S13398,250173732004,1.000000000000000
S13400,250173732004,1.000000000000000
S13403,250173732004,1.000000000000000
S13396,250173733002,1.000000000000000
S13398,250173733002,1.000000000000000
S13400,250173733002,1.000000000000000
S13403,250173733002,1.000000000000000
S13396,250173733003,1.000000000000000
S13398,250173733003,1.000000000000000
S13400,250173733003,1.000000000000000
S13403,250173733003,1.000000000000000
S13396,250173734001,1.000000000000000
S13398,250173734001,1.000000000000000
S13400,250173734001,1.000000000000000
S13403,250173734001,1.000000000000000
S13396,250173734002,1.000000000000000
S13398,250173734002,1.000000000000000
S13400,250173734002,1.000000000000000
S13403,250173734002,1.000000000000000
S13396,250173735001,1.000000000000000
S13398,250173735001,1.000000000000000
S13400,250173735001,1.000000000000000
S13403,250173735001,1.000000000000000
S13396,250173735002,1.000000000000000
S13398,250173735002,1.000000000000000
S13400,250173735002,1.000000000000000
S13403,250173735002,1.000000000000000
S13396,250173735003,1.000000000000000
S13398,250173735003,1.000000000000000
S13400,250173735003,1.000000000000000
S13403,250173735003,1.000000000000000
S13396,250173736001,1.000000000000000
S13398,250173736001,1.000000000000000
S13400,250173736001,1.000000000000000
S13403,250173736001,1.000000000000000
S13396,250173736002,1.000000000000000
S13398,250173736002,1.000000000000000
S13400,250173736002,1.000000000000000
S13403,250173736002,1.000000000000000
S13396,250173688002,1.000000000000000
S13398,250173688002,1.000000000000000
S13400,250173688002,1.000000000000000
S13403,250173688002,1.000000000000000
S13396,250173687001,1.000000000000000
S13398,250173687001,1.000000000000000
S13400,250173687001,1.000000000000000
S13403,250173687001,1.000000000000000
S13396,250173687002,1.000000000000000
S13398,250173687002,1.000000000000000
S13400,250173687002,1.000000000000000
S13403,250173687002,1.000000000000000
S13396,250173688001,1.000000000000000
S13398,250173688001,1.000000000000000
S13400,250173688001,1.000000000000000
S13403,250173688001,1.000000000000000
S13396,250173688003,1.000000000000000
S13398,250173688003,1.000000000000000
S13400,250173688003,1.000000000000000
S13403,250173688003,1.000000000000000
S13396,250173688004,1.000000000000000
S13398,250173688004,1.000000000000000
S13400,250173688004,1.000000000000000
S13403,250173688004,1.000000000000000
S13396,250173688005,1.000000000000000
S13398,250173688005,1.000000000000000
S13400,250173688005,1.000000000000000
S13403,250173688005,1.000000000000000
S13396,250173689011,1.000000000000000
S13398,250173689011,1.000000000000000
S13400,250173689011,1.000000000000000
S13403,250173689011,1.000000000000000
S13396,250173689012,1.000000000000000
S13398,250173689012,1.000000000000000
S13400,250173689012,1.000000000000000
S13403,250173689012,1.000000000000000
S13396,250173689013,1.000000000000000
S13398,250173689013,1.000000000000000
S13400,250173689013,1.000000000000000
S13403,250173689013,1.000000000000000
S13396,250173689014,1.000000000000000
S13398,250173689014,1.000000000000000
S13400,250173689014,1.000000000000000
S13403,250173689014,1.000000000000000
S13396,250173689015,1.000000000000000
S13398,250173689015,1.000000000000000
S13400,250173689015,1.000000000000000
S13403,250173689015,1.000000000000000
S13396,250173689016,1.000000000000000
S13398,250173689016,1.000000000000000
S13400,250173689016,1.000000000000000
S13403,250173689016,1.000000000000000
S13396,250173689021,1.000000000000000
S13398,250173689021,1.000000000000000
S13400,250173689021,1.000000000000000
S13403,250173689021,1.000000000000000
S13396,250173689022,1.000000000000000
S13398,250173689022,1.000000000000000
S13400,250173689022,1.000000000000000
S13403,250173689022,1.000000000000000
S13396,250173689023,1.000000000000000
S13398,250173689023,1.000000000000000
S13400,250173689023,1.000000000000000
S13403,250173689023,1.000000000000000
S13396,250173690001,1.000000000000000
S13398,250173690001,1.000000000000000
S13400,250173690001,1.000000000000000
S13403,250173690001,1.000000000000000
S13396,250173691001,1.000000000000000
S13398,250173691001,1.000000000000000
S13400,250173691001,1.000000000000000
S13403,250173691001,1.000000000000000
S13396,250173691002,1.000000000000000
S13398,250173691002,1.000000000000000
S13400,250173691002,1.000000000000000
S13403,250173691002,1.000000000000000
S13396,250173691003,1.000000000000000
S13398,250173691003,1.000000000000000
S13400,250173691003,1.000000000000000
S13403,250173691003,1.000000000000000
S13396,250173691004,1.000000000000000
S13398,250173691004,1.000000000000000
S13400,250173691004,1.000000000000000
S13403,250173691004,1.000000000000000
S13396,250173701011,1.000000000000000
S13398,250173701011,1.000000000000000
S13400,250173701011,1.000000000000000
S13403,250173701011,1.000000000000000
S13396,250173701012,1.000000000000000
S13398,250173701012,1.000000000000000
S13400,250173701012,1.000000000000000
S13403,250173701012,1.000000000000000
S13396,250173701013,1.000000000000000
S13398,250173701013,1.000000000000000
S13400,250173701013,1.000000000000000
S13403,250173701013,1.000000000000000
S13396,250173701014,1.000000000000000
S13398,250173701014,1.000000000000000
S13400,250173701014,1.000000000000000
S13403,250173701014,1.000000000000000
S13396,250173701015,1.000000000000000
S13398,250173701015,1.000000000000000
S13400,250173701015,1.000000000000000
S13403,250173701015,1.000000000000000
S13396,250173701031,1.000000000000000
S13398,250173701031,1.000000000000000
S13400,250173701031,1.000000000000000
S13403,250173701031,1.000000000000000
S13396,250173701032,1.000000000000000
S13398,250173701032,1.000000000000000
S13400,250173701032,1.000000000000000
S13403,250173701032,1.000000000000000
S13396,250173701033,1.000000000000000
S13398,250173701033,1.000000000000000
S13400,250173701033,1.000000000000000
S13403,250173701033,1.000000000000000
S13396,250173701041,1.000000000000000
S13398,250173701041,1.000000000000000
S13400,250173701041,1.000000000000000
S13403,250173701041,1.000000000000000
S13396,250173701042,1.000000000000000
S13398,250173701042,1.000000000000000
S13400,250173701042,1.000000000000000
S13403,250173701042,1.000000000000000
S13396,250173702011,1.000000000000000
S13398,250173702011,1.000000000000000
S13400,250173702011,1.000000000000000
S13403,250173702011,1.000000000000000
S13396,250173564006,1.000000000000000
S13398,250173564006,1.000000000000000
S13400,250173564006,1.000000000000000
S13403,250173564006,1.000000000000000
S13396,250173564003,1.000000000000000
S13398,250173564003,1.000000000000000
S13400,250173564003,1.000000000000000
S13403,250173564003,1.000000000000000
S13396,250173564004,1.000000000000000
S13398,250173564004,1.000000000000000
S13400,250173564004,1.000000000000000
S13403,250173564004,1.000000000000000
S13396,250173564005,1.000000000000000
S13398,250173564005,1.000000000000000
S13400,250173564005,1.000000000000000
S13403,250173564005,1.000000000000000
S13396,250173564007,1.000000000000000
S13398,250173564007,1.000000000000000
S13400,250173564007,1.000000000000000
S13403,250173564007,1.000000000000000
S13396,250173564008,1.000000000000000
S13398,250173564008,1.000000000000000
S13400,250173564008,1.000000000000000
S13403,250173564008,1.000000000000000
S13396,250173565001,1.000000000000000
S13398,250173565001,1.000000000000000
S13400,250173565001,1.000000000000000
S13403,250173565001,1.000000000000000
S13396,250173565002,1.000000000000000
S13398,250173565002,1.000000000000000
S13400,250173565002,1.000000000000000
S13403,250173565002,1.000000000000000
S13396,250173565003,1.000000000000000
S13398,250173565003,1.000000000000000
S13400,250173565003,1.000000000000000
S13403,250173565003,1.000000000000000
S13396,250173565004,1.000000000000000
S13398,250173565004,1.000000000000000
S13400,250173565004,1.000000000000000
S13403,250173565004,1.000000000000000
S13396,250173565005,1.000000000000000
S13398,250173565005,1.000000000000000
S13400,250173565005,1.000000000000000
S13403,250173565005,1.000000000000000
S13396,250173419033,1.000000000000000
S13398,250173419033,1.000000000000000
S13400,250173419033,1.000000000000000
S13403,250173419033,1.000000000000000
S13396,250173419031,1.000000000000000
S13398,250173419031,1.000000000000000
S13400,250173419031,1.000000000000000
S13403,250173419031,1.000000000000000
S13396,250173419032,1.000000000000000
S13398,250173419032,1.000000000000000
S13400,250173419032,1.000000000000000
S13403,250173419032,1.000000000000000
S13396,250173736003,1.000000000000000
S13398,250173736003,1.000000000000000
S13400,250173736003,1.000000000000000
S13403,250173736003,1.000000000000000
S13396,250173737001,1.000000000000000
S13398,250173737001,1.000000000000000
S13400,250173737001,1.000000000000000
S13403,250173737001,1.000000000000000
S13396,250173737002,1.000000000000000
S13398,250173737002,1.000000000000000
S13400,250173737002,1.000000000000000
S13403,250173737002,1.000000000000000
S13396,250173737003,1.000000000000000
S13398,250173737003,1.000000000000000
S13400,250173737003,1.000000000000000
S13403,250173737003,1.000000000000000
S13396,250173737004,1.000000000000000
S13398,250173737004,1.000000000000000
S13400,250173737004,1.000000000000000
S13403,250173737004,1.000000000000000
S13396,250173738001,1.000000000000000
S13398,250173738001,1.000000000000000
S13400,250173738001,1.000000000000000
S13403,250173738001,1.000000000000000
S13396,250173738002,1.000000000000000
S13398,250173738002,1.000000000000000
S13400,250173738002,1.000000000000000
S13403,250173738002,1.000000000000000
S13396,250173738003,1.000000000000000
S13398,250173738003,1.000000000000000
S13400,250173738003,1.000000000000000
S13403,250173738003,1.000000000000000
S13396,250173738004,1.000000000000000
S13398,250173738004,1.000000000000000
S13400,250173738004,1.000000000000000
S13403,250173738004,1.000000000000000
S13396,250173739011,1.000000000000000
S13398,250173739011,1.000000000000000
S13400,250173739011,1.000000000000000
S13403,250173739011,1.000000000000000
S13396,250173739012,1.000000000000000
S13398,250173739012,1.000000000000000
S13400,250173739012,1.000000000000000
S13403,250173739012,1.000000000000000
S13396,250173739021,1.000000000000000
S13398,250173739021,1.000000000000000
S13400,250173739021,1.000000000000000
S13403,250173739021,1.000000000000000
S13396,250173739022,1.000000000000000
S13398,250173739022,1.000000000000000
S13400,250173739022,1.000000000000000
S13403,250173739022,1.000000000000000
S13396,250173739023,1.000000000000000
S13398,250173739023,1.000000000000000
S13400,250173739023,1.000000000000000
S13403,250173739023,1.000000000000000
S13396,250173740001,1.000000000000000
S13398,250173740001,1.000000000000000
S13400,250173740001,1.000000000000000
S13403,250173740001,1.000000000000000
S13396,250173740002,1.000000000000000
S13398,250173740002,1.000000000000000
S13400,250173740002,1.000000000000000
S13403,250173740002,1.000000000000000
S13396,250173740003,1.000000000000000
S13398,250173740003,1.000000000000000
S13400,250173740003,1.000000000000000
S13403,250173740003,1.000000000000000
S13396,250173741001,1.000000000000000
S13398,250173741001,1.000000000000000
S13400,250173741001,1.000000000000000
S13403,250173741001,1.000000000000000
S13390,250173741002,0.000008429128015
S13391,250173741002,0.000008429128015
S13392,250173741002,0.000008429128015
S13396,250173741002,0.999999984005525
S13398,250173741002,0.999999984005525
S13400,250173741002,0.999999984005525
S13403,250173741002,0.999999984005525
S13396,250173741003,1.000000000000000
S13398,250173741003,1.000000000000000
S13400,250173741003,1.000000000000000
S13403,250173741003,1.000000000000000
S13396,250173565006,1.000000000000000
S13398,250173565006,1.000000000000000
S13400,250173565006,1.000000000000000
S13403,250173565006,1.000000000000000
S13396,250173566011,1.000000000000000
S13398,250173566011,1.000000000000000
S13400,250173566011,1.000000000000000
S13403,250173566011,1.000000000000000
S13396,250173566012,1.000000000000000
S13398,250173566012,1.000000000000000
S13400,250173566012,1.000000000000000
S13403,250173566012,1.000000000000000
S13396,250173566013,1.000000000000000
S13398,250173566013,1.000000000000000
S13400,250173566013,1.000000000000000
S13403,250173566013,1.000000000000000
S13396,250173566014,1.000000000000000
S13398,250173566014,1.000000000000000
S13400,250173566014,1.000000000000000
S13403,250173566014,1.000000000000000
S13396,250173566015,1.000000000000000
S13398,250173566015,1.000000000000000
S13400,250173566015,1.000000000000000
S13403,250173566015,1.000000000000000
S13396,250173566021,1.000000000000000
S13398,250173566021,1.000000000000000
S13400,250173566021,1.000000000000000
S13403,250173566021,1.000000000000000
S13396,250173566022,1.000000000000000
S13398,250173566022,1.000000000000000
S13400,250173566022,1.000000000000000
S13403,250173566022,1.000000000000000
S13396,250173566023,1.000000000000000
S13398,250173566023,1.000000000000000
S13400,250173566023,1.000000000000000
S13403,250173566023,1.000000000000000
S13396,250173566024,1.000000000000000
S13398,250173566024,1.000000000000000
S13400,250173566024,1.000000000000000
S13403,250173566024,1.000000000000000
S13396,250173567011,1.000000000000000
S13398,250173567011,1.000000000000000
S13400,250173567011,1.000000000000000
S13403,250173567011,1.000000000000000
S13396,250173567012,1.000000000000000
S13398,250173567012,1.000000000000000
S13400,250173567012,1.000000000000000
S13403,250173567012,1.000000000000000
S13396,250173567013,1.000000000000000
S13398,250173567013,1.000000000000000
S13400,250173567013,1.000000000000000
S13403,250173567013,1.000000000000000
S13396,250173567014,1.000000000000000
S13398,250173567014,1.000000000000000
S13400,250173567014,1.000000000000000
S13403,250173567014,1.000000000000000
S13396,250173567015,1.000000000000000
S13398,250173567015,1.000000000000000
S13400,250173567015,1.000000000000000
S13403,250173567015,1.000000000000000
S13396,250173567016,1.000000000000000
S13398,250173567016,1.000000000000000
S13400,250173567016,1.000000000000000
S13403,250173567016,1.000000000000000
S13396,250173567031,1.000000000000000
S13398,250173567031,1.000000000000000
S13400,250173567031,1.000000000000000
S13403,250173567031,1.000000000000000
S13396,250173567032,1.000000000000000
S13398,250173567032,1.000000000000000
S13400,250173567032,1.000000000000000
S13403,250173567032,1.000000000000000
S13396,250173567033,1.000000000000000
S13398,250173567033,1.000000000000000
S13400,250173567033,1.000000000000000
S13403,250173567033,1.000000000000000
S13396,250173567041,1.000000000000000
S13398,250173567041,1.000000000000000
S13400,250173567041,1.000000000000000
S13403,250173567041,1.000000000000000
S13396,250173421012,1.000000000000000
S13398,250173421012,1.000000000000000
S13400,250173421012,1.000000000000000
S13403,250173421012,1.000000000000000
S13396,250173421013,1.000000000000000
S13398,250173421013,1.000000000000000
S13400,250173421013,1.000000000000000
S13403,250173421013,1.000000000000000
S13396,250173421014,1.000000000000000
S13398,250173421014,1.000000000000000
S13400,250173421014,1.000000000000000
S13403,250173421014,1.000000000000000
S13396,250173421021,1.000000000000000
S13398,250173421021,1.000000000000000
S13400,250173421021,1.000000000000000
S13403,250173421021,1.000000000000000
S13396,250173421022,1.000000000000000
S13398,250173421022,1.000000000000000
S13400,250173421022,1.000000000000000
S13403,250173421022,1.000000000000000
S13396,250173421023,1.000000000000000
S13398,250173421023,1.000000000000000
S13400,250173421023,1.000000000000000
S13403,250173421023,1.000000000000000
S13396,250173421024,1.000000000000000
S13398,250173421024,1.000000000000000
S13400,250173421024,1.000000000000000
S13403,250173421024,1.000000000000000
S13396,250173422011,1.000000000000000
S13398,250173422011,1.000000000000000
S13400,250173422011,1.000000000000000
S13403,250173422011,1.000000000000000
S13396,250173422012,1.000000000000000
S13398,250173422012,1.000000000000000
S13400,250173422012,1.000000000000000
S13403,250173422012,1.000000000000000
S13396,250173422013,1.000000000000000
S13398,250173422013,1.000000000000000
S13400,250173422013,1.000000000000000
S13403,250173422013,1.000000000000000
S13396,250173422014,1.000000000000000
S13398,250173422014,1.000000000000000
S13400,250173422014,1.000000000000000
S13403,250173422014,1.000000000000000
S13396,250173422021,1.000000000000000
S13398,250173422021,1.000000000000000
S13400,250173422021,1.000000000000000
S13403,250173422021,1.000000000000000
S13396,250173422022,1.000000000000000
S13398,250173422022,1.000000000000000
S13400,250173422022,1.000000000000000
S13403,250173422022,1.000000000000000
S13396,250173422023,1.000000000000000
S13398,250173422023,1.000000000000000
S13400,250173422023,1.000000000000000
S13403,250173422023,1.000000000000000
S13396,250173423011,1.000000000000000
S13398,250173423011,1.000000000000000
S13400,250173423011,1.000000000000000
S13403,250173423011,1.000000000000000
S13396,250173423012,1.000000000000000
S13398,250173423012,1.000000000000000
S13400,250173423012,1.000000000000000
S13403,250173423012,1.000000000000000
S13396,250173423021,1.000000000000000
S13398,250173423021,1.000000000000000
S13400,250173423021,1.000000000000000
S13403,250173423021,1.000000000000000
S13396,250173423022,1.000000000000000
S13398,250173423022,1.000000000000000
S13400,250173423022,1.000000000000000
S13403,250173423022,1.000000000000000
S13396,250173423023,1.000000000000000
S13398,250173423023,1.000000000000000
S13400,250173423023,1.000000000000000
S13403,250173423023,1.000000000000000
S13396,250173424011,1.000000000000000
S13398,250173424011,1.000000000000000
S13400,250173424011,1.000000000000000
S13403,250173424011,1.000000000000000
S13396,250173424012,1.000000000000000
S13398,250173424012,1.000000000000000
S13400,250173424012,1.000000000000000
S13403,250173424012,1.000000000000000
S13396,250173311021,0.999908385242362
S13398,250173311021,1.000000007278820
S13399,250173311021,0.999908385242362
S13400,250173311021,1.000000007278820
S13403,250173311021,1.000000007278820
S13396,250173302023,0.001284179927137
S13398,250173302023,0.999999983372959
S13399,250173302023,0.001284179927137
S13400,250173302023,0.999999983372959
S13403,250173302023,0.999999983372959
S13396,250173311011,1.000000000000000
S13398,250173311011,1.000000000000000
S13399,250173311011,1.000000000000000
S13400,250173311011,1.000000000000000
S13403,250173311011,1.000000000000000
S13396,250173311012,0.999569491777755
S13398,250173311012,0.999999995521926
S13399,250173311012,0.999569491777755
S13400,250173311012,0.999999995521926
S13403,250173311012,0.999999995521926
S13396,250173311022,0.999999998534717
S13398,250173311022,0.999999998534717
S13399,250173311022,0.999913653913703
S13400,250173311022,0.999999998534717
S13403,250173311022,0.999999998534717
S13396,250173311023,1.000000000000000
S13398,250173311023,1.000000000000000
S13399,250173311023,1.000000000000000
S13400,250173311023,1.000000000000000
S13403,250173311023,1.000000000000000
S13396,250173311024,1.000000000000000
S13398,250173311024,1.000000000000000
S13399,250173311024,1.000000000000000
S13400,250173311024,1.000000000000000
S13403,250173311024,1.000000000000000
S13396,250173312001,0.999938737952214
S13398,250173312001,1.000000000813860
S13399,250173312001,0.999938737952214
S13400,250173312001,1.000000000813860
S13403,250173312001,1.000000000813860
S13396,250173419041,1.000000000000000
S13398,250173419041,1.000000000000000
S13400,250173419041,1.000000000000000
S13403,250173419041,1.000000000000000
S13396,250173419042,1.000000000000000
S13398,250173419042,1.000000000000000
S13400,250173419042,1.000000000000000
S13403,250173419042,1.000000000000000
S13396,250173419043,1.000000000000000
S13398,250173419043,1.000000000000000
S13400,250173419043,1.000000000000000
S13403,250173419043,1.000000000000000
S13396,250173421011,1.000000000000000
S13398,250173421011,1.000000000000000
S13400,250173421011,1.000000000000000
S13403,250173421011,1.000000000000000
S13396,250173312002,1.000000000000000
S13398,250173312002,1.000000000000000
S13399,250173312002,1.000000000000000
S13400,250173312002,1.000000000000000
S13403,250173312002,1.000000000000000
S13396,250173312003,1.000000000000000
S13398,250173312003,1.000000000000000
S13399,250173312003,1.000000000000000
S13400,250173312003,1.000000000000000
S13403,250173312003,1.000000000000000
S13396,250173313001,0.999750925304887
S13398,250173313001,1.000000012675405
S13399,250173313001,0.999750925304887
S13400,250173313001,1.000000012675405
S13403,250173313001,1.000000012675405
S13396,250173313002,0.999876693784570
S13398,250173313002,1.000000001837423
S13399,250173313002,0.999865185083506
S13400,250173313002,1.000000001837423
S13403,250173313002,1.000000001837423
S13396,250173313003,0.999999999885489
S13398,250173313003,0.999999999885489
S13399,250173313003,0.999806420421836
S13400,250173313003,0.999999999885489
S13403,250173313003,0.999999999885489
S13396,250173321001,0.999931852712967
S13398,250173321001,0.999999998395518
S13399,250173321001,0.000037556966756
S13400,250173321001,0.999999998395518
S13403,250173321001,0.999999998395518
S13396,250173321002,1.000000000000000
S13398,250173321002,1.000000000000000
S13400,250173321002,1.000000000000000
S13403,250173321002,1.000000000000000
S13396,250173321003,1.000000000000000
S13398,250173321003,1.000000000000000
S13400,250173321003,1.000000000000000
S13403,250173321003,1.000000000000000
S13396,250173321004,1.000000000000000
S13398,250173321004,1.000000000000000
S13400,250173321004,1.000000000000000
S13403,250173321004,1.000000000000000
S13396,250173322011,1.000000000000000
S13398,250173322011,1.000000000000000
S13400,250173322011,1.000000000000000
S13403,250173322011,1.000000000000000
S13396,250173322021,1.000000000000000
S13398,250173322021,1.000000000000000
S13400,250173322021,1.000000000000000
S13403,250173322021,1.000000000000000
S13396,250173322022,1.000000000000000
S13398,250173322022,1.000000000000000
S13400,250173322022,1.000000000000000
S13403,250173322022,1.000000000000000
S13396,250173322023,1.000000000000000
S13398,250173322023,1.000000000000000
S13400,250173322023,1.000000000000000
S13403,250173322023,1.000000000000000
S13396,250173322024,1.000000000000000
S13398,250173322024,1.000000000000000
S13400,250173322024,1.000000000000000
S13403,250173322024,1.000000000000000
S13396,250173323001,1.000000000000000
S13398,250173323001,1.000000000000000
S13400,250173323001,1.000000000000000
S13403,250173323001,1.000000000000000
S13396,250173323002,1.000000000000000
S13398,250173323002,1.000000000000000
S13400,250173323002,1.000000000000000
S13403,250173323002,1.000000000000000
S13396,250173323003,1.000000000000000
S13398,250173323003,1.000000000000000
S13400,250173323003,1.000000000000000
S13403,250173323003,1.000000000000000
S13396,250173323004,1.000000000000000
S13398,250173323004,1.000000000000000
S13400,250173323004,1.000000000000000
S13403,250173323004,1.000000000000000
S13396,250173324011,1.000000000000000
S13398,250173324011,1.000000000000000
S13400,250173324011,1.000000000000000
S13403,250173324011,1.000000000000000
S13396,250173324012,1.000000000000000
S13398,250173324012,1.000000000000000
S13400,250173324012,1.000000000000000
S13403,250173324012,1.000000000000000
S13396,250173324021,1.000000000000000
S13398,250173324021,1.000000000000000
S13400,250173324021,1.000000000000000
S13403,250173324021,1.000000000000000
S13396,250173324022,1.000000000000000
S13398,250173324022,1.000000000000000
S13400,250173324022,1.000000000000000
S13403,250173324022,1.000000000000000
S13396,250173331001,1.000000000000000
S13398,250173331001,1.000000000000000
S13400,250173331001,1.000000000000000
S13403,250173331001,1.000000000000000
S13390,250173840041,1.000000000000000
S13391,250173840041,1.000000000000000
S13392,250173840041,1.000000000000000
S13396,250173840041,1.000000000000000
S13398,250173840041,1.000000000000000
S13400,250173840041,1.000000000000000
S13403,250173840041,1.000000000000000
S13390,250173851011,1.000000000000000
S13391,250173851011,1.000000000000000
S13392,250173851011,1.000000000000000
S13398,250173851011,1.000000000000000
S13400,250173851011,1.000000000000000
S13403,250173851011,1.000000000000000
S13390,250173851021,1.000000000000000
S13391,250173851021,1.000000000000000
S13392,250173851021,1.000000000000000
S13398,250173851021,1.000000000000000
S13400,250173851021,1.000000000000000
S13403,250173851021,1.000000000000000
S13390,250173851022,1.000000000000000
S13391,250173851022,1.000000000000000
S13392,250173851022,1.000000000000000
S13398,250173851022,1.000000000000000
S13400,250173851022,1.000000000000000
S13403,250173851022,1.000000000000000
S13390,250173851023,1.000000007673084
S13391,250173851023,1.000000007673084
S13392,250173851023,1.000000007673084
S13398,250173851023,1.000000007673084
S13400,250173851023,1.000000007673084
S13403,250173851023,1.000000007673084
S13390,250173852011,1.000000000000000
S13391,250173852011,1.000000000000000
S13392,250173852011,1.000000000000000
S13398,250173852011,1.000000000000000
S13400,250173852011,1.000000000000000
S13403,250173852011,1.000000000000000
S13390,250173852031,0.999999982462897
S13391,250173852031,0.999999982462897
S13392,250173852031,0.999999982462897
S13396,250173852031,0.000007321769049
S13398,250173852031,0.999999982462897
S13400,250173852031,0.999999982462897
S13403,250173852031,0.999999982462897
S13390,250173852032,1.000000000000000
S13391,250173852032,1.000000000000000
S13392,250173852032,1.000000000000000
S13398,250173852032,1.000000000000000
S13400,250173852032,1.000000000000000
S13403,250173852032,1.000000000000000
S13390,250173852033,1.000000024005665
S13391,250173852033,1.000000024005665
S13392,250173852033,1.000000024005665
S13396,250173852033,0.000060503528918
S13398,250173852033,1.000000024005665
S13400,250173852033,1.000000024005665
S13403,250173852033,1.000000024005665
S13390,250173852041,1.000000000000000
S13391,250173852041,1.000000000000000
S13392,250173852041,1.000000000000000
S13398,250173852041,1.000000000000000
S13400,250173852041,1.000000000000000
S13403,250173852041,1.000000000000000
S13390,250173861001,0.999999992332993
S13391,250173861001,0.999999992332993
S13392,250173861001,0.999999992332993
S13396,250173861001,0.000099699600510
S13398,250173861001,0.999999992332993
S13400,250173861001,0.999999992332993
S13403,250173861001,0.999999992332993
S13390,250173861002,0.999993486563725
S13391,250173861002,0.999993486563725
S13392,250173861002,0.999993486563725
S13396,250173861002,0.000002902734370
S13398,250173861002,0.999999998903037
S13400,250173861002,0.999999998903037
S13403,250173861002,0.999999998903037
S13390,250173861003,1.000000000000000
S13391,250173861003,1.000000000000000
S13392,250173861003,1.000000000000000
S13398,250173861003,1.000000000000000
S13400,250173861003,1.000000000000000
S13403,250173861003,1.000000000000000
S13390,250173871001,0.999988344876498
S13391,250173871001,0.999988344876498
S13392,250173871001,0.999988344876498
S13398,250173871001,1.000000000531121
S13400,250173871001,1.000000000531121
S13403,250173871001,1.000000000531121
S13390,250173871002,0.999997226306426
S13391,250173871002,0.999997226306426
S13392,250173871002,0.999997226306426
S13398,250173871002,1.000000001428433
S13400,250173871002,1.000000001428433
S13403,250173871002,1.000000001428433
S13390,250173871003,1.000000000000000
S13391,250173871003,1.000000000000000
S13392,250173871003,1.000000000000000
S13398,250173871003,1.000000000000000
S13400,250173871003,1.000000000000000
S13403,250173871003,1.000000000000000
S13390,250173871004,0.999993894211330
S13391,250173871004,0.999993894211330
S13392,250173871004,0.999993894211330
S13398,250173871004,0.999999998513089
S13400,250173871004,0.999999998513089
S13403,250173871004,0.999999998513089
S13390,250173872011,1.000000000000000
S13391,250173872011,1.000000000000000
S13392,250173872011,1.000000000000000
S13398,250173872011,1.000000000000000
S13400,250173872011,1.000000000000000
S13403,250173872011,1.000000000000000
S13390,250173872012,1.000000000000000
S13391,250173872012,1.000000000000000
S13392,250173872012,1.000000000000000
S13398,250173872012,1.000000000000000
S13400,250173872012,1.000000000000000
S13403,250173872012,1.000000000000000
S13390,250173872013,1.000000000000000
S13391,250173872013,1.000000000000000
S13392,250173872013,1.000000000000000
S13398,250173872013,1.000000000000000
S13400,250173872013,1.000000000000000
S13403,250173872013,1.000000000000000
S13390,250173872014,1.000000000000000
S13391,250173872014,1.000000000000000
S13392,250173872014,1.000000000000000
S13398,250173872014,1.000000000000000
S13400,250173872014,1.000000000000000
S13403,250173872014,1.000000000000000
S13390,250173872015,1.000000000000000
S13391,250173872015,1.000000000000000
S13392,250173872015,1.000000000000000
S13398,250173872015,1.000000000000000
S13400,250173872015,1.000000000000000
S13403,250173872015,1.000000000000000
S13390,250173872021,1.000000000000000
S13391,250173872021,1.000000000000000
S13392,250173872021,1.000000000000000
S13398,250173872021,1.000000000000000
S13400,250173872021,1.000000000000000
S13403,250173872021,1.000000000000000
S13390,250173872022,1.000000000000000
S13391,250173872022,1.000000000000000
S13392,250173872022,1.000000000000000
S13398,250173872022,1.000000000000000
S13400,250173872022,1.000000000000000
S13403,250173872022,1.000000000000000
S13390,250173872023,1.000000000000000
S13391,250173872023,1.000000000000000
S13392,250173872023,1.000000000000000
S13398,250173872023,1.000000000000000
S13400,250173872023,1.000000000000000
S13403,250173872023,1.000000000000000
S13398,250173881001,1.000000000000000
S13400,250173881001,1.000000000000000
S13403,250173881001,1.000000000000000
S13398,250173881002,1.000000000000000
S13400,250173881002,1.000000000000000
S13403,250173881002,1.000000000000000
S13398,250173881003,1.000000000000000
S13400,250173881003,1.000000000000000
S13403,250173881003,1.000000000000000
S13398,250235062032,1.000000000000000
S13400,250235062032,1.000000000000000
S13403,250235062032,1.000000000000000
S13398,250235062033,0.999151583427562
S13400,250235062033,0.999151583427562
S13403,250235062033,0.999151583427562
S13398,250235062051,1.000000000000000
S13400,250235062051,1.000000000000000
S13403,250235062051,1.000000000000000
S13398,250235062052,1.000000000000000
S13400,250235062052,1.000000000000000
S13403,250235062052,1.000000000000000
S13398,250235062061,0.999931767336411
S13400,250235062061,0.999931767336411
S13403,250235062061,0.999931767336411
S13398,250235062062,1.000000000000000
S13400,250235062062,1.000000000000000
S13403,250235062062,1.000000000000000
S13398,250235062063,1.000000000000000
S13400,250235062063,1.000000000000000
S13403,250235062063,1.000000000000000
S13396,250092056003,1.000000000000000
S13398,250092056003,1.000000000000000
S13400,250092056003,1.000000000000000
S13403,250092056003,1.000000000000000
S13396,250092055002,1.000000000000000
S13398,250092055002,1.000000000000000
S13400,250092055002,1.000000000000000
S13403,250092055002,1.000000000000000
S13396,250092056001,1.000000000000000
S13398,250092056001,1.000000000000000
S13400,250092056001,1.000000000000000
S13403,250092056001,1.000000000000000
S13396,250092056002,0.999899653814236
S13398,250092056002,0.999952365683414
S13400,250092056002,0.999952365683414
S13403,250092056002,0.999952365683414
S13396,250092056004,1.000000000000000
S13398,250092056004,1.000000000000000
S13400,250092056004,1.000000000000000
S13403,250092056004,1.000000000000000
S13396,250092057001,1.000000000000000
S13398,250092057001,1.000000000000000
S13400,250092057001,1.000000000000000
S13403,250092057001,1.000000000000000
S13396,250092057002,1.000000193417135
S13398,250092057002,1.000000193417135
S13400,250092057002,1.000000193417135
S13403,250092057002,1.000000193417135
S13396,250092057003,1.000000951700162
S13398,250092057003,1.000000951700162
S13400,250092057003,1.000000951700162
S13403,250092057003,1.000000951700162
S13396,250092057004,1.000000000000000
S13398,250092057004,1.000000000000000
S13400,250092057004,1.000000000000000
S13403,250092057004,1.000000000000000
S13396,250092057005,0.997430949128393
S13398,250092057005,0.997635901577440
S13400,250092057005,0.997635901577440
S13403,250092057005,0.997635901577440
S13396,250092058001,1.000000000000000
S13398,250092058001,1.000000000000000
S13400,250092058001,1.000000000000000
S13403,250092058001,1.000000000000000
S13396,250092058002,1.000000000000000
S13398,250092058002,1.000000000000000
S13400,250092058002,1.000000000000000
S13403,250092058002,1.000000000000000
S13396,250092058003,0.992982446534245
S13398,250092058003,0.993101790586239
S13400,250092058003,0.993101790586239
S13403,250092058003,0.993101790586239
S13396,250092059001,1.000000000000000
S13398,250092059001,1.000000000000000
S13400,250092059001,1.000000000000000
S13403,250092059001,1.000000000000000
S13396,250092059002,1.000000000000000
S13398,250092059002,1.000000000000000
S13400,250092059002,1.000000000000000
S13403,250092059002,1.000000000000000
S13396,250092059003,1.000000000000000
S13398,250092059003,1.000000000000000
S13400,250092059003,1.000000000000000
S13403,250092059003,1.000000000000000
S13396,250092060001,1.000000000000000
S13398,250092060001,1.000000000000000
S13400,250092060001,1.000000000000000
S13403,250092060001,1.000000000000000
S13396,250092060002,1.000000000000000
S13398,250092060002,1.000000000000000
S13400,250092060002,1.000000000000000
S13403,250092060002,1.000000000000000
S13396,250092061001,1.000000000000000
S13398,250092061001,1.000000000000000
S13400,250092061001,1.000000000000000
S13403,250092061001,1.000000000000000
S13396,250092061002,1.000000000000000
S13398,250092061002,1.000000000000000
S13400,250092061002,1.000000000000000
S13403,250092061002,1.000000000000000
S13396,250092062001,1.000000000000000
S13398,250092062001,1.000000000000000
S13400,250092062001,1.000000000000000
S13403,250092062001,1.000000000000000
S13396,250092062002,1.000000000000000
S13398,250092062002,1.000000000000000
S13400,250092062002,1.000000000000000
S13403,250092062002,1.000000000000000
S13396,250092062003,1.000000000000000
S13398,250092062003,1.000000000000000
S13400,250092062003,1.000000000000000
S13403,250092062003,1.000000000000000
S13396,250092063001,1.000000000000000
S13398,250092063001,1.000000000000000
S13400,250092063001,1.000000000000000
S13403,250092063001,1.000000000000000
S13396,250092063002,1.000000000000000
S13398,250092063002,1.000000000000000
S13400,250092063002,1.000000000000000
S13403,250092063002,1.000000000000000
S13396,250092063003,1.000000000000000
S13398,250092063003,1.000000000000000
S13400,250092063003,1.000000000000000
S13403,250092063003,1.000000000000000
S13396,250092063004,1.000000000000000
S13398,250092063004,1.000000000000000
S13400,250092063004,1.000000000000000
S13403,250092063004,1.000000000000000
S13396,250092064001,1.000000000000000
S13398,250092064001,1.000000000000000
S13400,250092064001,1.000000000000000
S13403,250092064001,1.000000000000000
S13396,250092064002,1.000000000000000
S13398,250092064002,1.000000000000000
S13400,250092064002,1.000000000000000
S13403,250092064002,1.000000000000000
S13396,250092064003,1.000000000000000
S13398,250092064003,1.000000000000000
S13400,250092064003,1.000000000000000
S13403,250092064003,1.000000000000000
S13396,250092064004,1.000000000000000
S13398,250092064004,1.000000000000000
S13400,250092064004,1.000000000000000
S13403,250092064004,1.000000000000000
S13396,250092065001,1.000000000000000
S13398,250092065001,1.000000000000000
S13400,250092065001,1.000000000000000
S13403,250092065001,1.000000000000000
S13396,250092065002,1.000000000000000
S13398,250092065002,1.000000000000000
S13400,250092065002,1.000000000000000
S13403,250092065002,1.000000000000000
S13396,250092065003,0.999997218378920
S13398,250092065003,0.999997218378920
S13400,250092065003,0.999997218378920
S13403,250092065003,0.999997218378920
S13396,250092066001,1.000000000000000
S13398,250092066001,1.000000000000000
S13400,250092066001,1.000000000000000
S13403,250092066001,1.000000000000000
S13396,250092066002,1.000000000000000
S13398,250092066002,1.000000000000000
S13400,250092066002,1.000000000000000
S13403,250092066002,1.000000000000000
S13396,250092066003,1.000000000000000
S13398,250092066003,1.000000000000000
S13400,250092066003,1.000000000000000
S13403,250092066003,1.000000000000000
S13396,250092066004,1.000000000000000
S13398,250092066004,1.000000000000000
S13400,250092066004,1.000000000000000
S13403,250092066004,1.000000000000000
S13396,250092067001,1.000000000000000
S13398,250092067001,1.000000000000000
S13400,250092067001,1.000000000000000
S13403,250092067001,1.000000000000000
S13396,250214224011,1.000000000000000
S13398,250214224011,1.000000000000000
S13400,250214224011,1.000000000000000
S13403,250214224011,1.000000000000000
S13396,250214224012,1.000000000000000
S13398,250214224012,1.000000000000000
S13400,250214224012,1.000000000000000
S13403,250214224012,1.000000000000000
S13396,250214224013,1.000000000000000
S13398,250214224013,1.000000000000000
S13400,250214224013,1.000000000000000
S13403,250214224013,1.000000000000000
S13396,250214224021,1.000000000000000
S13398,250214224021,1.000000000000000
S13400,250214224021,1.000000000000000
S13403,250214224021,1.000000000000000
S13396,250214224022,1.000000000000000
S13398,250214224022,1.000000000000000
S13400,250214224022,1.000000000000000
S13403,250214224022,1.000000000000000
S13396,250214224023,1.000000000000000
S13398,250214224023,1.000000000000000
S13400,250214224023,1.000000000000000
S13403,250214224023,1.000000000000000
S13396,250214225011,1.000000000000000
S13398,250214225011,1.000000000000000
S13400,250214225011,1.000000000000000
S13403,250214225011,1.000000000000000
S13395,250214225012,0.000015086046142
S13396,250214225012,1.000000014480208
S13398,250214225012,1.000000014480208
S13400,250214225012,1.000000014480208
S13403,250214225012,1.000000014480208
S13396,250214225013,1.000000000000000
S13398,250214225013,1.000000000000000
S13400,250214225013,1.000000000000000
S13403,250214225013,1.000000000000000
S13395,250214225014,0.000026241198565
S13396,250214225014,1.000000050429771
S13398,250214225014,1.000000050429771
S13400,250214225014,1.000000050429771
S13403,250214225014,1.000000050429771
S13396,250214225021,1.000000000000000
S13398,250214225021,1.000000000000000
S13400,250214225021,1.000000000000000
S13403,250214225021,1.000000000000000
S13396,250214225022,1.000000000000000
S13398,250214225022,1.000000000000000
S13400,250214225022,1.000000000000000
S13403,250214225022,1.000000000000000
S13396,250214225023,1.000000000000000
S13398,250214225023,1.000000000000000
S13400,250214225023,1.000000000000000
S13403,250214225023,1.000000000000000
S13396,250214225024,1.000000000000000
S13398,250214225024,1.000000000000000
S13400,250214225024,1.000000000000000
S13403,250214225024,1.000000000000000
S13395,250214226001,0.000466382271579
S13396,250214226001,0.999999955268481
S13398,250214226001,0.999999955268481
S13400,250214226001,0.999999955268481
S13403,250214226001,0.999999955268481
S13396,250214226002,0.996973400623681
S13398,250214226002,0.996978445165200
S13400,250214226002,0.996978445165200
S13403,250214226002,0.996978445165200
S13396,250214226003,1.000000000000000
S13398,250214226003,1.000000000000000
S13400,250214226003,1.000000000000000
S13403,250214226003,1.000000000000000
S13396,250214226004,1.000000000000000
S13398,250214226004,1.000000000000000
S13400,250214226004,1.000000000000000
S13403,250214226004,1.000000000000000
S13396,250214226005,1.000000000000000
S13398,250214226005,1.000000000000000
S13400,250214226005,1.000000000000000
S13403,250214226005,1.000000000000000
S13396,250214226006,1.000000000000000
S13398,250214226006,1.000000000000000
S13400,250214226006,1.000000000000000
S13403,250214226006,1.000000000000000
S13396,250214227001,0.997993354092451
S13398,250214227001,0.998039155464622
S13400,250214227001,0.998039155464622
S13403,250214227001,0.998039155464622
S13396,250214227002,1.000000000000000
S13398,250214227002,1.000000000000000
S13400,250214227002,1.000000000000000
S13403,250214227002,1.000000000000000
S13396,250214227003,0.999574334799095
S13398,250214227003,0.999663845065335
S13400,250214227003,0.999663845065335
S13403,250214227003,0.999663845065335
S13396,250214227004,0.968133052378681
S13398,250214227004,0.968053933317487
S13400,250214227004,0.968053933317487
S13403,250214227004,0.968053933317487
S13396,250214228001,0.994110426155342
S13398,250214228001,0.993985095558448
S13400,250214228001,0.993985095558448
S13403,250214228001,0.993985095558448
S13396,250214228002,1.000000000000000
S13398,250214228002,1.000000000000000
S13400,250214228002,1.000000000000000
S13403,250214228002,1.000000000000000
S13396,250214228003,1.000000000000000
S13398,250214228003,1.000000000000000
S13400,250214228003,1.000000000000000
S13403,250214228003,1.000000000000000
S13396,250214228004,0.989636240058633
S13398,250214228004,0.989597905318053
S13400,250214228004,0.989597905318053
S13403,250214228004,0.989597905318053
S13390,250173672002,0.999079845172758
S13391,250173672002,0.999079845172758
S13392,250173672002,0.999079845172758
S13396,250173672002,1.000000000937309
S13398,250173672002,1.000000000937309
S13400,250173672002,1.000000000937309
S13403,250173672002,1.000000000937309
S13390,250173671003,0.999998478093707
S13391,250173671003,0.999998478093707
S13392,250173671003,0.999998478093707
S13396,250173671003,1.000000040004141
S13398,250173671003,1.000000040004141
S13400,250173671003,1.000000040004141
S13403,250173671003,1.000000040004141
S13390,250173671004,0.999708786052345
S13391,250173671004,0.999708786052345
S13392,250173671004,0.999708786052345
S13396,250173671004,0.999997148314787
S13398,250173671004,1.000000008126230
S13400,250173671004,1.000000008126230
S13403,250173671004,1.000000008126230
S13390,250173672001,0.996141357653441
S13391,250173672001,0.996141357653441
S13392,250173672001,0.996141357653441
S13396,250173672001,0.999999996250556
S13398,250173672001,0.999999996250556
S13400,250173672001,0.999999996250556
S13403,250173672001,0.999999996250556
S13390,250173672003,1.000000007028186
S13391,250173672003,1.000000007028186
S13392,250173672003,1.000000007028186
S13396,250173672003,0.999902627106044
S13398,250173672003,1.000000007028186
S13400,250173672003,1.000000007028186
S13403,250173672003,1.000000007028186
S13390,250173672004,1.000000000000000
S13391,250173672004,1.000000000000000
S13392,250173672004,1.000000000000000
S13396,250173672004,1.000000000000000
S13398,250173672004,1.000000000000000
S13400,250173672004,1.000000000000000
S13403,250173672004,1.000000000000000
S13390,250173672005,1.000000000000000
S13391,250173672005,1.000000000000000
S13392,250173672005,1.000000000000000
S13396,250173672005,1.000000000000000
S13398,250173672005,1.000000000000000
S13400,250173672005,1.000000000000000
S13403,250173672005,1.000000000000000
S13390,250173672006,1.000000000000000
S13391,250173672006,1.000000000000000
S13392,250173672006,1.000000000000000
S13396,250173672006,1.000000000000000
S13398,250173672006,1.000000000000000
S13400,250173672006,1.000000000000000
S13403,250173672006,1.000000000000000
S13396,250173681011,1.000000000000000
S13398,250173681011,1.000000000000000
S13400,250173681011,1.000000000000000
S13403,250173681011,1.000000000000000
S13396,250173681012,1.000000000000000
S13398,250173681012,1.000000000000000
S13400,250173681012,1.000000000000000
S13403,250173681012,1.000000000000000
S13396,250173681013,1.000000000000000
S13398,250173681013,1.000000000000000
S13400,250173681013,1.000000000000000
S13403,250173681013,1.000000000000000
S13396,250173681014,1.000000000000000
S13398,250173681014,1.000000000000000
S13400,250173681014,1.000000000000000
S13403,250173681014,1.000000000000000
S13396,250173681021,1.000000000000000
S13398,250173681021,1.000000000000000
S13400,250173681021,1.000000000000000
S13403,250173681021,1.000000000000000
S13396,250173681022,1.000000000000000
S13398,250173681022,1.000000000000000
S13400,250173681022,1.000000000000000
S13403,250173681022,1.000000000000000
S13396,250173682001,1.000000000000000
S13398,250173682001,1.000000000000000
S13400,250173682001,1.000000000000000
S13403,250173682001,1.000000000000000
S13396,250173682002,1.000000000000000
S13398,250173682002,1.000000000000000
S13400,250173682002,1.000000000000000
S13403,250173682002,1.000000000000000
S13390,250173682003,0.000002816600773
S13391,250173682003,0.000002816600773
S13392,250173682003,0.000002816600773
S13396,250173682003,0.999999975522132
S13398,250173682003,0.999999975522132
S13400,250173682003,0.999999975522132
S13403,250173682003,0.999999975522132
S13396,250173683001,1.000000000000000
S13398,250173683001,1.000000000000000
S13400,250173683001,1.000000000000000
S13403,250173683001,1.000000000000000
S13396,250173683002,1.000000000000000
S13398,250173683002,1.000000000000000
S13400,250173683002,1.000000000000000
S13403,250173683002,1.000000000000000
S13396,250173683003,1.000000000000000
S13398,250173683003,1.000000000000000
S13400,250173683003,1.000000000000000
S13403,250173683003,1.000000000000000
S13390,250173683004,0.000001294837615
S13391,250173683004,0.000001294837615
S13392,250173683004,0.000001294837615
S13396,250173683004,1.000000006593505
S13398,250173683004,1.000000006593505
S13400,250173683004,1.000000006593505
S13403,250173683004,1.000000006593505
S13396,250173683005,1.000000000000000
S13398,250173683005,1.000000000000000
S13400,250173683005,1.000000000000000
S13403,250173683005,1.000000000000000
S13396,250173684001,1.000000000000000
S13398,250173684001,1.000000000000000
S13400,250173684001,1.000000000000000
S13403,250173684001,1.000000000000000
S13390,250173684002,0.000142599623604
S13391,250173684002,0.000142599623604
S13392,250173684002,0.000142599623604
S13396,250173684002,0.999999996175883
S13398,250173684002,0.999999996175883
S13400,250173684002,0.999999996175883
S13403,250173684002,0.999999996175883
S13396,250173684003,1.000000000000000
S13398,250173684003,1.000000000000000
S13400,250173684003,1.000000000000000
S13403,250173684003,1.000000000000000
S13396,250173684004,1.000000000000000
S13398,250173684004,1.000000000000000
S13400,250173684004,1.000000000000000
S13403,250173684004,1.000000000000000
S13396,250173684005,1.000000000000000
S13398,250173684005,1.000000000000000
S13400,250173684005,1.000000000000000
S13403,250173684005,1.000000000000000
S13396,250173684006,1.000000000000000
S13398,250173684006,1.000000000000000
S13400,250173684006,1.000000000000000
S13403,250173684006,1.000000000000000
S13396,250173685001,1.000000000000000
S13398,250173685001,1.000000000000000
S13400,250173685001,1.000000000000000
S13403,250173685001,1.000000000000000
S13396,250173685002,1.000000000000000
S13398,250173685002,1.000000000000000
S13400,250173685002,1.000000000000000
S13403,250173685002,1.000000000000000
S13396,250173685003,1.000000000000000
S13398,250173685003,1.000000000000000
S13400,250173685003,1.000000000000000
S13403,250173685003,1.000000000000000
S13396,250173686001,1.000000000000000
S13398,250173686001,1.000000000000000
S13400,250173686001,1.000000000000000
S13403,250173686001,1.000000000000000
S13396,250173686002,1.000000000000000
S13398,250173686002,1.000000000000000
S13400,250173686002,1.000000000000000
S13403,250173686002,1.000000000000000
S13396,250173686003,1.000000000000000
S13398,250173686003,1.000000000000000
S13400,250173686003,1.000000000000000
S13403,250173686003,1.000000000000000
S13396,250173686004,1.000000000000000
S13398,250173686004,1.000000000000000
S13400,250173686004,1.000000000000000
S13403,250173686004,1.000000000000000
S13396,250173686005,1.000000000000000
S13398,250173686005,1.000000000000000
S13400,250173686005,1.000000000000000
S13403,250173686005,1.000000000000000
S13395,250214151013,0.994935273257557
S13396,250214151013,0.999999984482833
S13398,250214151013,0.999999984482833
S13400,250214151013,0.999999984482833
S13403,250214151013,0.999999984482833
S13395,250214151031,1.000000000000000
S13396,250214151031,1.000000000000000
S13398,250214151031,1.000000000000000
S13400,250214151031,1.000000000000000
S13403,250214151031,1.000000000000000
S13395,250214151032,0.997897564512658
S13396,250214151032,1.000000014753205
S13398,250214151032,1.000000014753205
S13400,250214151032,1.000000014753205
S13403,250214151032,1.000000014753205
S13395,250214151033,0.984431329615611
S13396,250214151033,0.984827507652862
S13398,250214151033,0.999999978974881
S13400,250214151033,0.999999978974881
S13403,250214151033,0.999999978974881
S13395,250214151041,0.999774790821236
S13396,250214151041,1.000000006313887
S13398,250214151041,1.000000006313887
S13400,250214151041,1.000000006313887
S13403,250214151041,1.000000006313887
S13395,250214151042,0.995074371125295
S13396,250214151042,0.995128466557326
S13398,250214151042,0.999999975362676
S13400,250214151042,0.999999975362676
S13403,250214151042,0.999999975362676
S13395,250214152011,0.999260559025715
S13396,250214152011,0.999726879546048
S13398,250214152011,0.999999987798732
S13400,250214152011,0.999999987798732
S13403,250214152011,0.999999987798732
S13395,250214152012,0.999735157976488
S13396,250214152012,0.999735157976488
S13398,250214152012,0.999999992693274
S13400,250214152012,0.999999992693274
S13403,250214152012,0.999999992693274
S13395,250214152021,1.000000000000000
S13396,250214152021,1.000000000000000
S13398,250214152021,1.000000000000000
S13400,250214152021,1.000000000000000
S13403,250214152021,1.000000000000000
S13395,250214152022,0.999814068058711
S13396,250214152022,0.999814068058711
S13398,250214152022,1.000000001168303
S13400,250214152022,1.000000001168303
S13403,250214152022,1.000000001168303
S13395,250214153001,1.000000000000000
S13396,250214153001,1.000000000000000
S13398,250214153001,1.000000000000000
S13400,250214153001,1.000000000000000
S13403,250214153001,1.000000000000000
S13395,250214153002,0.999501863897031
S13396,250214153002,0.999999996148177
S13398,250214153002,0.999999996148177
S13400,250214153002,0.999999996148177
S13403,250214153002,0.999999996148177
S13395,250214161011,1.000000000000000
S13396,250214161011,1.000000000000000
S13398,250214161011,1.000000000000000
S13400,250214161011,1.000000000000000
S13403,250214161011,1.000000000000000
S13395,250214161012,1.000000000000000
S13396,250214161012,1.000000000000000
S13398,250214161012,1.000000000000000
S13400,250214161012,1.000000000000000
S13403,250214161012,1.000000000000000
S13395,250214161013,1.000000000000000
S13396,250214161013,1.000000000000000
S13398,250214161013,1.000000000000000
S13400,250214161013,1.000000000000000
S13403,250214161013,1.000000000000000
S13395,250214161014,1.000000000000000
S13396,250214161014,1.000000000000000
S13398,250214161014,1.000000000000000
S13400,250214161014,1.000000000000000
S13403,250214161014,1.000000000000000
S13395,250214161021,0.999623190839436
S13396,250214161021,0.999999996848531
S13398,250214161021,0.999999996848531
S13400,250214161021,0.999999996848531
S13403,250214161021,0.999999996848531
S13395,250214161022,1.000000000000000
S13396,250214161022,1.000000000000000
S13398,250214161022,1.000000000000000
S13400,250214161022,1.000000000000000
S13403,250214161022,1.000000000000000
S13395,250214162001,1.000000000000000
S13396,250214162001,1.000000000000000
S13398,250214162001,1.000000000000000
S13400,250214162001,1.000000000000000
S13403,250214162001,1.000000000000000
S13395,250214162002,1.000000000000000
S13396,250214162002,1.000000000000000
S13398,250214162002,1.000000000000000
S13400,250214162002,1.000000000000000
S13403,250214162002,1.000000000000000
S13395,250214162003,1.000000000000000
S13396,250214162003,1.000000000000000
S13398,250214162003,1.000000000000000
S13400,250214162003,1.000000000000000
S13403,250214162003,1.000000000000000
S13395,250214162004,1.000000000000000
S13396,250214162004,1.000000000000000
S13398,250214162004,1.000000000000000
S13400,250214162004,1.000000000000000
S13403,250214162004,1.000000000000000
S13395,250214162005,1.000000000000000
S13396,250214162005,1.000000000000000
S13398,250214162005,1.000000000000000
S13400,250214162005,1.000000000000000
S13403,250214162005,1.000000000000000
S13395,250214162006,0.999964196140398
S13396,250214162006,0.999999970977297
S13398,250214162006,0.999999970977297
S13400,250214162006,0.999999970977297
S13403,250214162006,0.999999970977297
S13395,250214162007,0.980695227754315
S13396,250214162007,0.998755247860957
S13398,250214162007,0.998701560227300
S13400,250214162007,0.998701560227300
S13403,250214162007,0.998701560227300
S13395,250214163001,1.000000000000000
S13396,250214163001,1.000000000000000
S13398,250214163001,1.000000000000000
S13400,250214163001,1.000000000000000
S13403,250214163001,1.000000000000000
S13395,250214163002,1.000000000000000
S13396,250214163002,1.000000000000000
S13398,250214163002,1.000000000000000
S13400,250214163002,1.000000000000000
S13403,250214163002,1.000000000000000
S13395,250214163003,1.000000000000000
S13396,250214163003,1.000000000000000
S13398,250214163003,1.000000000000000
S13400,250214163003,1.000000000000000
S13403,250214163003,1.000000000000000
S13395,250214163004,1.000000000000000
S13396,250214163004,1.000000000000000
S13398,250214163004,1.000000000000000
S13400,250214163004,1.000000000000000
S13403,250214163004,1.000000000000000
S13395,250214163005,0.956458225344189
S13396,250214163005,0.990321485804268
S13398,250214163005,0.991874789196844
S13400,250214163005,0.991874789196844
S13403,250214163005,0.991874789196844
S13395,250214164001,0.998709576430871
S13396,250214164001,1.000000036454390
S13398,250214164001,1.000000036454390
S13400,250214164001,1.000000036454390
S13403,250214164001,1.000000036454390
S13395,250214164002,1.000000000000000
S13396,250214164002,1.000000000000000
S13398,250214164002,1.000000000000000
S13400,250214164002,1.000000000000000
S13403,250214164002,1.000000000000000
S13395,250214164006,0.998852668882823
S13396,250214164006,0.999841857905090
S13398,250214164006,0.999824905087982
S13400,250214164006,0.999824905087982
S13403,250214164006,0.999824905087982
S13395,250214164003,1.000000000000000
S13396,250214164003,1.000000000000000
S13398,250214164003,1.000000000000000
S13400,250214164003,1.000000000000000
S13403,250214164003,1.000000000000000
S13395,250214164004,0.966678299033435
S13396,250214164004,0.999999868210440
S13398,250214164004,0.999999868210440
S13400,250214164004,0.999999868210440
S13403,250214164004,0.999999868210440
S13395,250214164005,0.975602231610836
S13396,250214164005,0.999999914485453
S13398,250214164005,0.999999906042373
S13400,250214164005,0.999999906042373
S13403,250214164005,0.999999906042373
S13395,250214164007,0.998697352426569
S13396,250214164007,1.000000156540902
S13398,250214164007,1.000000156540902
S13400,250214164007,1.000000156540902
S13403,250214164007,1.000000156540902
S13396,250214171001,1.000000000000000
S13398,250214171001,1.000000000000000
S13400,250214171001,1.000000000000000
S13403,250214171001,1.000000000000000
S13396,250214171002,1.000000000000000
S13398,250214171002,1.000000000000000
S13400,250214171002,1.000000000000000
S13403,250214171002,1.000000000000000
S13396,250214171003,1.000000000000000
S13398,250214171003,1.000000000000000
S13400,250214171003,1.000000000000000
S13403,250214171003,1.000000000000000
S13396,250214171004,1.000000000000000
S13398,250214171004,1.000000000000000
S13400,250214171004,1.000000000000000
S13403,250214171004,1.000000000000000
S13395,250214171005,0.001268805929415
S13396,250214171005,1.000000067467324
S13398,250214171005,1.000000067467324
S13400,250214171005,1.000000067467324
S13403,250214171005,1.000000067467324
S13396,250214171006,1.000000000000000
S13398,250214171006,1.000000000000000
S13400,250214171006,1.000000000000000
S13403,250214171006,1.000000000000000
S13396,250214172011,1.000000000000000
S13398,250214172011,1.000000000000000
S13400,250214172011,1.000000000000000
S13403,250214172011,1.000000000000000
S13396,250214172012,1.000000000000000
S13398,250214172012,1.000000000000000
S13400,250214172012,1.000000000000000
S13403,250214172012,1.000000000000000
S13395,250214172013,0.000034519902869
S13396,250214172013,0.999999983600377
S13398,250214172013,0.999999983600377
S13400,250214172013,0.999999983600377
S13403,250214172013,0.999999983600377
S13396,250214172014,0.975680299572841
S13398,250214172014,0.975541423351463
S13400,250214172014,0.975541423351463
S13403,250214172014,0.975541423351463
S13396,250214172021,1.000000000000000
S13398,250214172021,1.000000000000000
S13400,250214172021,1.000000000000000
S13403,250214172021,1.000000000000000
S13396,250214172022,1.000000000000000
S13398,250214172022,1.000000000000000
S13400,250214172022,1.000000000000000
S13403,250214172022,1.000000000000000
S13396,250214172023,1.000000000000000
S13398,250214172023,1.000000000000000
S13400,250214172023,1.000000000000000
S13403,250214172023,1.000000000000000
S13395,250214172024,0.034011105502671
S13396,250214172024,1.000000102355443
S13398,250214172024,1.000000102355443
S13400,250214172024,1.000000102355443
S13403,250214172024,1.000000102355443
S13396,250214173001,1.000000000000000
S13398,250214173001,1.000000000000000
S13400,250214173001,1.000000000000000
S13403,250214173001,1.000000000000000
S13396,250214174001,1.000000000000000
S13398,250214174001,1.000000000000000
S13400,250214174001,1.000000000000000
S13403,250214174001,1.000000000000000
S13396,250214174002,1.000000000000000
S13398,250214174002,1.000000000000000
S13400,250214174002,1.000000000000000
S13403,250214174002,1.000000000000000
S13396,250214174003,1.000000000000000
S13398,250214174003,1.000000000000000
S13400,250214174003,1.000000000000000
S13403,250214174003,1.000000000000000
S13396,250214175011,1.000000000000000
S13398,250214175011,1.000000000000000
S13400,250214175011,1.000000000000000
S13403,250214175011,1.000000000000000
S13396,250214175012,1.000000000000000
S13398,250214175012,1.000000000000000
S13400,250214175012,1.000000000000000
S13403,250214175012,1.000000000000000
S13396,250214175013,1.000000000000000
S13398,250214175013,1.000000000000000
S13400,250214175013,1.000000000000000
S13403,250214175013,1.000000000000000
S13396,250214175014,1.000000000000000
S13398,250214175014,1.000000000000000
S13400,250214175014,1.000000000000000
S13403,250214175014,1.000000000000000
S13396,250214175021,1.000000000000000
S13398,250214175021,1.000000000000000
S13400,250214175021,1.000000000000000
S13403,250214175021,1.000000000000000
S13396,250214175022,1.000000000000000
S13398,250214175022,1.000000000000000
S13400,250214175022,1.000000000000000
S13403,250214175022,1.000000000000000
S13396,250214175023,1.000000000000000
S13398,250214175023,1.000000000000000
S13400,250214175023,1.000000000000000
S13403,250214175023,1.000000000000000
S13396,250214175024,1.000000000000000
S13398,250214175024,1.000000000000000
S13400,250214175024,1.000000000000000
S13403,250214175024,1.000000000000000
S13390,250173836002,1.000000000000000
S13391,250173836002,1.000000000000000
S13392,250173836002,1.000000000000000
S13396,250173836002,1.000000000000000
S13398,250173836002,1.000000000000000
S13400,250173836002,1.000000000000000
S13403,250173836002,1.000000000000000
S13390,250173835022,1.000000000000000
S13391,250173835022,1.000000000000000
S13392,250173835022,1.000000000000000
S13396,250173835022,1.000000000000000
S13398,250173835022,1.000000000000000
S13400,250173835022,1.000000000000000
S13403,250173835022,1.000000000000000
S13390,250173835023,1.000000000000000
S13391,250173835023,1.000000000000000
S13392,250173835023,1.000000000000000
S13396,250173835023,1.000000000000000
S13398,250173835023,1.000000000000000
S13400,250173835023,1.000000000000000
S13403,250173835023,1.000000000000000
S13390,250173836001,1.000000000000000
S13391,250173836001,1.000000000000000
S13392,250173836001,1.000000000000000
S13396,250173836001,1.000000000000000
S13398,250173836001,1.000000000000000
S13400,250173836001,1.000000000000000
S13403,250173836001,1.000000000000000
S13390,250173836003,1.000000000000000
S13391,250173836003,1.000000000000000
S13392,250173836003,1.000000000000000
S13396,250173836003,1.000000000000000
S13398,250173836003,1.000000000000000
S13400,250173836003,1.000000000000000
S13403,250173836003,1.000000000000000
S13390,250173836004,1.000000000000000
S13391,250173836004,1.000000000000000
S13392,250173836004,1.000000000000000
S13396,250173836004,1.000000000000000
S13398,250173836004,1.000000000000000
S13400,250173836004,1.000000000000000
S13403,250173836004,1.000000000000000
S13390,250173837001,1.000000000000000
S13391,250173837001,1.000000000000000
S13392,250173837001,1.000000000000000
S13396,250173837001,1.000000000000000
S13398,250173837001,1.000000000000000
S13400,250173837001,1.000000000000000
S13403,250173837001,1.000000000000000
S13390,250173837002,1.000000000000000
S13391,250173837002,1.000000000000000
S13392,250173837002,1.000000000000000
S13396,250173837002,1.000000000000000
S13398,250173837002,1.000000000000000
S13400,250173837002,1.000000000000000
S13403,250173837002,1.000000000000000
S13396,250173400003,1.000000000000000
S13398,250173400003,1.000000000000000
S13400,250173400003,1.000000000000000
S13403,250173400003,1.000000000000000
S13396,250173401001,1.000000000000000
S13398,250173401001,1.000000000000000
S13400,250173401001,1.000000000000000
S13403,250173401001,1.000000000000000
S13396,250173401002,0.999999955947109
S13398,250173401002,0.999999955947109
S13400,250173401002,0.999999955947109
S13403,250173401002,0.999999955947109
S13396,250173401003,1.000000000000000
S13398,250173401003,1.000000000000000
S13400,250173401003,1.000000000000000
S13403,250173401003,1.000000000000000
S13396,250173401004,1.000000000000000
S13398,250173401004,1.000000000000000
S13400,250173401004,1.000000000000000
S13403,250173401004,1.000000000000000
S13396,250173401005,1.000000084605029
S13398,250173401005,1.000000084605029
S13400,250173401005,1.000000084605029
S13403,250173401005,1.000000084605029
S13396,250173401006,1.000000000000000
S13398,250173401006,1.000000000000000
S13400,250173401006,1.000000000000000
S13403,250173401006,1.000000000000000
S13396,250173411011,1.000000000000000
S13398,250173411011,1.000000000000000
S13400,250173411011,1.000000000000000
S13403,250173411011,1.000000000000000
S13396,250173411012,1.000000000000000
S13398,250173411012,1.000000000000000
S13400,250173411012,1.000000000000000
S13403,250173411012,1.000000000000000
S13396,250173411013,1.000000000000000
S13398,250173411013,1.000000000000000
S13400,250173411013,1.000000000000000
S13403,250173411013,1.000000000000000
S13396,250173411021,1.000000000000000
S13398,250173411021,1.000000000000000
S13400,250173411021,1.000000000000000
S13403,250173411021,1.000000000000000
S13396,250173398042,1.000000000000000
S13398,250173398042,1.000000000000000
S13400,250173398042,1.000000000000000
S13403,250173398042,1.000000000000000
S13396,250173398031,0.982529396748598
S13398,250173398031,0.984543779225244
S13400,250173398031,0.984543779225244
S13403,250173398031,0.984543779225244
S13396,250173398032,0.990516372760653
S13398,250173398032,0.990507875955235
S13400,250173398032,0.990507875955235
S13403,250173398032,0.990507875955235
S13396,250173398041,1.000000000000000
S13398,250173398041,1.000000000000000
S13400,250173398041,1.000000000000000
S13403,250173398041,1.000000000000000
S13396,250173398043,1.000000000000000
S13398,250173398043,1.000000000000000
S13400,250173398043,1.000000000000000
S13403,250173398043,1.000000000000000
S13396,250173399001,1.000000000000000
S13398,250173399001,1.000000000000000
S13400,250173399001,1.000000000000000
S13403,250173399001,1.000000000000000
S13396,250173399002,1.000000000000000
S13398,250173399002,1.000000000000000
S13400,250173399002,1.000000000000000
S13403,250173399002,1.000000000000000
S13396,250173399003,1.000000000000000
S13398,250173399003,1.000000000000000
S13400,250173399003,1.000000000000000
S13403,250173399003,1.000000000000000
S13396,250173399004,1.000000000000000
S13398,250173399004,1.000000000000000
S13400,250173399004,1.000000000000000
S13403,250173399004,1.000000000000000
S13396,250173399005,1.000000000000000
S13398,250173399005,1.000000000000000
S13400,250173399005,1.000000000000000
S13403,250173399005,1.000000000000000
S13396,250173400001,1.000000000000000
S13398,250173400001,1.000000000000000
S13400,250173400001,1.000000000000000
S13403,250173400001,1.000000000000000
S13396,250173400002,1.000000000000000
S13398,250173400002,1.000000000000000
S13400,250173400002,1.000000000000000
S13403,250173400002,1.000000000000000
S13390,250173837003,1.000000000000000
S13391,250173837003,1.000000000000000
S13392,250173837003,1.000000000000000
S13396,250173837003,1.000000000000000
S13398,250173837003,1.000000000000000
S13400,250173837003,1.000000000000000
S13403,250173837003,1.000000000000000
S13390,250173837004,1.000000000000000
S13391,250173837004,1.000000000000000
S13392,250173837004,1.000000000000000
S13396,250173837004,1.000000000000000
S13398,250173837004,1.000000000000000
S13400,250173837004,1.000000000000000
S13403,250173837004,1.000000000000000
S13390,250173838001,0.999999991379530
S13391,250173838001,0.999999991379530
S13392,250173838001,0.999999991379530
S13396,250173838001,0.999672572489991
S13398,250173838001,0.999999991379530
S13400,250173838001,0.999999991379530
S13403,250173838001,0.999999991379530
S13390,250173838002,1.000000005804930
S13391,250173838002,1.000000005804930
S13392,250173838002,1.000000005804930
S13396,250173838002,0.999937968155601
S13398,250173838002,1.000000005804930
S13400,250173838002,1.000000005804930
S13403,250173838002,1.000000005804930
S13390,250173838003,1.000000000000000
S13391,250173838003,1.000000000000000
S13392,250173838003,1.000000000000000
S13396,250173838003,1.000000000000000
S13398,250173838003,1.000000000000000
S13400,250173838003,1.000000000000000
S13403,250173838003,1.000000000000000
S13390,250173838004,1.000000000000000
S13391,250173838004,1.000000000000000
S13392,250173838004,1.000000000000000
S13396,250173838004,1.000000000000000
S13398,250173838004,1.000000000000000
S13400,250173838004,1.000000000000000
S13403,250173838004,1.000000000000000
S13390,250173838005,1.000000000000000
S13391,250173838005,1.000000000000000
S13392,250173838005,1.000000000000000
S13396,250173838005,1.000000000000000
S13398,250173838005,1.000000000000000
S13400,250173838005,1.000000000000000
S13403,250173838005,1.000000000000000
S13390,250173839021,0.999999999010816
S13391,250173839021,0.999999999010816
S13392,250173839021,0.999999999010816
S13396,250173839021,0.999942343354518
S13398,250173839021,0.999999999010816
S13400,250173839021,0.999999999010816
S13403,250173839021,0.999999999010816
S13390,250173839022,1.000000000000000
S13391,250173839022,1.000000000000000
S13392,250173839022,1.000000000000000
S13396,250173839022,1.000000000000000
S13398,250173839022,1.000000000000000
S13400,250173839022,1.000000000000000
S13403,250173839022,1.000000000000000
S13390,250173839023,1.000000000000000
S13391,250173839023,1.000000000000000
S13392,250173839023,1.000000000000000
S13396,250173839023,1.000000000000000
S13398,250173839023,1.000000000000000
S13400,250173839023,1.000000000000000
S13403,250173839023,1.000000000000000
S13390,250173839031,1.000000000000000
S13391,250173839031,1.000000000000000
S13392,250173839031,1.000000000000000
S13396,250173839031,1.000000000000000
S13398,250173839031,1.000000000000000
S13400,250173839031,1.000000000000000
S13403,250173839031,1.000000000000000
S13390,250173839032,1.000000000000000
S13391,250173839032,1.000000000000000
S13392,250173839032,1.000000000000000
S13396,250173839032,1.000000000000000
S13398,250173839032,1.000000000000000
S13400,250173839032,1.000000000000000
S13403,250173839032,1.000000000000000
S13390,250173839041,1.000000005124184
S13391,250173839041,1.000000005124184
S13392,250173839041,1.000000005124184
S13396,250173839041,0.999931821825079
S13398,250173839041,1.000000005124184
S13400,250173839041,1.000000005124184
S13403,250173839041,1.000000005124184
S13390,250173839042,1.000000000000000
S13391,250173839042,1.000000000000000
S13392,250173839042,1.000000000000000
S13396,250173839042,1.000000000000000
S13398,250173839042,1.000000000000000
S13400,250173839042,1.000000000000000
S13403,250173839042,1.000000000000000
S13390,250173839043,1.000000000000000
S13391,250173839043,1.000000000000000
S13392,250173839043,1.000000000000000
S13396,250173839043,1.000000000000000
S13398,250173839043,1.000000000000000
S13400,250173839043,1.000000000000000
S13403,250173839043,1.000000000000000
S13390,250173839044,1.000000000095345
S13391,250173839044,1.000000000095345
S13392,250173839044,1.000000000095345
S13396,250173839044,0.999976263846538
S13398,250173839044,1.000000000095345
S13400,250173839044,1.000000000095345
S13403,250173839044,1.000000000095345
S13390,250173840031,1.000000089734734
S13391,250173840031,1.000000089734734
S13392,250173840031,1.000000089734734
S13396,250173840031,0.999839361847513
S13398,250173840031,1.000000089734734
S13400,250173840031,1.000000089734734
S13403,250173840031,1.000000089734734
S13390,250173840032,0.999999854216746
S13391,250173840032,0.999999854216746
S13392,250173840032,0.999999854216746
S13396,250173840032,0.999640116310541
S13398,250173840032,0.999999854216746
S13400,250173840032,0.999999854216746
S13403,250173840032,0.999999854216746
S13390,250173840033,1.000000000000000
S13391,250173840033,1.000000000000000
S13392,250173840033,1.000000000000000
S13396,250173840033,1.000000000000000
S13398,250173840033,1.000000000000000
S13400,250173840033,1.000000000000000
S13403,250173840033,1.000000000000000
S13390,250173840034,1.000000008974626
S13391,250173840034,1.000000008974626
S13392,250173840034,1.000000008974626
S13396,250173840034,0.999851220035617
S13398,250173840034,1.000000008974626
S13400,250173840034,1.000000008974626
S13403,250173840034,1.000000008974626
S13396,250173411022,1.000000000000000
S13398,250173411022,1.000000000000000
S13400,250173411022,1.000000000000000
S13403,250173411022,1.000000000000000
S13396,250173411023,1.000000000000000
S13398,250173411023,1.000000000000000
S13400,250173411023,1.000000000000000
S13403,250173411023,1.000000000000000
S13396,250173412001,1.000000000000000
S13398,250173412001,1.000000000000000
S13400,250173412001,1.000000000000000
S13403,250173412001,1.000000000000000
S13396,250173412002,1.000000000000000
S13398,250173412002,1.000000000000000
S13400,250173412002,1.000000000000000
S13403,250173412002,1.000000000000000
S13396,250173412003,1.000000000000000
S13398,250173412003,1.000000000000000
S13400,250173412003,1.000000000000000
S13403,250173412003,1.000000000000000
S13396,250173412004,1.000000000000000
S13398,250173412004,1.000000000000000
S13400,250173412004,1.000000000000000
S13403,250173412004,1.000000000000000
S13396,250173412005,1.000000000000000
S13398,250173412005,1.000000000000000
S13400,250173412005,1.000000000000000
S13403,250173412005,1.000000000000000
S13396,250173413011,0.990933905209781
S13398,250173413011,0.991084979699763
S13400,250173413011,0.991084979699763
S13403,250173413011,0.991084979699763
S13396,250173413012,1.000000000000000
S13398,250173413012,1.000000000000000
S13400,250173413012,1.000000000000000
S13403,250173413012,1.000000000000000
S13396,250173546011,1.000000000000000
S13398,250173546011,1.000000000000000
S13400,250173546011,1.000000000000000
S13403,250173546011,1.000000000000000
S13396,250173546012,1.000000000000000
S13398,250173546012,1.000000000000000
S13400,250173546012,1.000000000000000
S13403,250173546012,1.000000000000000
S13396,250173546021,1.000000000000000
S13398,250173546021,1.000000000000000
S13400,250173546021,1.000000000000000
S13403,250173546021,1.000000000000000
S13396,250173546022,1.000000000000000
S13398,250173546022,1.000000000000000
S13400,250173546022,1.000000000000000
S13403,250173546022,1.000000000000000
S13396,250173546023,1.000000000000000
S13398,250173546023,1.000000000000000
S13400,250173546023,1.000000000000000
S13403,250173546023,1.000000000000000
S13396,250173547001,1.000000000000000
S13398,250173547001,1.000000000000000
S13400,250173547001,1.000000000000000
S13403,250173547001,1.000000000000000
S13396,250173547002,1.000000000000000
S13398,250173547002,1.000000000000000
S13400,250173547002,1.000000000000000
S13403,250173547002,1.000000000000000
S13396,250173548001,1.000000000000000
S13398,250173548001,1.000000000000000
S13400,250173548001,1.000000000000000
S13403,250173548001,1.000000000000000
S13396,250173548002,1.000000000000000
S13398,250173548002,1.000000000000000
S13400,250173548002,1.000000000000000
S13403,250173548002,1.000000000000000
S13396,250173549011,1.000000000000000
S13398,250173549011,1.000000000000000
S13400,250173549011,1.000000000000000
S13403,250173549011,1.000000000000000
S13396,250173549012,1.000000000000000
S13398,250173549012,1.000000000000000
S13400,250173549012,1.000000000000000
S13403,250173549012,1.000000000000000
S13396,250173549013,1.000000000000000
S13398,250173549013,1.000000000000000
S13400,250173549013,1.000000000000000
S13403,250173549013,1.000000000000000
S13396,250173549021,1.000000000000000
S13398,250173549021,1.000000000000000
S13400,250173549021,1.000000000000000
S13403,250173549021,1.000000000000000
S13396,250173549022,1.000000000000000
S13398,250173549022,1.000000000000000
S13400,250173549022,1.000000000000000
S13403,250173549022,1.000000000000000
S13396,250173549023,1.000000000000000
S13398,250173549023,1.000000000000000
S13400,250173549023,1.000000000000000
S13403,250173549023,1.000000000000000
S13396,250173549024,1.000000000000000
S13398,250173549024,1.000000000000000
S13400,250173549024,1.000000000000000
S13403,250173549024,1.000000000000000
S13396,250173550001,1.000000000000000
S13398,250173550001,1.000000000000000
S13400,250173550001,1.000000000000000
S13403,250173550001,1.000000000000000
S13396,250173550002,1.000000000000000
S13398,250173550002,1.000000000000000
S13400,250173550002,1.000000000000000
S13403,250173550002,1.000000000000000
S13396,250173550003,1.000000000000000
S13398,250173550003,1.000000000000000
S13400,250173550003,1.000000000000000
S13403,250173550003,1.000000000000000
S13396,250173561001,1.000000000000000
S13398,250173561001,1.000000000000000
S13400,250173561001,1.000000000000000
S13403,250173561001,1.000000000000000
S13396,250173561002,1.000000000000000
S13398,250173561002,1.000000000000000
S13400,250173561002,1.000000000000000
S13403,250173561002,1.000000000000000
S13396,250173561003,1.000000000000000
S13398,250173561003,1.000000000000000
S13400,250173561003,1.000000000000000
S13403,250173561003,1.000000000000000
S13396,250173563001,1.000000000000000
S13398,250173563001,1.000000000000000
S13400,250173563001,1.000000000000000
S13403,250173563001,1.000000000000000
S13396,250173563002,1.000000000000000
S13398,250173563002,1.000000000000000
S13400,250173563002,1.000000000000000
S13403,250173563002,1.000000000000000
S13396,250173563003,1.000000000000000
S13398,250173563003,1.000000000000000
S13400,250173563003,1.000000000000000
S13403,250173563003,1.000000000000000
S13396,250173563004,1.000000000000000
S13398,250173563004,1.000000000000000
S13400,250173563004,1.000000000000000
S13403,250173563004,1.000000000000000
S13396,250173563005,1.000000000000000
S13398,250173563005,1.000000000000000
S13400,250173563005,1.000000000000000
S13403,250173563005,1.000000000000000
S13396,250173563006,1.000000000000000
S13398,250173563006,1.000000000000000
S13400,250173563006,1.000000000000000
S13403,250173563006,1.000000000000000
S13396,250173564001,1.000000000000000
S13398,250173564001,1.000000000000000
S13400,250173564001,1.000000000000000
S13403,250173564001,1.000000000000000
S13396,250173564002,1.000000000000000
S13398,250173564002,1.000000000000000
S13400,250173564002,1.000000000000000
S13403,250173564002,1.000000000000000
S13396,250250819002,1.000000000000000
S13398,250250819002,1.000000000000000
S13400,250250819002,1.000000000000000
S13403,250250819002,1.000000000000000
S13396,250250818002,1.000000000000000
S13398,250250818002,1.000000000000000
S13400,250250818002,1.000000000000000
S13403,250250818002,1.000000000000000
S13396,250250818003,1.000000000000000
S13398,250250818003,1.000000000000000
S13400,250250818003,1.000000000000000
S13403,250250818003,1.000000000000000
S13396,250250819001,1.000000000000000
S13398,250250819001,1.000000000000000
S13400,250250819001,1.000000000000000
S13403,250250819001,1.000000000000000
S13396,250250819003,1.000000000000000
S13398,250250819003,1.000000000000000
S13400,250250819003,1.000000000000000
S13403,250250819003,1.000000000000000
S13396,250250819004,1.000000000000000
S13398,250250819004,1.000000000000000
S13400,250250819004,1.000000000000000
S13403,250250819004,1.000000000000000
S13396,250250820001,1.000000000000000
S13398,250250820001,1.000000000000000
S13400,250250820001,1.000000000000000
S13403,250250820001,1.000000000000000
S13396,250250820002,1.000000000000000
S13398,250250820002,1.000000000000000
S13400,250250820002,1.000000000000000
S13403,250250820002,1.000000000000000
S13396,250250820003,1.000000000000000
S13398,250250820003,1.000000000000000
S13400,250250820003,1.000000000000000
S13403,250250820003,1.000000000000000
S13396,250250821001,1.000000000000000
S13398,250250821001,1.000000000000000
S13400,250250821001,1.000000000000000
S13403,250250821001,1.000000000000000
S13396,250250821002,1.000000000000000
S13398,250250821002,1.000000000000000
S13400,250250821002,1.000000000000000
S13403,250250821002,1.000000000000000
S13396,250250821003,1.000000000000000
S13398,250250821003,1.000000000000000
S13400,250250821003,1.000000000000000
S13403,250250821003,1.000000000000000
S13396,250250901001,1.000000000000000
S13398,250250901001,1.000000000000000
S13400,250250901001,1.000000000000000
S13403,250250901001,1.000000000000000
S13396,250250901002,1.000000000000000
S13398,250250901002,1.000000000000000
S13400,250250901002,1.000000000000000
S13403,250250901002,1.000000000000000
S13396,250250901003,1.000000000000000
S13398,250250901003,1.000000000000000
S13400,250250901003,1.000000000000000
S13403,250250901003,1.000000000000000
S13396,250250901004,1.000000000000000
S13398,250250901004,1.000000000000000
S13400,250250901004,1.000000000000000
S13403,250250901004,1.000000000000000
S13396,250250901005,1.000000000000000
S13398,250250901005,1.000000000000000
S13400,250250901005,1.000000000000000
S13403,250250901005,1.000000000000000
S13396,250250902001,1.000000000000000
S13398,250250902001,1.000000000000000
S13400,250250902001,1.000000000000000
S13403,250250902001,1.000000000000000
S13396,250250902002,1.000000000000000
S13398,250250902002,1.000000000000000
S13400,250250902002,1.000000000000000
S13403,250250902002,1.000000000000000
S13396,250250902003,1.000000000000000
S13398,250250902003,1.000000000000000
S13400,250250902003,1.000000000000000
S13403,250250902003,1.000000000000000
S13396,250250903001,1.000000000000000
S13398,250250903001,1.000000000000000
S13400,250250903001,1.000000000000000
S13403,250250903001,1.000000000000000
S13396,250250903002,1.000000000000000
S13398,250250903002,1.000000000000000
S13400,250250903002,1.000000000000000
S13403,250250903002,1.000000000000000
S13396,250250903003,1.000000000000000
S13398,250250903003,1.000000000000000
S13400,250250903003,1.000000000000000
S13403,250250903003,1.000000000000000
S13396,250250904001,1.000000000000000
S13398,250250904001,1.000000000000000
S13400,250250904001,1.000000000000000
S13403,250250904001,1.000000000000000
S13396,250250904002,1.000000000000000
S13398,250250904002,1.000000000000000
S13400,250250904002,1.000000000000000
S13403,250250904002,1.000000000000000
S13396,250250904003,1.000000000000000
S13398,250250904003,1.000000000000000
S13400,250250904003,1.000000000000000
S13403,250250904003,1.000000000000000
S13396,250250904004,1.000000000000000
S13398,250250904004,1.000000000000000
S13400,250250904004,1.000000000000000
S13403,250250904004,1.000000000000000
S13396,250250906001,1.000000000000000
S13398,250250906001,1.000000000000000
S13400,250250906001,1.000000000000000
S13403,250250906001,1.000000000000000
S13396,250250906002,1.000000000000000
S13398,250250906002,1.000000000000000
S13400,250250906002,1.000000000000000
S13403,250250906002,1.000000000000000
S13396,250250907001,1.000000000000000
S13398,250250907001,1.000000000000000
S13400,250250907001,1.000000000000000
S13403,250250907001,1.000000000000000
S13396,250250907002,1.000000000000000
S13398,250250907002,1.000000000000000
S13400,250250907002,1.000000000000000
S13403,250250907002,1.000000000000000
S13396,250250907003,1.000000000000000
S13398,250250907003,1.000000000000000
S13400,250250907003,1.000000000000000
S13403,250250907003,1.000000000000000
S13396,250250907004,1.000000000000000
S13398,250250907004,1.000000000000000
S13400,250250907004,1.000000000000000
S13403,250250907004,1.000000000000000
S13396,250250909011,1.000000000000000
S13398,250250909011,1.000000000000000
S13400,250250909011,1.000000000000000
S13403,250250909011,1.000000000000000
S13396,250250909012,0.996434825121677
S13398,250250909012,0.996823520149091
S13400,250250909012,0.996823520149091
S13403,250250909012,0.996823520149091
S13396,250250910011,1.000000000000000
S13398,250250910011,1.000000000000000
S13400,250250910011,1.000000000000000
S13403,250250910011,1.000000000000000
S13396,250250910012,1.000000000000000
S13398,250250910012,1.000000000000000
S13400,250250910012,1.000000000000000
S13403,250250910012,1.000000000000000
S13396,250250910013,0.989466236409049
S13398,250250910013,0.989323016213782
S13400,250250910013,0.989323016213782
S13403,250250910013,0.989323016213782
S13396,250250910014,0.998037064205219
S13398,250250910014,0.998098245849553
S13400,250250910014,0.998098245849553
S13403,250250910014,0.998098245849553
S13396,250214004021,1.000000000000000
S13398,250214004021,1.000000000000000
S13400,250214004021,1.000000000000000
S13403,250214004021,1.000000000000000
S13396,250214004011,1.000000000000000
S13398,250214004011,1.000000000000000
S13400,250214004011,1.000000000000000
S13403,250214004011,1.000000000000000
S13396,250214004012,1.000000000000000
S13398,250214004012,1.000000000000000
S13400,250214004012,1.000000000000000
S13403,250214004012,1.000000000000000
S13396,250214004022,1.000000000000000
S13398,250214004022,1.000000000000000
S13400,250214004022,1.000000000000000
S13403,250214004022,1.000000000000000
S13396,250214005001,1.000000000000000
S13398,250214005001,1.000000000000000
S13400,250214005001,1.000000000000000
S13403,250214005001,1.000000000000000
S13396,250214005002,1.000000000000000
S13398,250214005002,1.000000000000000
S13400,250214005002,1.000000000000000
S13403,250214005002,1.000000000000000
S13396,250214005003,1.000000000000000
S13398,250214005003,1.000000000000000
S13400,250214005003,1.000000000000000
S13403,250214005003,1.000000000000000
S13396,250214005004,1.000000000000000
S13398,250214005004,1.000000000000000
S13400,250214005004,1.000000000000000
S13403,250214005004,1.000000000000000
S13396,250214006001,1.000000000000000
S13398,250214006001,1.000000000000000
S13400,250214006001,1.000000000000000
S13403,250214006001,1.000000000000000
S13396,250214006002,1.000000000000000
S13398,250214006002,1.000000000000000
S13400,250214006002,1.000000000000000
S13403,250214006002,1.000000000000000
S13396,250214006003,1.000000000000000
S13398,250214006003,1.000000000000000
S13400,250214006003,1.000000000000000
S13403,250214006003,1.000000000000000
S13396,250214006004,1.000000000000000
S13398,250214006004,1.000000000000000
S13400,250214006004,1.000000000000000
S13403,250214006004,1.000000000000000
S13396,250214007001,1.000000000000000
S13398,250214007001,1.000000000000000
S13400,250214007001,1.000000000000000
S13403,250214007001,1.000000000000000
S13396,250214007002,1.000000000000000
S13398,250214007002,1.000000000000000
S13400,250214007002,1.000000000000000
S13403,250214007002,1.000000000000000
S13396,250214007003,1.000000000000000
S13398,250214007003,1.000000000000000
S13400,250214007003,1.000000000000000
S13403,250214007003,1.000000000000000
S13396,250214008001,1.000000000000000
S13398,250214008001,1.000000000000000
S13400,250214008001,1.000000000000000
S13403,250214008001,1.000000000000000
S13396,250214008002,1.000000000000000
S13398,250214008002,1.000000000000000
S13400,250214008002,1.000000000000000
S13403,250214008002,1.000000000000000
S13396,250214008003,1.000000000000000
S13398,250214008003,1.000000000000000
S13400,250214008003,1.000000000000000
S13403,250214008003,1.000000000000000
S13396,250214008004,1.000000000000000
S13398,250214008004,1.000000000000000
S13400,250214008004,1.000000000000000
S13403,250214008004,1.000000000000000
S13396,250214009001,1.000000000000000
S13398,250214009001,1.000000000000000
S13400,250214009001,1.000000000000000
S13403,250214009001,1.000000000000000
S13396,250214009002,1.000000000000000
S13398,250214009002,1.000000000000000
S13400,250214009002,1.000000000000000
S13403,250214009002,1.000000000000000
S13396,250214009003,1.000000000000000
S13398,250214009003,1.000000000000000
S13400,250214009003,1.000000000000000
S13403,250214009003,1.000000000000000
S13396,250214010001,1.000000000000000
S13398,250214010001,1.000000000000000
S13400,250214010001,1.000000000000000
S13403,250214010001,1.000000000000000
S13396,250214010002,1.000000000000000
S13398,250214010002,1.000000000000000
S13400,250214010002,1.000000000000000
S13403,250214010002,1.000000000000000
S13396,250214010003,1.000000000000000
S13398,250214010003,1.000000000000000
S13400,250214010003,1.000000000000000
S13403,250214010003,1.000000000000000
S13396,250214011001,1.000000000000000
S13398,250214011001,1.000000000000000
S13400,250214011001,1.000000000000000
S13403,250214011001,1.000000000000000
S13396,250214011002,1.000000000000000
S13398,250214011002,1.000000000000000
S13400,250214011002,1.000000000000000
S13403,250214011002,1.000000000000000
S13396,250214011003,1.000000000000000
S13398,250214011003,1.000000000000000
S13400,250214011003,1.000000000000000
S13403,250214011003,1.000000000000000
S13396,250214012011,1.000000000000000
S13398,250214012011,1.000000000000000
S13400,250214012011,1.000000000000000
S13403,250214012011,1.000000000000000
S13396,250214012012,1.000000000000000
S13398,250214012012,1.000000000000000
S13400,250214012012,1.000000000000000
S13403,250214012012,1.000000000000000
S13396,250214012013,1.000000000000000
S13398,250214012013,1.000000000000000
S13400,250214012013,1.000000000000000
S13403,250214012013,1.000000000000000
S13396,250214012014,1.000000000000000
S13398,250214012014,1.000000000000000
S13400,250214012014,1.000000000000000
S13403,250214012014,1.000000000000000
S13396,250214012021,1.000000000000000
S13398,250214012021,1.000000000000000
S13400,250214012021,1.000000000000000
S13403,250214012021,1.000000000000000
S13396,250214021011,1.000000000000000
S13398,250214021011,1.000000000000000
S13400,250214021011,1.000000000000000
S13403,250214021011,1.000000000000000
S13396,250173343001,0.999996902068142
S13398,250173343001,1.000000000970339
S13399,250173343001,0.999996902068142
S13400,250173343001,1.000000000970339
S13403,250173343001,1.000000000970339
S13396,250173342002,1.000000000000000
S13398,250173342002,1.000000000000000
S13399,250173342002,1.000000000000000
S13400,250173342002,1.000000000000000
S13403,250173342002,1.000000000000000
S13396,250173342003,1.000000000000000
S13398,250173342003,1.000000000000000
S13399,250173342003,1.000000000000000
S13400,250173342003,1.000000000000000
S13403,250173342003,1.000000000000000
S13396,250173342004,1.000000000000000
S13398,250173342004,1.000000000000000
S13399,250173342004,1.000000000000000
S13400,250173342004,1.000000000000000
S13403,250173342004,1.000000000000000
S13396,250173343002,1.000000000000000
S13398,250173343002,1.000000000000000
S13399,250173343002,1.000000000000000
S13400,250173343002,1.000000000000000
S13403,250173343002,1.000000000000000
S13396,250173343003,1.000000000000000
S13398,250173343003,1.000000000000000
S13399,250173343003,1.000000000000000
S13400,250173343003,1.000000000000000
S13403,250173343003,1.000000000000000
S13396,250173343004,1.000000000000000
S13398,250173343004,1.000000000000000
S13399,250173343004,1.000000000000000
S13400,250173343004,1.000000000000000
S13403,250173343004,1.000000000000000
S13396,250173344001,1.000000000000000
S13398,250173344001,1.000000000000000
S13399,250173344001,1.000000000000000
S13400,250173344001,1.000000000000000
S13403,250173344001,1.000000000000000
S13396,250173344002,0.999999293311092
S13398,250173344002,1.000000000570716
S13399,250173344002,0.996956827855343
S13400,250173344002,1.000000000570716
S13403,250173344002,1.000000000570716
S13396,250173344003,1.000000009679453
S13398,250173344003,1.000000009679453
S13399,250173344003,0.989150387893166
S13400,250173344003,1.000000009679453
S13403,250173344003,1.000000009679453
S13396,250173344004,0.999999971946422
S13398,250173344004,0.999999971946422
S13399,250173344004,0.999662627227931
S13400,250173344004,0.999999971946422
S13403,250173344004,0.999999971946422
S13396,250173351001,1.000000000000000
S13398,250173351001,1.000000000000000
S13400,250173351001,1.000000000000000
S13403,250173351001,1.000000000000000
S13396,250173351002,1.000000000000000
S13398,250173351002,1.000000000000000
S13400,250173351002,1.000000000000000
S13403,250173351002,1.000000000000000
S13396,250173351003,1.000000000000000
S13398,250173351003,1.000000000000000
S13400,250173351003,1.000000000000000
S13403,250173351003,1.000000000000000
S13396,250173351004,1.000000000000000
S13398,250173351004,1.000000000000000
S13400,250173351004,1.000000000000000
S13403,250173351004,1.000000000000000
S13396,250173351005,1.000000000000000
S13398,250173351005,1.000000000000000
S13400,250173351005,1.000000000000000
S13403,250173351005,1.000000000000000
S13396,250173351006,1.000000000000000
S13398,250173351006,1.000000000000000
S13400,250173351006,1.000000000000000
S13403,250173351006,1.000000000000000
S13396,250173351007,1.000000000000000
S13398,250173351007,1.000000000000000
S13400,250173351007,1.000000000000000
S13403,250173351007,1.000000000000000
S13396,250173352001,1.000000000000000
S13398,250173352001,1.000000000000000
S13400,250173352001,1.000000000000000
S13403,250173352001,1.000000000000000
S13396,250173352002,1.000000000000000
S13398,250173352002,1.000000000000000
S13400,250173352002,1.000000000000000
S13403,250173352002,1.000000000000000
S13396,250173352003,1.000000001974028
S13398,250173352003,1.000000001974028
S13399,250173352003,0.026052333643178
S13400,250173352003,1.000000001974028
S13403,250173352003,1.000000001974028
S13396,250173352004,1.000000000000000
S13398,250173352004,1.000000000000000
S13400,250173352004,1.000000000000000
S13403,250173352004,1.000000000000000
S13396,250173352005,1.000000000000000
S13398,250173352005,1.000000000000000
S13400,250173352005,1.000000000000000
S13403,250173352005,1.000000000000000
S13396,250173353011,1.000000000000000
S13398,250173353011,1.000000000000000
S13400,250173353011,1.000000000000000
S13403,250173353011,1.000000000000000
S13396,250173353012,1.000000000000000
S13398,250173353012,1.000000000000000
S13400,250173353012,1.000000000000000
S13403,250173353012,1.000000000000000
S13396,250173353013,1.000000000000000
S13398,250173353013,1.000000000000000
S13400,250173353013,1.000000000000000
S13403,250173353013,1.000000000000000
S13396,250173353021,1.000000000000000
S13398,250173353021,1.000000000000000
S13400,250173353021,1.000000000000000
S13403,250173353021,1.000000000000000
S13396,250173353022,1.000000000000000
S13398,250173353022,1.000000000000000
S13400,250173353022,1.000000000000000
S13403,250173353022,1.000000000000000
S13396,250173353023,1.000000000000000
S13398,250173353023,1.000000000000000
S13400,250173353023,1.000000000000000
S13403,250173353023,1.000000000000000
S13396,250173353024,1.000000000000000
S13398,250173353024,1.000000000000000
S13400,250173353024,1.000000000000000
S13403,250173353024,1.000000000000000
S13396,250173354001,1.000000000000000
S13398,250173354001,1.000000000000000
S13400,250173354001,1.000000000000000
S13403,250173354001,1.000000000000000
S13396,250173354002,1.000000000000000
S13398,250173354002,1.000000000000000
S13400,250173354002,1.000000000000000
S13403,250173354002,1.000000000000000
S13396,250173354003,1.000000000000000
S13398,250173354003,1.000000000000000
S13400,250173354003,1.000000000000000
S13403,250173354003,1.000000000000000
S13396,250173361001,1.000000000000000
S13398,250173361001,1.000000000000000
S13400,250173361001,1.000000000000000
S13403,250173361001,1.000000000000000
S13396,250173361002,1.000000000000000
S13398,250173361002,1.000000000000000
S13400,250173361002,1.000000000000000
S13403,250173361002,1.000000000000000
S13396,250173361003,1.000000000000000
S13398,250173361003,1.000000000000000
S13400,250173361003,1.000000000000000
S13403,250173361003,1.000000000000000
S13398,250173632012,1.000000000000000
S13400,250173632012,1.000000000000000
S13403,250173632012,1.000000000000000
S13398,250173631061,1.000000000000000
S13400,250173631061,1.000000000000000
S13403,250173631061,1.000000000000000
S13398,250173631062,1.000000000000000
S13400,250173631062,1.000000000000000
S13403,250173631062,1.000000000000000
S13398,250173632011,1.000000000000000
S13400,250173632011,1.000000000000000
S13403,250173632011,1.000000000000000
S13398,250173632013,1.000000000000000
S13400,250173632013,1.000000000000000
S13403,250173632013,1.000000000000000
S13396,250251404007,1.000000000000000
S13398,250251404007,1.000000000000000
S13400,250251404007,1.000000000000000
S13403,250251404007,1.000000000000000
S13396,250251601021,1.000000000000000
S13398,250251601021,1.000000000000000
S13400,250251601021,1.000000000000000
S13403,250251601021,1.000000000000000
S13396,250251601022,1.000000000000000
S13398,250251601022,1.000000000000000
S13400,250251601022,1.000000000000000
S13403,250251601022,1.000000000000000
S13396,250251601023,1.000000000000000
S13398,250251601023,1.000000000000000
S13400,250251601023,1.000000000000000
S13403,250251601023,1.000000000000000
S13396,250251601024,1.000000000000000
S13398,250251601024,1.000000000000000
S13400,250251601024,1.000000000000000
S13403,250251601024,1.000000000000000
S13396,250251601031,1.000000000000000
S13398,250251601031,1.000000000000000
S13400,250251601031,1.000000000000000
S13403,250251601031,1.000000000000000
S13396,250251601032,1.000000000000000
S13398,250251601032,1.000000000000000
S13400,250251601032,1.000000000000000
S13403,250251601032,1.000000000000000
S13396,250251601033,1.000000000000000
S13398,250251601033,1.000000000000000
S13400,250251601033,1.000000000000000
S13403,250251601033,1.000000000000000
S13396,250251601034,0.990335172261385
S13398,250251601034,0.990462554859961
S13400,250251601034,0.990462554859961
S13403,250251601034,0.990462554859961
S13396,250251602001,1.000000000000000
S13398,250251602001,1.000000000000000
S13400,250251602001,1.000000000000000
S13403,250251602001,1.000000000000000
S13398,250173632021,1.000000000000000
S13400,250173632021,1.000000000000000
S13403,250173632021,1.000000000000000
S13398,250173632022,1.000000000000000
S13400,250173632022,1.000000000000000
S13403,250173632022,1.000000000000000
S13398,250173632023,1.000000000000000
S13400,250173632023,1.000000000000000
S13403,250173632023,1.000000000000000
S13398,250173641011,1.000000000000000
S13400,250173641011,1.000000000000000
S13403,250173641011,1.000000000000000
S13398,250173641012,1.000000000000000
S13400,250173641012,1.000000000000000
S13403,250173641012,1.000000000000000
S13398,250173641013,1.000000000000000
S13400,250173641013,1.000000000000000
S13403,250173641013,1.000000000000000
S13390,250173641021,0.000182395583566
S13391,250173641021,0.000182395583566
S13392,250173641021,0.000182395583566
S13398,250173641021,0.999999996096706
S13400,250173641021,0.999999996096706
S13403,250173641021,0.999999996096706
S13390,250173641022,0.000096138052868
S13391,250173641022,0.000096138052868
S13392,250173641022,0.000096138052868
S13398,250173641022,1.000000005656731
S13400,250173641022,1.000000005656731
S13403,250173641022,1.000000005656731
S13398,250173641023,1.000000000000000
S13400,250173641023,1.000000000000000
S13403,250173641023,1.000000000000000
S13390,250173641024,0.000000847379934
S13391,250173641024,0.000000847379934
S13392,250173641024,0.000000847379934
S13398,250173641024,1.000000004591853
S13400,250173641024,1.000000004591853
S13403,250173641024,1.000000004591853
S13390,250173651001,0.999999877178304
S13391,250173651001,0.999999877178304
S13392,250173651001,0.999999877178304
S13398,250173651001,0.999999974594916
S13400,250173651001,0.999999974594916
S13403,250173651001,0.999999974594916
S13390,250173651002,1.000000000000000
S13391,250173651002,1.000000000000000
S13392,250173651002,1.000000000000000
S13398,250173651002,1.000000000000000
S13400,250173651002,1.000000000000000
S13403,250173651002,1.000000000000000
S13390,250173651003,0.999486228589564
S13391,250173651003,0.999486228589564
S13392,250173651003,0.999486228589564
S13398,250173651003,1.000000022329354
S13400,250173651003,1.000000022329354
S13403,250173651003,1.000000022329354
S13390,250173651004,1.000000000000000
S13391,250173651004,1.000000000000000
S13392,250173651004,1.000000000000000
S13398,250173651004,1.000000000000000
S13400,250173651004,1.000000000000000
S13403,250173651004,1.000000000000000
S13390,250173652011,1.000000000000000
S13391,250173652011,1.000000000000000
S13392,250173652011,1.000000000000000
S13398,250173652011,1.000000000000000
S13400,250173652011,1.000000000000000
S13403,250173652011,1.000000000000000
S13390,250173652012,1.000000000000000
S13391,250173652012,1.000000000000000
S13392,250173652012,1.000000000000000
S13398,250173652012,1.000000000000000
S13400,250173652012,1.000000000000000
S13403,250173652012,1.000000000000000
S13390,250173652013,1.000000000579984
S13391,250173652013,1.000000000579984
S13392,250173652013,1.000000000579984
S13398,250173652013,0.999950134793677
S13400,250173652013,0.999950134793677
S13403,250173652013,0.999950134793677
S13390,250173652014,1.000000000000000
S13391,250173652014,1.000000000000000
S13392,250173652014,1.000000000000000
S13398,250173652014,1.000000000000000
S13400,250173652014,1.000000000000000
S13403,250173652014,1.000000000000000
S13390,250173652021,1.000000007937326
S13391,250173652021,1.000000007937326
S13392,250173652021,1.000000007937326
S13396,250173652021,0.000546000232303
S13398,250173652021,1.000000007937326
S13400,250173652021,1.000000007937326
S13403,250173652021,1.000000007937326
S13390,250173652022,1.000000001556675
S13391,250173652022,1.000000001556675
S13392,250173652022,1.000000001556675
S13396,250173652022,0.000201870821483
S13398,250173652022,1.000000001556675
S13400,250173652022,1.000000001556675
S13403,250173652022,1.000000001556675
S13390,250173652023,1.000000000000000
S13391,250173652023,1.000000000000000
S13392,250173652023,1.000000000000000
S13398,250173652023,1.000000000000000
S13400,250173652023,1.000000000000000
S13403,250173652023,1.000000000000000
S13390,250173661001,1.000000020184765
S13391,250173661001,1.000000020184765
S13392,250173661001,1.000000020184765
S13396,250173661001,0.003086754251965
S13398,250173661001,1.000000020184765
S13400,250173661001,1.000000020184765
S13403,250173661001,1.000000020184765
S13390,250173661002,1.000000000000000
S13391,250173661002,1.000000000000000
S13392,250173661002,1.000000000000000
S13398,250173661002,1.000000000000000
S13400,250173661002,1.000000000000000
S13403,250173661002,1.000000000000000
S13390,250173661003,1.000000000000000
S13391,250173661003,1.000000000000000
S13392,250173661003,1.000000000000000
S13398,250173661003,1.000000000000000
S13400,250173661003,1.000000000000000
S13403,250173661003,1.000000000000000
S13390,250173661004,1.000000009785957
S13391,250173661004,1.000000009785957
S13392,250173661004,1.000000009785957
S13396,250173661004,0.000081491129882
S13398,250173661004,1.000000009785957
S13400,250173661004,1.000000009785957
S13403,250173661004,1.000000009785957
S13390,250173661005,0.999999993586973
S13391,250173661005,0.999999993586973
S13392,250173661005,0.999999993586973
S13396,250173661005,0.000721923634995
S13398,250173661005,0.999999993586973
S13400,250173661005,0.999999993586973
S13403,250173661005,0.999999993586973
S13390,250173662011,0.999358703718269
S13391,250173662011,0.999358703718269
S13392,250173662011,0.999358703718269
S13396,250173662011,0.000082378565012
S13398,250173662011,0.999999996266212
S13400,250173662011,0.999999996266212
S13403,250173662011,0.999999996266212
S13390,250173662012,0.999999830233547
S13391,250173662012,0.999999830233547
S13392,250173662012,0.999999830233547
S13396,250173662012,0.000027949112719
S13398,250173662012,0.999999830233547
S13400,250173662012,0.999999830233547
S13403,250173662012,0.999999830233547
S13390,250173662021,1.000000001584456
S13391,250173662021,1.000000001584456
S13392,250173662021,1.000000001584456
S13396,250173662021,0.000021583442222
S13398,250173662021,1.000000001584456
S13400,250173662021,1.000000001584456
S13403,250173662021,1.000000001584456
S13390,250173662022,0.999999987213604
S13391,250173662022,0.999999987213604
S13392,250173662022,0.999999987213604
S13396,250173662022,0.000070880188588
S13398,250173662022,0.999999987213604
S13400,250173662022,0.999999987213604
S13403,250173662022,0.999999987213604
S13390,250173662023,1.000000212514238
S13391,250173662023,1.000000212514238
S13392,250173662023,1.000000212514238
S13396,250173662023,0.000001875754834
S13398,250173662023,1.000000212514238
S13400,250173662023,1.000000212514238
S13403,250173662023,1.000000212514238
S13390,250173671001,1.000000000000000
S13391,250173671001,1.000000000000000
S13392,250173671001,1.000000000000000
S13396,250173671001,1.000000000000000
S13398,250173671001,1.000000000000000
S13400,250173671001,1.000000000000000
S13403,250173671001,1.000000000000000
S13390,250173671002,0.999985404522636
S13391,250173671002,0.999985404522636
S13392,250173671002,0.999985404522636
S13396,250173671002,0.999999999870894
S13398,250173671002,0.999999999870894
S13400,250173671002,0.999999999870894
S13403,250173671002,0.999999999870894
S13396,250251404005,1.000000000000000
S13398,250251404005,1.000000000000000
S13400,250251404005,1.000000000000000
S13403,250251404005,1.000000000000000
S13396,250251404006,1.000000000000000
S13398,250251404006,1.000000000000000
S13400,250251404006,1.000000000000000
S13403,250251404006,1.000000000000000
S13396,250251602002,1.000000000000000
S13398,250251602002,1.000000000000000
S13400,250251602002,1.000000000000000
S13403,250251602002,1.000000000000000
S13396,250251602003,1.000000000000000
S13398,250251602003,1.000000000000000
S13400,250251602003,1.000000000000000
S13403,250251602003,1.000000000000000
S13396,250251602004,1.000000000000000
S13398,250251602004,1.000000000000000
S13400,250251602004,1.000000000000000
S13403,250251602004,1.000000000000000
S13396,250251603001,0.937749357000527
S13398,250251603001,0.938225362436209
S13400,250251603001,0.938225362436209
S13403,250251603001,0.938225362436209
S13396,250251603002,0.981046349733247
S13398,250251603002,0.980995704734455
S13400,250251603002,0.980995704734455
S13403,250251603002,0.980995704734455
S13396,250251604001,1.000000000000000
S13398,250251604001,1.000000000000000
S13400,250251604001,1.000000000000000
S13403,250251604001,1.000000000000000
S13396,250251604002,1.000000000000000
S13398,250251604002,1.000000000000000
S13400,250251604002,1.000000000000000
S13403,250251604002,1.000000000000000
S13396,250251604003,1.000000000000000
S13398,250251604003,1.000000000000000
S13400,250251604003,1.000000000000000
S13403,250251604003,1.000000000000000
S13396,250251604004,1.000000000000000
S13398,250251604004,1.000000000000000
S13400,250251604004,1.000000000000000
S13403,250251604004,1.000000000000000
S13396,250251605011,1.000000000000000
S13398,250251605011,1.000000000000000
S13400,250251605011,1.000000000000000
S13403,250251605011,1.000000000000000
S13396,250251605012,1.000000000000000
S13398,250251605012,1.000000000000000
S13400,250251605012,1.000000000000000
S13403,250251605012,1.000000000000000
S13396,250251605013,1.000000000000000
S13398,250251605013,1.000000000000000
S13400,250251605013,1.000000000000000
S13403,250251605013,1.000000000000000
S13396,250251605014,1.000000000000000
S13398,250251605014,1.000000000000000
S13400,250251605014,1.000000000000000
S13403,250251605014,1.000000000000000
S13396,250251605015,1.000000000000000
S13398,250251605015,1.000000000000000
S13400,250251605015,1.000000000000000
S13403,250251605015,1.000000000000000
S13396,250251605021,1.000000000000000
S13398,250251605021,1.000000000000000
S13400,250251605021,1.000000000000000
S13403,250251605021,1.000000000000000
S13396,250251605022,0.905216192601619
S13398,250251605022,0.924064496976878
S13400,250251605022,0.924064496976878
S13403,250251605022,0.924064496976878
S13396,250251605023,0.992499211734530
S13398,250251605023,0.992528419590970
S13400,250251605023,0.992528419590970
S13403,250251605023,0.992528419590970
S13396,250251605024,1.000000000000000
S13398,250251605024,1.000000000000000
S13400,250251605024,1.000000000000000
S13403,250251605024,1.000000000000000
S13396,250251605025,1.000000000000000
S13398,250251605025,1.000000000000000
S13400,250251605025,1.000000000000000
S13403,250251605025,1.000000000000000
S13396,250251606011,1.000000000000000
S13398,250251606011,1.000000000000000
S13400,250251606011,1.000000000000000
S13403,250251606011,1.000000000000000
S13396,250251606012,1.000000000000000
S13398,250251606012,1.000000000000000
S13400,250251606012,1.000000000000000
S13403,250251606012,1.000000000000000
S13396,250251606013,1.000000000000000
S13398,250251606013,1.000000000000000
S13400,250251606013,1.000000000000000
S13403,250251606013,1.000000000000000
S13395,250214231012,0.998967658462911
S13396,250214231012,0.998967658462911
S13398,250214231012,0.999999966270849
S13400,250214231012,0.999999966270849
S13403,250214231012,0.999999966270849
S13395,250214231013,1.000000000000000
S13396,250214231013,1.000000000000000
S13398,250214231013,1.000000000000000
S13400,250214231013,1.000000000000000
S13403,250214231013,1.000000000000000
S13395,250214231022,0.999957204475239
S13396,250214231022,0.999957204475239
S13398,250214231022,1.000000027669831
S13400,250214231022,1.000000027669831
S13403,250214231022,1.000000027669831
S13395,250214231023,1.000000000000000
S13396,250214231023,1.000000000000000
S13398,250214231023,1.000000000000000
S13400,250214231023,1.000000000000000
S13403,250214231023,1.000000000000000
S13397,250214412021,0.000023379737844
S13398,250214412021,0.999513628735601
S13400,250214412021,0.999513628735601
S13403,250214412021,0.999513628735601
S13396,250214412031,0.000475658709284
S13397,250214412031,0.000475658709284
S13398,250214412031,0.999997812558532
S13400,250214412031,0.999997812558532
S13403,250214412031,0.999997812558532
S13398,250214412032,0.999978486955329
S13400,250214412032,0.999978486955329
S13403,250214412032,0.999978486955329
S13398,250214412041,1.000000000000000
S13400,250214412041,1.000000000000000
S13403,250214412041,1.000000000000000
S13398,250214412042,1.000000000000000
S13400,250214412042,1.000000000000000
S13403,250214412042,1.000000000000000
S13397,250214421011,1.000000000000000
S13398,250214421011,1.000000000000000
S13400,250214421011,1.000000000000000
S13403,250214421011,1.000000000000000
S13397,250214421012,1.000000000000000
S13398,250214421012,1.000000000000000
S13400,250214421012,1.000000000000000
S13403,250214421012,1.000000000000000
S13397,250214421013,1.000000000000000
S13398,250214421013,1.000000000000000
S13400,250214421013,1.000000000000000
S13403,250214421013,1.000000000000000
S13397,250214421014,1.000000000000000
S13398,250214421014,1.000000000000000
S13400,250214421014,1.000000000000000
S13403,250214421014,1.000000000000000
S13397,250214421031,0.995077812859721
S13398,250214421031,0.999999999445933
S13400,250214421031,0.999999999445933
S13403,250214421031,0.999999999445933
S13397,250214421032,0.998490728008677
S13398,250214421032,1.000000011511180
S13400,250214421032,1.000000011511180
S13403,250214421032,1.000000011511180
S13397,250214421033,1.000000000000000
S13398,250214421033,1.000000000000000
S13400,250214421033,1.000000000000000
S13403,250214421033,1.000000000000000
S13397,250214421034,0.999419845765832
S13398,250214421034,1.000000007657758
S13400,250214421034,1.000000007657758
S13403,250214421034,1.000000007657758
S13397,250214421041,1.000000000000000
S13398,250214421041,1.000000000000000
S13400,250214421041,1.000000000000000
S13403,250214421041,1.000000000000000
S13397,250214421042,1.000000000000000
S13398,250214421042,1.000000000000000
S13400,250214421042,1.000000000000000
S13403,250214421042,1.000000000000000
S13397,250214421043,1.000000000000000
S13398,250214421043,1.000000000000000
S13400,250214421043,1.000000000000000
S13403,250214421043,1.000000000000000
S13397,250214421051,0.999855709034802
S13398,250214421051,1.000000005563792
S13400,250214421051,1.000000005563792
S13403,250214421051,1.000000005563792
S13397,250214422011,0.999775397773216
S13398,250214422011,1.000000074874281
S13400,250214422011,1.000000074874281
S13403,250214422011,1.000000074874281
S13390,250173201021,0.999581844567825
S13391,250173201021,0.999581844567825
S13392,250173201021,0.999581844567825
S13398,250173201021,0.999999991997205
S13400,250173201021,0.999999991997205
S13403,250173201021,0.999999991997205
S13390,250173201022,0.998709840069904
S13391,250173201022,0.998709840069904
S13392,250173201022,0.998709840069904
S13398,250173201022,0.999818125302687
S13400,250173201022,0.999818125302687
S13403,250173201022,0.999818125302687
S13390,250173201023,0.999761897834186
S13391,250173201023,0.999761897834186
S13392,250173201023,0.999761897834186
S13398,250173201023,0.999999973512120
S13400,250173201023,0.999999973512120
S13403,250173201023,0.999999973512120
S13390,250173201024,0.999990989239944
S13391,250173201024,0.999990989239944
S13392,250173201024,0.999990989239944
S13398,250173201024,0.999999999760738
S13400,250173201024,0.999999999760738
S13403,250173201024,0.999999999760738
S13395,250214231021,0.997521739127639
S13396,250214231021,0.997521739127639
S13398,250214231021,0.997631790279593
S13400,250214231021,0.997631790279593
S13403,250214231021,0.997631790279593
S13395,250214231011,0.935973986808813
S13396,250214231011,0.997764725236995
S13398,250214231011,0.997805018854854
S13400,250214231011,0.997805018854854
S13403,250214231011,0.997805018854854
S13398,250173301011,1.000000000000000
S13400,250173301011,1.000000000000000
S13403,250173301011,1.000000000000000
S13396,250173301012,0.000016465893590
S13398,250173301012,0.999999997518032
S13400,250173301012,0.999999997518032
S13403,250173301012,0.999999997518032
S13396,250173301021,0.000465142818256
S13398,250173301021,1.000000014570500
S13399,250173301021,0.000002797606006
S13400,250173301021,1.000000014570500
S13403,250173301021,1.000000014570500
S13398,250173301022,1.000000000000000
S13400,250173301022,1.000000000000000
S13403,250173301022,1.000000000000000
S13398,250173301023,1.000000000000000
S13400,250173301023,1.000000000000000
S13403,250173301023,1.000000000000000
S13396,250173302011,0.000013835935505
S13398,250173302011,1.000000022900655
S13399,250173302011,0.000013835935505
S13400,250173302011,1.000000022900655
S13403,250173302011,1.000000022900655
S13396,250173302021,0.000216909638873
S13398,250173302021,0.999999961724201
S13399,250173302021,0.000216909638873
S13400,250173302021,0.999999961724201
S13403,250173302021,0.999999961724201
S13398,250173302022,1.000000000000000
S13400,250173302022,1.000000000000000
S13403,250173302022,1.000000000000000
S13396,250250705021,1.000000000000000
S13398,250250705021,1.000000000000000
S13400,250250705021,1.000000000000000
S13403,250250705021,1.000000000000000
S13396,250250705011,1.000000000000000
S13398,250250705011,1.000000000000000
S13400,250250705011,1.000000000000000
S13403,250250705011,1.000000000000000
S13396,250250705012,1.000000000000000
S13398,250250705012,1.000000000000000
S13400,250250705012,1.000000000000000
S13403,250250705012,1.000000000000000
S13396,250250705022,1.000000000000000
S13398,250250705022,1.000000000000000
S13400,250250705022,1.000000000000000
S13403,250250705022,1.000000000000000
S13396,250250706001,1.000000000000000
S13398,250250706001,1.000000000000000
S13400,250250706001,1.000000000000000
S13403,250250706001,1.000000000000000
S13396,250250706002,1.000000000000000
S13398,250250706002,1.000000000000000
S13400,250250706002,1.000000000000000
S13403,250250706002,1.000000000000000
S13396,250250707001,1.000000000000000
S13398,250250707001,1.000000000000000
S13400,250250707001,1.000000000000000
S13403,250250707001,1.000000000000000
S13396,250250707002,1.000000000000000
S13398,250250707002,1.000000000000000
S13400,250250707002,1.000000000000000
S13403,250250707002,1.000000000000000
S13396,250250708011,1.000000000000000
S13398,250250708011,1.000000000000000
S13400,250250708011,1.000000000000000
S13403,250250708011,1.000000000000000
S13396,250250708021,1.000000000000000
S13398,250250708021,1.000000000000000
S13400,250250708021,1.000000000000000
S13403,250250708021,1.000000000000000
S13396,250250708022,1.000000000000000
S13398,250250708022,1.000000000000000
S13400,250250708022,1.000000000000000
S13403,250250708022,1.000000000000000
S13396,250250709011,1.000000000000000
S13398,250250709011,1.000000000000000
S13400,250250709011,1.000000000000000
S13403,250250709011,1.000000000000000
S13396,250250709021,1.000000000000000
S13398,250250709021,1.000000000000000
S13400,250250709021,1.000000000000000
S13403,250250709021,1.000000000000000
S13396,250250709022,1.000000000000000
S13398,250250709022,1.000000000000000
S13400,250250709022,1.000000000000000
S13403,250250709022,1.000000000000000
S13396,250250711011,1.000000000000000
S13398,250250711011,1.000000000000000
S13400,250250711011,1.000000000000000
S13403,250250711011,1.000000000000000
S13396,250250711012,1.000000000000000
S13398,250250711012,1.000000000000000
S13400,250250711012,1.000000000000000
S13403,250250711012,1.000000000000000
S13396,250250711013,1.000000000000000
S13398,250250711013,1.000000000000000
S13400,250250711013,1.000000000000000
S13403,250250711013,1.000000000000000
S13396,250250711014,1.000000000000000
S13398,250250711014,1.000000000000000
S13400,250250711014,1.000000000000000
S13403,250250711014,1.000000000000000
S13396,250250712011,1.000000000000000
S13398,250250712011,1.000000000000000
S13400,250250712011,1.000000000000000
S13403,250250712011,1.000000000000000
S13396,250250712012,1.000000000000000
S13398,250250712012,1.000000000000000
S13400,250250712012,1.000000000000000
S13403,250250712012,1.000000000000000
S13396,250250712013,1.000000000000000
S13398,250250712013,1.000000000000000
S13400,250250712013,1.000000000000000
S13403,250250712013,1.000000000000000
S13396,250250712014,1.000000000000000
S13398,250250712014,1.000000000000000
S13400,250250712014,1.000000000000000
S13403,250250712014,1.000000000000000
S13396,250250801001,1.000000000000000
S13398,250250801001,1.000000000000000
S13400,250250801001,1.000000000000000
S13403,250250801001,1.000000000000000
S13396,250250801002,1.000000000000000
S13398,250250801002,1.000000000000000
S13400,250250801002,1.000000000000000
S13403,250250801002,1.000000000000000
S13396,250250803001,1.000000000000000
S13398,250250803001,1.000000000000000
S13400,250250803001,1.000000000000000
S13403,250250803001,1.000000000000000
S13396,250250803002,1.000000000000000
S13398,250250803002,1.000000000000000
S13400,250250803002,1.000000000000000
S13403,250250803002,1.000000000000000
S13396,250250804011,1.000000000000000
S13398,250250804011,1.000000000000000
S13400,250250804011,1.000000000000000
S13403,250250804011,1.000000000000000
S13396,250250804012,1.000000000000000
S13398,250250804012,1.000000000000000
S13400,250250804012,1.000000000000000
S13403,250250804012,1.000000000000000
S13396,250250805001,1.000000000000000
S13398,250250805001,1.000000000000000
S13400,250250805001,1.000000000000000
S13403,250250805001,1.000000000000000
S13396,250250805002,1.000000000000000
S13398,250250805002,1.000000000000000
S13400,250250805002,1.000000000000000
S13403,250250805002,1.000000000000000
S13396,250250806011,1.000000000000000
S13398,250250806011,1.000000000000000
S13400,250250806011,1.000000000000000
S13403,250250806011,1.000000000000000
S13396,250250806012,1.000000000000000
S13398,250250806012,1.000000000000000
S13400,250250806012,1.000000000000000
S13403,250250806012,1.000000000000000
S13396,250250806013,1.000000000000000
S13398,250250806013,1.000000000000000
S13400,250250806013,1.000000000000000
S13403,250250806013,1.000000000000000
S13396,250173510021,1.000000000000000
S13398,250173510021,1.000000000000000
S13400,250173510021,1.000000000000000
S13403,250173510021,1.000000000000000
S13396,250173510011,1.000000000000000
S13398,250173510011,1.000000000000000
S13400,250173510011,1.000000000000000
S13403,250173510011,1.000000000000000
S13396,250173510012,1.000000000000000
S13398,250173510012,1.000000000000000
S13400,250173510012,1.000000000000000
S13403,250173510012,1.000000000000000
S13396,250173510013,1.000000000000000
S13398,250173510013,1.000000000000000
S13400,250173510013,1.000000000000000
S13403,250173510013,1.000000000000000
S13396,250173510022,1.000000000000000
S13398,250173510022,1.000000000000000
S13400,250173510022,1.000000000000000
S13403,250173510022,1.000000000000000
S13396,250173510023,1.000000000000000
S13398,250173510023,1.000000000000000
S13400,250173510023,1.000000000000000
S13403,250173510023,1.000000000000000
S13396,250173511011,1.000000000000000
S13398,250173511011,1.000000000000000
S13400,250173511011,1.000000000000000
S13403,250173511011,1.000000000000000
S13396,250173511012,1.000000000000000
S13398,250173511012,1.000000000000000
S13400,250173511012,1.000000000000000
S13403,250173511012,1.000000000000000
S13396,250173511013,1.000000000000000
S13398,250173511013,1.000000000000000
S13400,250173511013,1.000000000000000
S13403,250173511013,1.000000000000000
S13396,250173511021,1.000000000000000
S13398,250173511021,1.000000000000000
S13400,250173511021,1.000000000000000
S13403,250173511021,1.000000000000000
S13396,250173511022,1.000000000000000
S13398,250173511022,1.000000000000000
S13400,250173511022,1.000000000000000
S13403,250173511022,1.000000000000000
S13396,250173512031,1.000000000000000
S13398,250173512031,1.000000000000000
S13400,250173512031,1.000000000000000
S13403,250173512031,1.000000000000000
S13396,250173512032,1.000000000000000
S13398,250173512032,1.000000000000000
S13400,250173512032,1.000000000000000
S13403,250173512032,1.000000000000000
S13396,250173512033,1.000000000000000
S13398,250173512033,1.000000000000000
S13400,250173512033,1.000000000000000
S13403,250173512033,1.000000000000000
S13396,250173512034,1.000000000000000
S13398,250173512034,1.000000000000000
S13400,250173512034,1.000000000000000
S13403,250173512034,1.000000000000000
S13396,250173512041,1.000000000000000
S13398,250173512041,1.000000000000000
S13400,250173512041,1.000000000000000
S13403,250173512041,1.000000000000000
S13396,250173512042,1.000000000000000
S13398,250173512042,1.000000000000000
S13400,250173512042,1.000000000000000
S13403,250173512042,1.000000000000000
S13396,250173512043,1.000000000000000
S13398,250173512043,1.000000000000000
S13400,250173512043,1.000000000000000
S13403,250173512043,1.000000000000000
S13396,250173513001,1.000000000000000
S13398,250173513001,1.000000000000000
S13400,250173513001,1.000000000000000
S13403,250173513001,1.000000000000000
S13396,250173513002,1.000000000000000
S13398,250173513002,1.000000000000000
S13400,250173513002,1.000000000000000
S13403,250173513002,1.000000000000000
S13396,250173513003,1.000000000000000
S13398,250173513003,1.000000000000000
S13400,250173513003,1.000000000000000
S13403,250173513003,1.000000000000000
S13396,250173514031,1.000000000000000
S13398,250173514031,1.000000000000000
S13400,250173514031,1.000000000000000
S13403,250173514031,1.000000000000000
S13396,250173514032,1.000000000000000
S13398,250173514032,1.000000000000000
S13400,250173514032,1.000000000000000
S13403,250173514032,1.000000000000000
S13396,250173514033,1.000000000000000
S13398,250173514033,1.000000000000000
S13400,250173514033,1.000000000000000
S13403,250173514033,1.000000000000000
S13396,250173514034,1.000000000000000
S13398,250173514034,1.000000000000000
S13400,250173514034,1.000000000000000
S13403,250173514034,1.000000000000000
S13396,250173514035,1.000000000000000
S13398,250173514035,1.000000000000000
S13400,250173514035,1.000000000000000
S13403,250173514035,1.000000000000000
S13396,250173514041,1.000000000000000
S13398,250173514041,1.000000000000000
S13400,250173514041,1.000000000000000
S13403,250173514041,1.000000000000000
S13396,250173514042,1.000000000000000
S13398,250173514042,1.000000000000000
S13400,250173514042,1.000000000000000
S13403,250173514042,1.000000000000000
S13396,250173514043,1.000000000000000
S13398,250173514043,1.000000000000000
S13400,250173514043,1.000000000000000
S13403,250173514043,1.000000000000000
S13396,250173514044,1.000000000000000
S13398,250173514044,1.000000000000000
S13400,250173514044,1.000000000000000
S13403,250173514044,1.000000000000000
S13396,250173515001,1.000000000000000
S13398,250173515001,1.000000000000000
S13400,250173515001,1.000000000000000
S13403,250173515001,1.000000000000000
S13396,250173515002,1.000000000000000
S13398,250173515002,1.000000000000000
S13400,250173515002,1.000000000000000
S13403,250173515002,1.000000000000000
S13396,250173515003,1.000000000000000
S13398,250173515003,1.000000000000000
S13400,250173515003,1.000000000000000
S13403,250173515003,1.000000000000000
S13390,250173824004,1.000000000000000
S13391,250173824004,1.000000000000000
S13392,250173824004,1.000000000000000
S13396,250173824004,1.000000000000000
S13398,250173824004,1.000000000000000
S13400,250173824004,1.000000000000000
S13403,250173824004,1.000000000000000
S13390,250173824001,1.000000000000000
S13391,250173824001,1.000000000000000
S13392,250173824001,1.000000000000000
S13396,250173824001,1.000000000000000
S13398,250173824001,1.000000000000000
S13400,250173824001,1.000000000000000
S13403,250173824001,1.000000000000000
S13390,250173824002,0.999999998957507
S13391,250173824002,0.999999998957507
S13392,250173824002,0.999999998957507
S13396,250173824002,0.999947932452462
S13398,250173824002,0.999999998957507
S13400,250173824002,0.999999998957507
S13403,250173824002,0.999999998957507
S13390,250173824003,1.000000002647558
S13391,250173824003,1.000000002647558
S13392,250173824003,1.000000002647558
S13396,250173824003,0.999971416532596
S13398,250173824003,1.000000002647558
S13400,250173824003,1.000000002647558
S13403,250173824003,1.000000002647558
S13390,250173825001,1.000000000000000
S13391,250173825001,1.000000000000000
S13392,250173825001,1.000000000000000
S13396,250173825001,1.000000000000000
S13398,250173825001,1.000000000000000
S13400,250173825001,1.000000000000000
S13403,250173825001,1.000000000000000
S13390,250173825002,1.000000000000000
S13391,250173825002,1.000000000000000
S13392,250173825002,1.000000000000000
S13396,250173825002,1.000000000000000
S13398,250173825002,1.000000000000000
S13400,250173825002,1.000000000000000
S13403,250173825002,1.000000000000000
S13390,250173825003,1.000000004112543
S13391,250173825003,1.000000004112543
S13392,250173825003,1.000000004112543
S13396,250173825003,0.998880583592485
S13398,250173825003,1.000000004112543
S13400,250173825003,1.000000004112543
S13403,250173825003,1.000000004112543
S13390,250173825004,1.000000000000000
S13391,250173825004,1.000000000000000
S13392,250173825004,1.000000000000000
S13396,250173825004,1.000000000000000
S13398,250173825004,1.000000000000000
S13400,250173825004,1.000000000000000
S13403,250173825004,1.000000000000000
S13390,250173826011,1.000000000000000
S13391,250173826011,1.000000000000000
S13392,250173826011,1.000000000000000
S13396,250173826011,1.000000000000000
S13398,250173826011,1.000000000000000
S13400,250173826011,1.000000000000000
S13403,250173826011,1.000000000000000
S13390,250173826012,1.000000000000000
S13391,250173826012,1.000000000000000
S13392,250173826012,1.000000000000000
S13396,250173826012,1.000000000000000
S13398,250173826012,1.000000000000000
S13400,250173826012,1.000000000000000
S13403,250173826012,1.000000000000000
S13390,250173826013,1.000000000000000
S13391,250173826013,1.000000000000000
S13392,250173826013,1.000000000000000
S13396,250173826013,1.000000000000000
S13398,250173826013,1.000000000000000
S13400,250173826013,1.000000000000000
S13403,250173826013,1.000000000000000
S13390,250173826014,1.000000000000000
S13391,250173826014,1.000000000000000
S13392,250173826014,1.000000000000000
S13396,250173826014,1.000000000000000
S13398,250173826014,1.000000000000000
S13400,250173826014,1.000000000000000
S13403,250173826014,1.000000000000000
S13390,250173826021,1.000000000000000
S13391,250173826021,1.000000000000000
S13392,250173826021,1.000000000000000
S13396,250173826021,1.000000000000000
S13398,250173826021,1.000000000000000
S13400,250173826021,1.000000000000000
S13403,250173826021,1.000000000000000
S13390,250173826022,1.000000000000000
S13391,250173826022,1.000000000000000
S13392,250173826022,1.000000000000000
S13396,250173826022,1.000000000000000
S13398,250173826022,1.000000000000000
S13400,250173826022,1.000000000000000
S13403,250173826022,1.000000000000000
S13390,250173826023,1.000000000000000
S13391,250173826023,1.000000000000000
S13392,250173826023,1.000000000000000
S13396,250173826023,1.000000000000000
S13398,250173826023,1.000000000000000
S13400,250173826023,1.000000000000000
S13403,250173826023,1.000000000000000
S13390,250173826024,1.000000000000000
S13391,250173826024,1.000000000000000
S13392,250173826024,1.000000000000000
S13396,250173826024,1.000000000000000
S13398,250173826024,1.000000000000000
S13400,250173826024,1.000000000000000
S13403,250173826024,1.000000000000000
S13390,250173831011,0.999999998155378
S13391,250173831011,0.999999998155378
S13392,250173831011,0.999999998155378
S13396,250173831011,0.999632715816687
S13398,250173831011,0.999999998155378
S13400,250173831011,0.999999998155378
S13403,250173831011,0.999999998155378
S13390,250173831012,1.000000010452191
S13391,250173831012,1.000000010452191
S13392,250173831012,1.000000010452191
S13396,250173831012,0.999775243862431
S13398,250173831012,1.000000010452191
S13400,250173831012,1.000000010452191
S13403,250173831012,1.000000010452191
S13390,250173831021,1.000000000581297
S13391,250173831021,1.000000000581297
S13392,250173831021,1.000000000581297
S13396,250173831021,0.999863989849241
S13398,250173831021,1.000000000581297
S13400,250173831021,1.000000000581297
S13403,250173831021,1.000000000581297
S13390,250173831022,1.000000000000000
S13391,250173831022,1.000000000000000
S13392,250173831022,1.000000000000000
S13396,250173831022,1.000000000000000
S13398,250173831022,1.000000000000000
S13400,250173831022,1.000000000000000
S13403,250173831022,1.000000000000000
S13390,250173832001,0.999999919509863
S13391,250173832001,0.999999919509863
S13392,250173832001,0.999999919509863
S13396,250173832001,0.999967994598953
S13398,250173832001,0.999999919509863
S13400,250173832001,0.999999919509863
S13403,250173832001,0.999999919509863
S13390,250173832002,1.000000098922945
S13391,250173832002,1.000000098922945
S13392,250173832002,1.000000098922945
S13396,250173832002,0.999922862088410
S13398,250173832002,1.000000098922945
S13400,250173832002,1.000000098922945
S13403,250173832002,1.000000098922945
S13390,250173832003,1.000000000000000
S13391,250173832003,1.000000000000000
S13392,250173832003,1.000000000000000
S13396,250173832003,1.000000000000000
S13398,250173832003,1.000000000000000
S13400,250173832003,1.000000000000000
S13403,250173832003,1.000000000000000
S13390,250173832004,1.000000000059424
S13391,250173832004,1.000000000059424
S13392,250173832004,1.000000000059424
S13396,250173832004,0.999654110537734
S13398,250173832004,1.000000000059424
S13400,250173832004,1.000000000059424
S13403,250173832004,1.000000000059424
S13390,250173833001,1.000000000000000
S13391,250173833001,1.000000000000000
S13392,250173833001,1.000000000000000
S13396,250173833001,1.000000000000000
S13398,250173833001,1.000000000000000
S13400,250173833001,1.000000000000000
S13403,250173833001,1.000000000000000
S13390,250173833002,1.000000000000000
S13391,250173833002,1.000000000000000
S13392,250173833002,1.000000000000000
S13396,250173833002,1.000000000000000
S13398,250173833002,1.000000000000000
S13400,250173833002,1.000000000000000
S13403,250173833002,1.000000000000000
S13390,250173834011,1.000000000000000
S13391,250173834011,1.000000000000000
S13392,250173834011,1.000000000000000
S13396,250173834011,1.000000000000000
S13398,250173834011,1.000000000000000
S13400,250173834011,1.000000000000000
S13403,250173834011,1.000000000000000
S13390,250173834012,1.000000000000000
S13391,250173834012,1.000000000000000
S13392,250173834012,1.000000000000000
S13396,250173834012,1.000000000000000
S13398,250173834012,1.000000000000000
S13400,250173834012,1.000000000000000
S13403,250173834012,1.000000000000000
S13390,250173834021,1.000000000000000
S13391,250173834021,1.000000000000000
S13392,250173834021,1.000000000000000
S13396,250173834021,1.000000000000000
S13398,250173834021,1.000000000000000
S13400,250173834021,1.000000000000000
S13403,250173834021,1.000000000000000
S13390,250173834022,1.000000000000000
S13391,250173834022,1.000000000000000
S13392,250173834022,1.000000000000000
S13396,250173834022,1.000000000000000
S13398,250173834022,1.000000000000000
S13400,250173834022,1.000000000000000
S13403,250173834022,1.000000000000000
S13390,250173835011,1.000000000000000
S13391,250173835011,1.000000000000000
S13392,250173835011,1.000000000000000
S13396,250173835011,1.000000000000000
S13398,250173835011,1.000000000000000
S13400,250173835011,1.000000000000000
S13403,250173835011,1.000000000000000
S13390,250173835012,1.000000000000000
S13391,250173835012,1.000000000000000
S13392,250173835012,1.000000000000000
S13396,250173835012,1.000000000000000
S13398,250173835012,1.000000000000000
S13400,250173835012,1.000000000000000
S13403,250173835012,1.000000000000000
S13390,250173835013,1.000000000000000
S13391,250173835013,1.000000000000000
S13392,250173835013,1.000000000000000
S13396,250173835013,1.000000000000000
S13398,250173835013,1.000000000000000
S13400,250173835013,1.000000000000000
S13403,250173835013,1.000000000000000
S13390,250173835021,1.000000000000000
S13391,250173835021,1.000000000000000
S13392,250173835021,1.000000000000000
S13396,250173835021,1.000000000000000
S13398,250173835021,1.000000000000000
S13400,250173835021,1.000000000000000
S13403,250173835021,1.000000000000000
S13396,250173521013,1.000000000000000
S13398,250173521013,1.000000000000000
S13400,250173521013,1.000000000000000
S13403,250173521013,1.000000000000000
S13396,250173515004,1.000000000000000
S13398,250173515004,1.000000000000000
S13400,250173515004,1.000000000000000
S13403,250173515004,1.000000000000000
S13396,250173521011,1.000000000000000
S13398,250173521011,1.000000000000000
S13400,250173521011,1.000000000000000
S13403,250173521011,1.000000000000000
S13396,250173521012,1.000000000000000
S13398,250173521012,1.000000000000000
S13400,250173521012,1.000000000000000
S13403,250173521012,1.000000000000000
S13396,250173521021,1.000000000000000
S13398,250173521021,1.000000000000000
S13400,250173521021,1.000000000000000
S13403,250173521021,1.000000000000000
S13396,250173521022,1.000000000000000
S13398,250173521022,1.000000000000000
S13400,250173521022,1.000000000000000
S13403,250173521022,1.000000000000000
S13396,250173522001,1.000000000000000
S13398,250173522001,1.000000000000000
S13400,250173522001,1.000000000000000
S13403,250173522001,1.000000000000000
S13396,250173523001,1.000000000000000
S13398,250173523001,1.000000000000000
S13400,250173523001,1.000000000000000
S13403,250173523001,1.000000000000000
S13396,250173523002,1.000000000000000
S13398,250173523002,1.000000000000000
S13400,250173523002,1.000000000000000
S13403,250173523002,1.000000000000000
S13396,250173523003,1.000000000000000
S13398,250173523003,1.000000000000000
S13400,250173523003,1.000000000000000
S13403,250173523003,1.000000000000000
S13396,250173524001,1.000000000000000
S13398,250173524001,1.000000000000000
S13400,250173524001,1.000000000000000
S13403,250173524001,1.000000000000000
S13396,250173525001,1.000000000000000
S13398,250173525001,1.000000000000000
S13400,250173525001,1.000000000000000
S13403,250173525001,1.000000000000000
S13396,250173525002,1.000000000000000
S13398,250173525002,1.000000000000000
S13400,250173525002,1.000000000000000
S13403,250173525002,1.000000000000000
S13396,250173526001,1.000000000000000
S13398,250173526001,1.000000000000000
S13400,250173526001,1.000000000000000
S13403,250173526001,1.000000000000000
S13396,250173526002,1.000000000000000
S13398,250173526002,1.000000000000000
S13400,250173526002,1.000000000000000
S13403,250173526002,1.000000000000000
S13396,250173527001,1.000000000000000
S13398,250173527001,1.000000000000000
S13400,250173527001,1.000000000000000
S13403,250173527001,1.000000000000000
S13396,250173527002,1.000000000000000
S13398,250173527002,1.000000000000000
S13400,250173527002,1.000000000000000
S13403,250173527002,1.000000000000000
S13396,250173528001,1.000000000000000
S13398,250173528001,1.000000000000000
S13400,250173528001,1.000000000000000
S13403,250173528001,1.000000000000000
S13396,250173533003,1.000000000000000
S13398,250173533003,1.000000000000000
S13400,250173533003,1.000000000000000
S13403,250173533003,1.000000000000000
S13396,250173536001,1.000000000000000
S13398,250173536001,1.000000000000000
S13400,250173536001,1.000000000000000
S13403,250173536001,1.000000000000000
S13396,250173536002,1.000000000000000
S13398,250173536002,1.000000000000000
S13400,250173536002,1.000000000000000
S13403,250173536002,1.000000000000000
S13396,250173536003,1.000000000000000
S13398,250173536003,1.000000000000000
S13400,250173536003,1.000000000000000
S13403,250173536003,1.000000000000000
S13396,250173537001,1.000000000000000
S13398,250173537001,1.000000000000000
S13400,250173537001,1.000000000000000
S13403,250173537001,1.000000000000000
S13396,250173537002,1.000000000000000
S13398,250173537002,1.000000000000000
S13400,250173537002,1.000000000000000
S13403,250173537002,1.000000000000000
S13396,250173537003,1.000000000000000
S13398,250173537003,1.000000000000000
S13400,250173537003,1.000000000000000
S13403,250173537003,1.000000000000000
S13396,250173537004,1.000000000000000
S13398,250173537004,1.000000000000000
S13400,250173537004,1.000000000000000
S13403,250173537004,1.000000000000000
S13396,250173537005,1.000000000000000
S13398,250173537005,1.000000000000000
S13400,250173537005,1.000000000000000
S13403,250173537005,1.000000000000000
S13396,250173538001,1.000000000000000
S13398,250173538001,1.000000000000000
S13400,250173538001,1.000000000000000
S13403,250173538001,1.000000000000000
S13396,250173538002,1.000000000000000
S13398,250173538002,1.000000000000000
S13400,250173538002,1.000000000000000
S13403,250173538002,1.000000000000000
S13396,250173529001,1.000000000000000
S13398,250173529001,1.000000000000000
S13400,250173529001,1.000000000000000
S13403,250173529001,1.000000000000000
S13396,250173529002,1.000000000000000
S13398,250173529002,1.000000000000000
S13400,250173529002,1.000000000000000
S13403,250173529002,1.000000000000000
S13396,250173530001,1.000000000000000
S13398,250173530001,1.000000000000000
S13400,250173530001,1.000000000000000
S13403,250173530001,1.000000000000000
S13396,250173530002,1.000000000000000
S13398,250173530002,1.000000000000000
S13400,250173530002,1.000000000000000
S13403,250173530002,1.000000000000000
S13396,250173531011,1.000000000000000
S13398,250173531011,1.000000000000000
S13400,250173531011,1.000000000000000
S13403,250173531011,1.000000000000000
S13396,250173531012,1.000000000000000
S13398,250173531012,1.000000000000000
S13400,250173531012,1.000000000000000
S13403,250173531012,1.000000000000000
S13396,250173531021,1.000000000000000
S13398,250173531021,1.000000000000000
S13400,250173531021,1.000000000000000
S13403,250173531021,1.000000000000000
S13396,250173531022,1.000000000000000
S13398,250173531022,1.000000000000000
S13400,250173531022,1.000000000000000
S13403,250173531022,1.000000000000000
S13396,250173531023,1.000000000000000
S13398,250173531023,1.000000000000000
S13400,250173531023,1.000000000000000
S13403,250173531023,1.000000000000000
S13396,250173532001,1.000000000000000
S13398,250173532001,1.000000000000000
S13400,250173532001,1.000000000000000
S13403,250173532001,1.000000000000000
S13396,250173532002,1.000000000000000
S13398,250173532002,1.000000000000000
S13400,250173532002,1.000000000000000
S13403,250173532002,1.000000000000000
S13396,250173532003,1.000000000000000
S13398,250173532003,1.000000000000000
S13400,250173532003,1.000000000000000
S13403,250173532003,1.000000000000000
S13396,250173532004,1.000000000000000
S13398,250173532004,1.000000000000000
S13400,250173532004,1.000000000000000
S13403,250173532004,1.000000000000000
S13396,250173533001,1.000000000000000
S13398,250173533001,1.000000000000000
S13400,250173533001,1.000000000000000
S13403,250173533001,1.000000000000000
S13396,250173533002,1.000000000000000
S13398,250173533002,1.000000000000000
S13400,250173533002,1.000000000000000
S13403,250173533002,1.000000000000000
S13395,250235012031,0.999932101532464
S13396,250235012031,0.999932101532464
S13398,250235012031,0.999999997452786
S13400,250235012031,0.999999997452786
S13403,250235012031,0.999999997452786
S13395,250235012032,1.000000000000000
S13396,250235012032,1.000000000000000
S13398,250235012032,1.000000000000000
S13400,250235012032,1.000000000000000
S13403,250235012032,1.000000000000000
S13395,250235012041,0.999770166440116
S13396,250235012041,0.999770166440116
S13398,250235012041,0.999999996224576
S13400,250235012041,0.999999996224576
S13403,250235012041,0.999999996224576
S13395,250235012042,1.000000000000000
S13396,250235012042,1.000000000000000
S13398,250235012042,1.000000000000000
S13400,250235012042,1.000000000000000
S13403,250235012042,1.000000000000000
S13395,250235012043,1.000000000000000
S13396,250235012043,1.000000000000000
S13398,250235012043,1.000000000000000
S13400,250235012043,1.000000000000000
S13403,250235012043,1.000000000000000
S13398,250235021011,1.000000000000000
S13400,250235021011,1.000000000000000
S13403,250235021011,1.000000000000000
S13398,250235021012,1.000000000000000
S13400,250235021012,1.000000000000000
S13403,250235021012,1.000000000000000
S13398,250235021013,1.000000000000000
S13400,250235021013,1.000000000000000
S13403,250235021013,1.000000000000000
S13398,250235021014,1.000000000000000
S13400,250235021014,1.000000000000000
S13403,250235021014,1.000000000000000
S13398,250235021021,1.000000000000000
S13400,250235021021,1.000000000000000
S13403,250235021021,1.000000000000000
S13398,250235021022,1.000000000000000
S13400,250235021022,1.000000000000000
S13403,250235021022,1.000000000000000
S13398,250235021023,1.000000000000000
S13400,250235021023,1.000000000000000
S13403,250235021023,1.000000000000000
S13398,250235022001,1.000000000000000
S13400,250235022001,1.000000000000000
S13403,250235022001,1.000000000000000
S13398,250235022002,1.000000000000000
S13400,250235022002,1.000000000000000
S13403,250235022002,1.000000000000000
S13398,250235022003,1.000000000000000
S13400,250235022003,1.000000000000000
S13403,250235022003,1.000000000000000
S13398,250235022004,1.000000000000000
S13400,250235022004,1.000000000000000
S13403,250235022004,1.000000000000000
S13398,250235041011,1.000000000000000
S13400,250235041011,1.000000000000000
S13403,250235041011,1.000000000000000
S13398,250235041012,1.000000000000000
S13400,250235041012,1.000000000000000
S13403,250235041012,1.000000000000000
S13398,250235041013,1.000000000000000
S13400,250235041013,1.000000000000000
S13403,250235041013,1.000000000000000
S13398,250235041021,1.000000000000000
S13400,250235041021,1.000000000000000
S13403,250235041021,1.000000000000000
S13396,250251007003,1.000000000000000
S13398,250251007003,1.000000000000000
S13400,250251007003,1.000000000000000
S13403,250251007003,1.000000000000000
S13396,250251006032,0.958989458504233
S13398,250251006032,0.959952718226806
S13400,250251006032,0.959952718226806
S13403,250251006032,0.959952718226806
S13396,250251007001,1.000000000000000
S13398,250251007001,1.000000000000000
S13400,250251007001,1.000000000000000
S13403,250251007001,1.000000000000000
S13396,250173538003,1.000000000000000
S13398,250173538003,1.000000000000000
S13400,250173538003,1.000000000000000
S13403,250173538003,1.000000000000000
S13396,250173538004,1.000000000000000
S13398,250173538004,1.000000000000000
S13400,250173538004,1.000000000000000
S13403,250173538004,1.000000000000000
S13396,250173539001,1.000000000000000
S13398,250173539001,1.000000000000000
S13400,250173539001,1.000000000000000
S13403,250173539001,1.000000000000000
S13396,250173539002,1.000000000000000
S13398,250173539002,1.000000000000000
S13400,250173539002,1.000000000000000
S13403,250173539002,1.000000000000000
S13396,250173539003,1.000000000000000
S13398,250173539003,1.000000000000000
S13400,250173539003,1.000000000000000
S13403,250173539003,1.000000000000000
S13396,250173540001,1.000000000000000
S13398,250173540001,1.000000000000000
S13400,250173540001,1.000000000000000
S13403,250173540001,1.000000000000000
S13396,250173540002,1.000000000000000
S13398,250173540002,1.000000000000000
S13400,250173540002,1.000000000000000
S13403,250173540002,1.000000000000000
S13396,250173540003,1.000000000000000
S13398,250173540003,1.000000000000000
S13400,250173540003,1.000000000000000
S13403,250173540003,1.000000000000000
S13396,250173541001,1.000000000000000
S13398,250173541001,1.000000000000000
S13400,250173541001,1.000000000000000
S13403,250173541001,1.000000000000000
S13396,250173541002,1.000000000000000
S13398,250173541002,1.000000000000000
S13400,250173541002,1.000000000000000
S13403,250173541002,1.000000000000000
S13396,250173542001,1.000000000000000
S13398,250173542001,1.000000000000000
S13400,250173542001,1.000000000000000
S13403,250173542001,1.000000000000000
S13396,250173542002,1.000000000000000
S13398,250173542002,1.000000000000000
S13400,250173542002,1.000000000000000
S13403,250173542002,1.000000000000000
S13396,250173542003,1.000000000000000
S13398,250173542003,1.000000000000000
S13400,250173542003,1.000000000000000
S13403,250173542003,1.000000000000000
S13396,250173543001,1.000000000000000
S13398,250173543001,1.000000000000000
S13400,250173543001,1.000000000000000
S13403,250173543001,1.000000000000000
S13396,250173543002,1.000000000000000
S13398,250173543002,1.000000000000000
S13400,250173543002,1.000000000000000
S13403,250173543002,1.000000000000000
S13396,250173543003,1.000000000000000
S13398,250173543003,1.000000000000000
S13400,250173543003,1.000000000000000
S13403,250173543003,1.000000000000000
S13396,250173544001,1.000000000000000
S13398,250173544001,1.000000000000000
S13400,250173544001,1.000000000000000
S13403,250173544001,1.000000000000000
S13396,250173544002,1.000000000000000
S13398,250173544002,1.000000000000000
S13400,250173544002,1.000000000000000
S13403,250173544002,1.000000000000000
S13396,250173545001,1.000000000000000
S13398,250173545001,1.000000000000000
S13400,250173545001,1.000000000000000
S13403,250173545001,1.000000000000000
S13396,250173545002,1.000000000000000
S13398,250173545002,1.000000000000000
S13400,250173545002,1.000000000000000
S13403,250173545002,1.000000000000000
S13398,250235041022,0.999654330441904
S13400,250235041022,0.999654330441904
S13403,250235041022,0.999654330441904
S13398,250235041023,1.000000000000000
S13400,250235041023,1.000000000000000
S13403,250235041023,1.000000000000000
S13398,250235041024,1.000000000000000
S13400,250235041024,1.000000000000000
S13403,250235041024,1.000000000000000
S13396,250214180032,1.000000000000000
S13398,250214180032,1.000000000000000
S13400,250214180032,1.000000000000000
S13403,250214180032,1.000000000000000
S13396,250214180024,1.000000000000000
S13398,250214180024,1.000000000000000
S13400,250214180024,1.000000000000000
S13403,250214180024,1.000000000000000
S13396,250214180031,1.000000000000000
S13398,250214180031,1.000000000000000
S13400,250214180031,1.000000000000000
S13403,250214180031,1.000000000000000
S13396,250214180041,1.000000000000000
S13398,250214180041,1.000000000000000
S13400,250214180041,1.000000000000000
S13403,250214180041,1.000000000000000
S13396,250214180042,1.000000000000000
S13398,250214180042,1.000000000000000
S13400,250214180042,1.000000000000000
S13403,250214180042,1.000000000000000
S13396,250214180043,1.000000000000000
S13398,250214180043,1.000000000000000
S13400,250214180043,1.000000000000000
S13403,250214180043,1.000000000000000
S13396,250214181011,1.000000000000000
S13398,250214181011,1.000000000000000
S13400,250214181011,1.000000000000000
S13403,250214181011,1.000000000000000
S13396,250214181012,1.000000000000000
S13398,250214181012,1.000000000000000
S13400,250214181012,1.000000000000000
S13403,250214181012,1.000000000000000
S13396,250214181013,1.000000000000000
S13398,250214181013,1.000000000000000
S13400,250214181013,1.000000000000000
S13403,250214181013,1.000000000000000
S13396,250214181014,1.000000000000000
S13398,250214181014,1.000000000000000
S13400,250214181014,1.000000000000000
S13403,250214181014,1.000000000000000
S13396,250214181021,1.000000000000000
S13398,250214181021,1.000000000000000
S13400,250214181021,1.000000000000000
S13403,250214181021,1.000000000000000
S13396,250214181022,1.000000000000000
S13398,250214181022,1.000000000000000
S13400,250214181022,1.000000000000000
S13403,250214181022,1.000000000000000
S13396,250214181023,1.000000000000000
S13398,250214181023,1.000000000000000
S13400,250214181023,1.000000000000000
S13403,250214181023,1.000000000000000
S13396,250214182011,1.000000000000000
S13398,250214182011,1.000000000000000
S13400,250214182011,1.000000000000000
S13403,250214182011,1.000000000000000
S13396,250214182012,1.000000000000000
S13398,250214182012,1.000000000000000
S13400,250214182012,1.000000000000000
S13403,250214182012,1.000000000000000
S13395,250214182013,0.000093288449013
S13396,250214182013,0.999999999987316
S13398,250214182013,0.999999999987316
S13400,250214182013,0.999999999987316
S13403,250214182013,0.999999999987316
S13396,250251101062,1.000000000000000
S13398,250251101062,1.000000000000000
S13400,250251101062,1.000000000000000
S13403,250251101062,1.000000000000000
S13396,250251102011,1.000000000000000
S13398,250251102011,1.000000000000000
S13400,250251102011,1.000000000000000
S13403,250251102011,1.000000000000000
S13396,250251103011,1.000000000000000
S13398,250251103011,1.000000000000000
S13400,250251103011,1.000000000000000
S13403,250251103011,1.000000000000000
S13396,250251103012,1.000000000000000
S13398,250251103012,1.000000000000000
S13400,250251103012,1.000000000000000
S13403,250251103012,1.000000000000000
S13396,250251104011,1.000000000000000
S13398,250251104011,1.000000000000000
S13400,250251104011,1.000000000000000
S13403,250251104011,1.000000000000000
S13396,250251104012,1.000000000000000
S13398,250251104012,1.000000000000000
S13400,250251104012,1.000000000000000
S13403,250251104012,1.000000000000000
S13396,250251104031,1.000000000000000
S13398,250251104031,1.000000000000000
S13400,250251104031,1.000000000000000
S13403,250251104031,1.000000000000000
S13396,250251104032,1.000000000000000
S13398,250251104032,1.000000000000000
S13400,250251104032,1.000000000000000
S13403,250251104032,1.000000000000000
S13396,250251104033,1.000000000000000
S13398,250251104033,1.000000000000000
S13400,250251104033,1.000000000000000
S13403,250251104033,1.000000000000000
S13396,250251104034,1.000000000000000
S13398,250251104034,1.000000000000000
S13400,250251104034,1.000000000000000
S13403,250251104034,1.000000000000000
S13396,250251007002,0.990097535260310
S13398,250251007002,0.990207883728949
S13400,250251007002,0.990207883728949
S13403,250251007002,0.990207883728949
S13396,250251007004,1.000000000000000
S13398,250251007004,1.000000000000000
S13400,250251007004,1.000000000000000
S13403,250251007004,1.000000000000000
S13396,250251007005,1.000000000000000
S13398,250251007005,1.000000000000000
S13400,250251007005,1.000000000000000
S13403,250251007005,1.000000000000000
S13396,250251008001,1.000000000000000
S13398,250251008001,1.000000000000000
S13400,250251008001,1.000000000000000
S13403,250251008001,1.000000000000000
S13396,250251008002,1.000000000000000
S13398,250251008002,1.000000000000000
S13400,250251008002,1.000000000000000
S13403,250251008002,1.000000000000000
S13396,250251008003,1.000000000000000
S13398,250251008003,1.000000000000000
S13400,250251008003,1.000000000000000
S13403,250251008003,1.000000000000000
S13395,250251008004,0.001321170799205
S13396,250251008004,0.997531463579029
S13398,250251008004,0.997558863732338
S13400,250251008004,0.997558863732338
S13403,250251008004,0.997558863732338
S13396,250251008005,1.000000000000000
S13398,250251008005,1.000000000000000
S13400,250251008005,1.000000000000000
S13403,250251008005,1.000000000000000
S13396,250251008006,1.000000000000000
S13398,250251008006,1.000000000000000
S13400,250251008006,1.000000000000000
S13403,250251008006,1.000000000000000
S13396,250251009001,1.000000000000000
S13398,250251009001,1.000000000000000
S13400,250251009001,1.000000000000000
S13403,250251009001,1.000000000000000
S13396,250251009002,1.000000000000000
S13398,250251009002,1.000000000000000
S13400,250251009002,1.000000000000000
S13403,250251009002,1.000000000000000
S13396,250251009003,1.000000000000000
S13398,250251009003,1.000000000000000
S13400,250251009003,1.000000000000000
S13403,250251009003,1.000000000000000
S13396,250251009004,0.995455134843680
S13398,250251009004,0.995805642426237
S13400,250251009004,0.995805642426237
S13403,250251009004,0.995805642426237
S13396,250251010011,1.000000000000000
S13398,250251010011,1.000000000000000
S13400,250251010011,1.000000000000000
S13403,250251010011,1.000000000000000
S13396,250251010012,1.000000000000000
S13398,250251010012,1.000000000000000
S13400,250251010012,1.000000000000000
S13403,250251010012,1.000000000000000
S13395,250251010013,0.001200970960023
S13396,250251010013,0.995407101596591
S13398,250251010013,0.995584034571757
S13400,250251010013,0.995584034571757
S13403,250251010013,0.995584034571757
S13396,250251010014,1.000000000000000
S13398,250251010014,1.000000000000000
S13400,250251010014,1.000000000000000
S13403,250251010014,1.000000000000000
S13396,250251010015,1.000000000000000
S13398,250251010015,1.000000000000000
S13400,250251010015,1.000000000000000
S13403,250251010015,1.000000000000000
S13396,250251010016,1.000000000000000
S13398,250251010016,1.000000000000000
S13400,250251010016,1.000000000000000
S13403,250251010016,1.000000000000000
S13396,250251010021,1.000000000000000
S13398,250251010021,1.000000000000000
S13400,250251010021,1.000000000000000
S13403,250251010021,1.000000000000000
S13396,250251010022,1.000000000000000
S13398,250251010022,1.000000000000000
S13400,250251010022,1.000000000000000
S13403,250251010022,1.000000000000000
S13396,250251010023,0.994763337113343
S13398,250251010023,0.995679823927630
S13400,250251010023,0.995679823927630
S13403,250251010023,0.995679823927630
S13396,250251011011,1.000000000000000
S13398,250251011011,1.000000000000000
S13400,250251011011,1.000000000000000
S13403,250251011011,1.000000000000000
S13396,250251011012,1.000000000000000
S13398,250251011012,1.000000000000000
S13400,250251011012,1.000000000000000
S13403,250251011012,1.000000000000000
S13396,250251011013,1.000000000000000
S13398,250251011013,1.000000000000000
S13400,250251011013,1.000000000000000
S13403,250251011013,1.000000000000000
S13396,250251011021,1.000000000000000
S13398,250251011021,1.000000000000000
S13400,250251011021,1.000000000000000
S13403,250251011021,1.000000000000000
S13396,250251011022,1.000000000000000
S13398,250251011022,1.000000000000000
S13400,250251011022,1.000000000000000
S13403,250251011022,1.000000000000000
S13396,250251011023,1.000000000000000
S13398,250251011023,1.000000000000000
S13400,250251011023,1.000000000000000
S13403,250251011023,1.000000000000000
S13396,250251011024,1.000000000000000
S13398,250251011024,1.000000000000000
S13400,250251011024,1.000000000000000
S13403,250251011024,1.000000000000000
S13396,250251101051,1.000000000000000
S13398,250251101051,1.000000000000000
S13400,250251101051,1.000000000000000
S13403,250251101051,1.000000000000000
S13396,250251101041,1.000000000000000
S13398,250251101041,1.000000000000000
S13400,250251101041,1.000000000000000
S13403,250251101041,1.000000000000000
S13396,250251101042,1.000000000000000
S13398,250251101042,1.000000000000000
S13400,250251101042,1.000000000000000
S13403,250251101042,1.000000000000000
S13396,250251101061,1.000000000000000
S13398,250251101061,1.000000000000000
S13400,250251101061,1.000000000000000
S13403,250251101061,1.000000000000000
S13390,250173216002,1.000000000000000
S13391,250173216002,1.000000000000000
S13392,250173216002,1.000000000000000
S13398,250173216002,1.000000000000000
S13400,250173216002,1.000000000000000
S13403,250173216002,1.000000000000000
S13390,250173216003,0.999999998962706
S13391,250173216003,0.999999998962706
S13392,250173216003,0.999999998962706
S13398,250173216003,0.999995343674779
S13400,250173216003,0.999995343674779
S13403,250173216003,0.999995343674779
S13390,250173216004,1.000000000000000
S13391,250173216004,1.000000000000000
S13392,250173216004,1.000000000000000
S13398,250173216004,1.000000000000000
S13400,250173216004,1.000000000000000
S13403,250173216004,1.000000000000000
S13390,250173216005,1.000000000000000
S13391,250173216005,1.000000000000000
S13392,250173216005,1.000000000000000
S13398,250173216005,1.000000000000000
S13400,250173216005,1.000000000000000
S13403,250173216005,1.000000000000000
S13396,250214196011,1.000000000000000
S13398,250214196011,1.000000000000000
S13400,250214196011,1.000000000000000
S13403,250214196011,1.000000000000000
S13396,250214196021,1.000000000000000
S13398,250214196021,1.000000000000000
S13400,250214196021,1.000000000000000
S13403,250214196021,1.000000000000000
S13396,250214196022,1.000000000000000
S13398,250214196022,1.000000000000000
S13400,250214196022,1.000000000000000
S13403,250214196022,1.000000000000000
S13396,250214196023,1.000000000000000
S13398,250214196023,1.000000000000000
S13400,250214196023,1.000000000000000
S13403,250214196023,1.000000000000000
S13396,250214197001,1.000000000000000
S13398,250214197001,1.000000000000000
S13400,250214197001,1.000000000000000
S13403,250214197001,1.000000000000000
S13396,250214197002,1.000000000000000
S13398,250214197002,1.000000000000000
S13400,250214197002,1.000000000000000
S13403,250214197002,1.000000000000000
S13396,250214198001,1.000000000000000
S13398,250214198001,1.000000000000000
S13400,250214198001,1.000000000000000
S13403,250214198001,1.000000000000000
S13390,250173201062,1.000000016913712
S13391,250173201062,1.000000016913712
S13392,250173201062,1.000000016913712
S13398,250173201062,0.999987665515336
S13400,250173201062,0.999987665515336
S13403,250173201062,0.999987665515336
S13390,250173201051,0.999626578982657
S13391,250173201051,0.999626578982657
S13392,250173201051,0.999626578982657
S13398,250173201051,1.000000002718537
S13400,250173201051,1.000000002718537
S13403,250173201051,1.000000002718537
S13390,250173201061,1.000000000000000
S13391,250173201061,1.000000000000000
S13392,250173201061,1.000000000000000
S13398,250173201061,1.000000000000000
S13400,250173201061,1.000000000000000
S13403,250173201061,1.000000000000000
S13390,250173201063,0.999999999875414
S13391,250173201063,0.999999999875414
S13392,250173201063,0.999999999875414
S13398,250173201063,0.999998604950683
S13400,250173201063,0.999998604950683
S13403,250173201063,0.999998604950683
S13390,250173201064,1.000000000000000
S13391,250173201064,1.000000000000000
S13392,250173201064,1.000000000000000
S13398,250173201064,1.000000000000000
S13400,250173201064,1.000000000000000
S13403,250173201064,1.000000000000000
S13390,250173201071,1.000000000000000
S13391,250173201071,1.000000000000000
S13392,250173201071,1.000000000000000
S13398,250173201071,1.000000000000000
S13400,250173201071,1.000000000000000
S13403,250173201071,1.000000000000000
S13390,250173201072,1.000000000000000
S13391,250173201072,1.000000000000000
S13392,250173201072,1.000000000000000
S13398,250173201072,1.000000000000000
S13400,250173201072,1.000000000000000
S13403,250173201072,1.000000000000000
S13390,250173211001,1.000000000000000
S13391,250173211001,1.000000000000000
S13392,250173211001,1.000000000000000
S13398,250173211001,1.000000000000000
S13400,250173211001,1.000000000000000
S13403,250173211001,1.000000000000000
S13390,250173211002,1.000000000000000
S13391,250173211002,1.000000000000000
S13392,250173211002,1.000000000000000
S13398,250173211002,1.000000000000000
S13400,250173211002,1.000000000000000
S13403,250173211002,1.000000000000000
S13390,250173211003,0.999999999968691
S13391,250173211003,0.999999999968691
S13392,250173211003,0.999999999968691
S13398,250173211003,0.999923751019944
S13400,250173211003,0.999923751019944
S13403,250173211003,0.999923751019944
S13390,250173211004,1.000000000000000
S13391,250173211004,1.000000000000000
S13392,250173211004,1.000000000000000
S13398,250173211004,1.000000000000000
S13400,250173211004,1.000000000000000
S13403,250173211004,1.000000000000000
S13390,250173212001,1.000000000000000
S13391,250173212001,1.000000000000000
S13392,250173212001,1.000000000000000
S13398,250173212001,1.000000000000000
S13400,250173212001,1.000000000000000
S13403,250173212001,1.000000000000000
S13390,250173212002,1.000000000000000
S13391,250173212002,1.000000000000000
S13392,250173212002,1.000000000000000
S13398,250173212002,1.000000000000000
S13400,250173212002,1.000000000000000
S13403,250173212002,1.000000000000000
S13390,250173212003,1.000000000000000
S13391,250173212003,1.000000000000000
S13392,250173212003,1.000000000000000
S13398,250173212003,1.000000000000000
S13400,250173212003,1.000000000000000
S13403,250173212003,1.000000000000000
S13390,250173212004,1.000000000000000
S13391,250173212004,1.000000000000000
S13392,250173212004,1.000000000000000
S13398,250173212004,1.000000000000000
S13400,250173212004,1.000000000000000
S13403,250173212004,1.000000000000000
S13390,250173213011,1.000000000000000
S13391,250173213011,1.000000000000000
S13392,250173213011,1.000000000000000
S13398,250173213011,1.000000000000000
S13400,250173213011,1.000000000000000
S13403,250173213011,1.000000000000000
S13390,250173213012,1.000000000000000
S13391,250173213012,1.000000000000000
S13392,250173213012,1.000000000000000
S13398,250173213012,1.000000000000000
S13400,250173213012,1.000000000000000
S13403,250173213012,1.000000000000000
S13390,250173213013,1.000000000000000
S13391,250173213013,1.000000000000000
S13392,250173213013,1.000000000000000
S13398,250173213013,1.000000000000000
S13400,250173213013,1.000000000000000
S13403,250173213013,1.000000000000000
S13390,250173213021,1.000000000000000
S13391,250173213021,1.000000000000000
S13392,250173213021,1.000000000000000
S13398,250173213021,1.000000000000000
S13400,250173213021,1.000000000000000
S13403,250173213021,1.000000000000000
S13390,250173213022,1.000000000000000
S13391,250173213022,1.000000000000000
S13392,250173213022,1.000000000000000
S13398,250173213022,1.000000000000000
S13400,250173213022,1.000000000000000
S13403,250173213022,1.000000000000000
S13390,250173214001,0.997727301199438
S13391,250173214001,0.997727301199438
S13392,250173214001,0.997727301199438
S13398,250173214001,0.999990042931686
S13400,250173214001,0.999990042931686
S13403,250173214001,0.999990042931686
S13390,250173214002,0.999643177406845
S13391,250173214002,0.999643177406845
S13392,250173214002,0.999643177406845
S13398,250173214002,0.999999998124692
S13400,250173214002,0.999999998124692
S13403,250173214002,0.999999998124692
S13390,250173215001,1.000000000000000
S13391,250173215001,1.000000000000000
S13392,250173215001,1.000000000000000
S13398,250173215001,1.000000000000000
S13400,250173215001,1.000000000000000
S13403,250173215001,1.000000000000000
S13390,250173215002,0.999999998175705
S13391,250173215002,0.999999998175705
S13392,250173215002,0.999999998175705
S13398,250173215002,0.999971708094223
S13400,250173215002,0.999971708094223
S13403,250173215002,0.999971708094223
S13390,250173215003,1.000000000000000
S13391,250173215003,1.000000000000000
S13392,250173215003,1.000000000000000
S13398,250173215003,1.000000000000000
S13400,250173215003,1.000000000000000
S13403,250173215003,1.000000000000000
S13390,250173215004,1.000000000189065
S13391,250173215004,1.000000000189065
S13392,250173215004,1.000000000189065
S13398,250173215004,0.999999022312960
S13400,250173215004,0.999999022312960
S13403,250173215004,0.999999022312960
S13390,250173216001,0.999999998771347
S13391,250173216001,0.999999998771347
S13392,250173216001,0.999999998771347
S13398,250173216001,0.999980586124312
S13400,250173216001,0.999980586124312
S13403,250173216001,0.999980586124312
S13396,250214191001,1.000000000000000
S13398,250214191001,1.000000000000000
S13400,250214191001,1.000000000000000
S13403,250214191001,1.000000000000000
S13396,250214191002,1.000000000000000
S13398,250214191002,1.000000000000000
S13400,250214191002,1.000000000000000
S13403,250214191002,1.000000000000000
S13396,250214191003,1.000000000000000
S13398,250214191003,1.000000000000000
S13400,250214191003,1.000000000000000
S13403,250214191003,1.000000000000000
S13396,250214191004,1.000000000000000
S13398,250214191004,1.000000000000000
S13400,250214191004,1.000000000000000
S13403,250214191004,1.000000000000000
S13396,250214191005,1.000000000000000
S13398,250214191005,1.000000000000000
S13400,250214191005,1.000000000000000
S13403,250214191005,1.000000000000000
S13396,250214192001,1.000000000000000
S13398,250214192001,1.000000000000000
S13400,250214192001,1.000000000000000
S13403,250214192001,1.000000000000000
S13396,250214192002,1.000000000000000
S13398,250214192002,1.000000000000000
S13400,250214192002,1.000000000000000
S13403,250214192002,1.000000000000000
S13396,250214192003,1.000000000000000
S13398,250214192003,1.000000000000000
S13400,250214192003,1.000000000000000
S13403,250214192003,1.000000000000000
S13396,250214192004,1.000000000000000
S13398,250214192004,1.000000000000000
S13400,250214192004,1.000000000000000
S13403,250214192004,1.000000000000000
S13396,250214193001,1.000000000000000
S13398,250214193001,1.000000000000000
S13400,250214193001,1.000000000000000
S13403,250214193001,1.000000000000000
S13396,250214193002,1.000000000000000
S13398,250214193002,1.000000000000000
S13400,250214193002,1.000000000000000
S13403,250214193002,1.000000000000000
S13396,250214193003,0.988573762495352
S13398,250214193003,0.988557623166985
S13400,250214193003,0.988557623166985
S13403,250214193003,0.988557623166985
S13396,250214193004,1.000000000000000
S13398,250214193004,1.000000000000000
S13400,250214193004,1.000000000000000
S13403,250214193004,1.000000000000000
S13396,250214194001,1.000000000000000
S13398,250214194001,1.000000000000000
S13400,250214194001,1.000000000000000
S13403,250214194001,1.000000000000000
S13396,250214194002,0.995816960467295
S13398,250214194002,0.995844716994082
S13400,250214194002,0.995844716994082
S13403,250214194002,0.995844716994082
S13396,250214194003,0.997387839304116
S13398,250214194003,0.997342314857868
S13400,250214194003,0.997342314857868
S13403,250214194003,0.997342314857868
S13396,250214195001,1.000000000000000
S13398,250214195001,1.000000000000000
S13400,250214195001,1.000000000000000
S13403,250214195001,1.000000000000000
S13396,250214195002,1.000000000000000
S13398,250214195002,1.000000000000000
S13400,250214195002,1.000000000000000
S13403,250214195002,1.000000000000000
S13396,250251104035,1.000000000000000
S13398,250251104035,1.000000000000000
S13400,250251104035,1.000000000000000
S13403,250251104035,1.000000000000000
S13396,250251105011,1.000000000000000
S13398,250251105011,1.000000000000000
S13400,250251105011,1.000000000000000
S13403,250251105011,1.000000000000000
S13396,250251105012,1.000000000000000
S13398,250251105012,1.000000000000000
S13400,250251105012,1.000000000000000
S13403,250251105012,1.000000000000000
S13396,250251105013,1.000000000000000
S13398,250251105013,1.000000000000000
S13400,250251105013,1.000000000000000
S13403,250251105013,1.000000000000000
S13396,250251105021,1.000000000000000
S13398,250251105021,1.000000000000000
S13400,250251105021,1.000000000000000
S13403,250251105021,1.000000000000000
S13396,250251105022,1.000000000000000
S13398,250251105022,1.000000000000000
S13400,250251105022,1.000000000000000
S13403,250251105022,1.000000000000000
S13396,250251105023,1.000000000000000
S13398,250251105023,1.000000000000000
S13400,250251105023,1.000000000000000
S13403,250251105023,1.000000000000000
S13396,250251106011,1.000000000000000
S13398,250251106011,1.000000000000000
S13400,250251106011,1.000000000000000
S13403,250251106011,1.000000000000000
S13396,250251106012,1.000000000000000
S13398,250251106012,1.000000000000000
S13400,250251106012,1.000000000000000
S13403,250251106012,1.000000000000000
S13396,250251106071,1.000000000000000
S13398,250251106071,1.000000000000000
S13400,250251106071,1.000000000000000
S13403,250251106071,1.000000000000000
S13396,250251106072,1.000000000000000
S13398,250251106072,1.000000000000000
S13400,250251106072,1.000000000000000
S13403,250251106072,1.000000000000000
S13396,250251106073,1.000000000000000
S13398,250251106073,1.000000000000000
S13400,250251106073,1.000000000000000
S13403,250251106073,1.000000000000000
S13396,250251106074,1.000000000000000
S13398,250251106074,1.000000000000000
S13400,250251106074,1.000000000000000
S13403,250251106074,1.000000000000000
S13396,250251201031,1.000000000000000
S13398,250251201031,1.000000000000000
S13400,250251201031,1.000000000000000
S13403,250251201031,1.000000000000000
S13396,250251201041,1.000000000000000
S13398,250251201041,1.000000000000000
S13400,250251201041,1.000000000000000
S13403,250251201041,1.000000000000000
S13396,250251201042,1.000000000000000
S13398,250251201042,1.000000000000000
S13400,250251201042,1.000000000000000
S13403,250251201042,1.000000000000000
S13396,250251201051,1.000000000000000
S13398,250251201051,1.000000000000000
S13400,250251201051,1.000000000000000
S13403,250251201051,1.000000000000000
S13396,250251201052,1.000000000000000
S13398,250251201052,1.000000000000000
S13400,250251201052,1.000000000000000
S13403,250251201052,1.000000000000000
S13396,250251201053,1.000000000000000
S13398,250251201053,1.000000000000000
S13400,250251201053,1.000000000000000
S13403,250251201053,1.000000000000000
S13396,250251202011,1.000000000000000
S13398,250251202011,1.000000000000000
S13400,250251202011,1.000000000000000
S13403,250251202011,1.000000000000000
S13396,250251202012,1.000000000000000
S13398,250251202012,1.000000000000000
S13400,250251202012,1.000000000000000
S13403,250251202012,1.000000000000000
S13396,250251202013,1.000000000000000
S13398,250251202013,1.000000000000000
S13400,250251202013,1.000000000000000
S13403,250251202013,1.000000000000000
S13396,250214198002,1.000000000000000
S13398,250214198002,1.000000000000000
S13400,250214198002,1.000000000000000
S13403,250214198002,1.000000000000000
S13396,250214198003,1.000000000000000
S13398,250214198003,1.000000000000000
S13400,250214198003,1.000000000000000
S13403,250214198003,1.000000000000000
S13396,250214201011,1.000000000000000
S13398,250214201011,1.000000000000000
S13400,250214201011,1.000000000000000
S13403,250214201011,1.000000000000000
S13396,250214201012,1.000000000000000
S13398,250214201012,1.000000000000000
S13400,250214201012,1.000000000000000
S13403,250214201012,1.000000000000000
S13396,250214201013,1.000000000000000
S13398,250214201013,1.000000000000000
S13400,250214201013,1.000000000000000
S13403,250214201013,1.000000000000000
S13396,250214201021,1.000000000000000
S13398,250214201021,1.000000000000000
S13400,250214201021,1.000000000000000
S13403,250214201021,1.000000000000000
S13396,250214201022,1.000000000000000
S13398,250214201022,1.000000000000000
S13400,250214201022,1.000000000000000
S13403,250214201022,1.000000000000000
S13396,250214202011,1.000000000000000
S13398,250214202011,1.000000000000000
S13400,250214202011,1.000000000000000
S13403,250214202011,1.000000000000000
S13396,250214202012,1.000000000000000
S13398,250214202012,1.000000000000000
S13400,250214202012,1.000000000000000
S13403,250214202012,1.000000000000000
S13396,250214202021,1.000000000000000
S13398,250214202021,1.000000000000000
S13400,250214202021,1.000000000000000
S13403,250214202021,1.000000000000000
S13396,250214202022,1.000000000000000
S13398,250214202022,1.000000000000000
S13400,250214202022,1.000000000000000
S13403,250214202022,1.000000000000000
S13395,250214202023,0.000151157157473
S13396,250214202023,0.999999998772298
S13398,250214202023,0.999999998772298
S13400,250214202023,0.999999998772298
S13403,250214202023,0.999999998772298
S13395,250214202024,0.000280705541118
S13396,250214202024,0.999999998297948
S13398,250214202024,0.999999998297948
S13400,250214202024,0.999999998297948
S13403,250214202024,0.999999998297948
S13395,250214202025,0.000053799044040
S13396,250214202025,0.999999999357695
S13398,250214202025,0.999999999357695
S13400,250214202025,0.999999999357695
S13403,250214202025,0.999999999357695
S13396,250214203011,1.000000000000000
S13398,250214203011,1.000000000000000
S13400,250214203011,1.000000000000000
S13403,250214203011,1.000000000000000
S13396,250214203012,1.000000000000000
S13398,250214203012,1.000000000000000
S13400,250214203012,1.000000000000000
S13403,250214203012,1.000000000000000
S13396,250214203013,1.000000000000000
S13398,250214203013,1.000000000000000
S13400,250214203013,1.000000000000000
S13403,250214203013,1.000000000000000
S13396,250214203014,0.999850569236975
S13398,250214203014,0.999999945918577
S13400,250214203014,0.999999945918577
S13403,250214203014,0.999999945918577
S13396,250214203021,0.999805177532384
S13398,250214203021,1.000000121408822
S13400,250214203021,1.000000121408822
S13403,250214203021,1.000000121408822
S13396,250214203022,1.000000000000000
S13398,250214203022,1.000000000000000
S13400,250214203022,1.000000000000000
S13403,250214203022,1.000000000000000
S13396,250214203023,1.000000000000000
S13398,250214203023,1.000000000000000
S13400,250214203023,1.000000000000000
S13403,250214203023,1.000000000000000
S13396,250214203024,0.999931695979089
S13398,250214203024,0.999968902890633
S13400,250214203024,0.999968902890633
S13403,250214203024,0.999968902890633
S13396,250214203025,1.000000000000000
S13398,250214203025,1.000000000000000
S13400,250214203025,1.000000000000000
S13403,250214203025,1.000000000000000
S13396,250173702022,1.000000000000000
S13398,250173702022,1.000000000000000
S13400,250173702022,1.000000000000000
S13403,250173702022,1.000000000000000
S13396,250173702012,1.000000000000000
S13398,250173702012,1.000000000000000
S13400,250173702012,1.000000000000000
S13403,250173702012,1.000000000000000
S13396,250173702013,1.000000000000000
S13398,250173702013,1.000000000000000
S13400,250173702013,1.000000000000000
S13403,250173702013,1.000000000000000
S13396,250173702021,1.000000000000000
S13398,250173702021,1.000000000000000
S13400,250173702021,1.000000000000000
S13403,250173702021,1.000000000000000
S13396,250173702023,1.000000000000000
S13398,250173702023,1.000000000000000
S13400,250173702023,1.000000000000000
S13403,250173702023,1.000000000000000
S13396,250173702024,1.000000000000000
S13398,250173702024,1.000000000000000
S13400,250173702024,1.000000000000000
S13403,250173702024,1.000000000000000
S13396,250173703011,1.000000000000000
S13398,250173703011,1.000000000000000
S13400,250173703011,1.000000000000000
S13403,250173703011,1.000000000000000
S13396,250173703012,1.000000000000000
S13398,250173703012,1.000000000000000
S13400,250173703012,1.000000000000000
S13403,250173703012,1.000000000000000
S13396,250173703013,1.000000000000000
S13398,250173703013,1.000000000000000
S13400,250173703013,1.000000000000000
S13403,250173703013,1.000000000000000
S13396,250173703014,1.000000000000000
S13398,250173703014,1.000000000000000
S13400,250173703014,1.000000000000000
S13403,250173703014,1.000000000000000
S13396,250173703015,1.000000000000000
S13398,250173703015,1.000000000000000
S13400,250173703015,1.000000000000000
S13403,250173703015,1.000000000000000
S13396,250173703021,1.000000000000000
S13398,250173703021,1.000000000000000
S13400,250173703021,1.000000000000000
S13403,250173703021,1.000000000000000
S13396,250173703022,1.000000000000000
S13398,250173703022,1.000000000000000
S13400,250173703022,1.000000000000000
S13403,250173703022,1.000000000000000
S13396,250173704011,1.000000000000000
S13398,250173704011,1.000000000000000
S13400,250173704011,1.000000000000000
S13403,250173704011,1.000000000000000
S13396,250173704012,1.000000000000000
S13398,250173704012,1.000000000000000
S13400,250173704012,1.000000000000000
S13403,250173704012,1.000000000000000
S13396,250173704021,1.000000000000000
S13398,250173704021,1.000000000000000
S13400,250173704021,1.000000000000000
S13403,250173704021,1.000000000000000
S13396,250173704022,1.000000000000000
S13398,250173704022,1.000000000000000
S13400,250173704022,1.000000000000000
S13403,250173704022,1.000000000000000
S13396,250173704031,1.000000000000000
S13398,250173704031,1.000000000000000
S13400,250173704031,1.000000000000000
S13403,250173704031,1.000000000000000
S13396,250173704032,1.000000000000000
S13398,250173704032,1.000000000000000
S13400,250173704032,1.000000000000000
S13403,250173704032,1.000000000000000
S13396,250173731001,1.000000000000000
S13398,250173731001,1.000000000000000
S13400,250173731001,1.000000000000000
S13403,250173731001,1.000000000000000
S13396,250173731002,1.000000000000000
S13398,250173731002,1.000000000000000
S13400,250173731002,1.000000000000000
S13403,250173731002,1.000000000000000
S13396,250214104004,0.000789942845040
S13397,250214104004,0.000789942845040
S13398,250214104004,0.999999998645169
S13400,250214104004,0.999999998645169
S13403,250214104004,0.999999998645169
S13396,250173731003,1.000000000000000
S13398,250173731003,1.000000000000000
S13400,250173731003,1.000000000000000
S13403,250173731003,1.000000000000000
S13396,250173731004,1.000000000000000
S13398,250173731004,1.000000000000000
S13400,250173731004,1.000000000000000
S13403,250173731004,1.000000000000000
S13396,250173731005,1.000000000000000
S13398,250173731005,1.000000000000000
S13400,250173731005,1.000000000000000
S13403,250173731005,1.000000000000000
S13396,250173732001,1.000000000000000
S13398,250173732001,1.000000000000000
S13400,250173732001,1.000000000000000
S13403,250173732001,1.000000000000000
S13396,250214112003,1.000000008728480
S13397,250214112003,0.998339194071191
S13398,250214112003,1.000000008728480
S13400,250214112003,1.000000008728480
S13403,250214112003,1.000000008728480
S13396,250214112004,0.999999975429322
S13397,250214112004,0.999979539830869
S13398,250214112004,0.999999975429322
S13400,250214112004,0.999999975429322
S13403,250214112004,0.999999975429322
S13390,250214113011,0.003720280456335
S13391,250214113011,0.003720280456335
S13392,250214113011,0.003720280456335
S13396,250214113011,1.000000006647729
S13397,250214113011,0.994507220422430
S13398,250214113011,1.000000006647729
S13400,250214113011,1.000000006647729
S13403,250214113011,1.000000006647729
S13396,250214113012,0.999999998065753
S13397,250214113012,0.999999558360327
S13398,250214113012,0.999999998065753
S13400,250214113012,0.999999998065753
S13403,250214113012,0.999999998065753
S13396,250214113013,1.000000000000000
S13397,250214113013,1.000000000000000
S13398,250214113013,1.000000000000000
S13400,250214113013,1.000000000000000
S13403,250214113013,1.000000000000000
S13396,250214113021,1.000000000000000
S13397,250214113021,1.000000000000000
S13398,250214113021,1.000000000000000
S13400,250214113021,1.000000000000000
S13403,250214113021,1.000000000000000
S13396,250214113022,1.000000000000000
S13397,250214113022,1.000000000000000
S13398,250214113022,1.000000000000000
S13400,250214113022,1.000000000000000
S13403,250214113022,1.000000000000000
S13396,250214113023,1.000000000000000
S13397,250214113023,1.000000000000000
S13398,250214113023,1.000000000000000
S13400,250214113023,1.000000000000000
S13403,250214113023,1.000000000000000
S13396,250214113024,1.000000000000000
S13397,250214113024,1.000000000000000
S13398,250214113024,1.000000000000000
S13400,250214113024,1.000000000000000
S13403,250214113024,1.000000000000000
S13396,250214121001,1.000000000000000
S13398,250214121001,1.000000000000000
S13400,250214121001,1.000000000000000
S13403,250214121001,1.000000000000000
S13396,250214121002,1.000000000000000
S13398,250214121002,1.000000000000000
S13400,250214121002,1.000000000000000
S13403,250214121002,1.000000000000000
S13390,250214121003,0.000048985202858
S13391,250214121003,0.000048985202858
S13392,250214121003,0.000048985202858
S13396,250214121003,1.000000030898279
S13397,250214121003,0.000011127567919
S13398,250214121003,1.000000030898279
S13400,250214121003,1.000000030898279
S13403,250214121003,1.000000030898279
S13396,250214121004,0.999999985516888
S13397,250214121004,0.003329274567434
S13398,250214121004,0.999999985516888
S13400,250214121004,0.999999985516888
S13403,250214121004,0.999999985516888
S13396,250214122001,1.000000000000000
S13398,250214122001,1.000000000000000
S13400,250214122001,1.000000000000000
S13403,250214122001,1.000000000000000
S13390,250214122002,0.000026081990719
S13391,250214122002,0.000026081990719
S13392,250214122002,0.000026081990719
S13396,250214122002,1.000000002955694
S13398,250214122002,1.000000002955694
S13400,250214122002,1.000000002955694
S13403,250214122002,1.000000002955694
S13395,250214123001,0.000047096774468
S13396,250214123001,1.000000003950358
S13398,250214123001,1.000000003950358
S13400,250214123001,1.000000003950358
S13403,250214123001,1.000000003950358
S13396,250214123002,1.000000000000000
S13398,250214123002,1.000000000000000
S13400,250214123002,1.000000000000000
S13403,250214123002,1.000000000000000
S13396,250214123003,1.000000000000000
S13398,250214123003,1.000000000000000
S13400,250214123003,1.000000000000000
S13403,250214123003,1.000000000000000
S13396,250214123004,1.000000000000000
S13398,250214123004,1.000000000000000
S13400,250214123004,1.000000000000000
S13403,250214123004,1.000000000000000
S13396,250214131001,1.000000000000000
S13398,250214131001,1.000000000000000
S13400,250214131001,1.000000000000000
S13403,250214131001,1.000000000000000
S13396,250214131002,1.000000000000000
S13398,250214131002,1.000000000000000
S13400,250214131002,1.000000000000000
S13403,250214131002,1.000000000000000
S13395,250214131003,0.003786856018551
S13396,250214131003,0.999999975757410
S13398,250214131003,0.999999975757410
S13400,250214131003,0.999999975757410
S13403,250214131003,0.999999975757410
S13398,250214104001,1.000000000000000
S13400,250214104001,1.000000000000000
S13403,250214104001,1.000000000000000
S13398,250214104002,1.000000000000000
S13400,250214104002,1.000000000000000
S13403,250214104002,1.000000000000000
S13398,250214104003,1.000000000000000
S13400,250214104003,1.000000000000000
S13403,250214104003,1.000000000000000
S13396,250214111011,0.999403644973872
S13397,250214111011,0.999364998689969
S13398,250214111011,0.999999958014787
S13400,250214111011,0.999999958014787
S13403,250214111011,0.999999958014787
S13396,250214111012,0.999931602986892
S13397,250214111012,0.999931602986892
S13398,250214111012,1.000000000767743
S13400,250214111012,1.000000000767743
S13403,250214111012,1.000000000767743
S13396,250214111021,0.999999935401556
S13397,250214111021,0.990129372442592
S13398,250214111021,0.999999935401556
S13400,250214111021,0.999999935401556
S13403,250214111021,0.999999935401556
S13396,250214111022,1.000000000000000
S13397,250214111022,1.000000000000000
S13398,250214111022,1.000000000000000
S13400,250214111022,1.000000000000000
S13403,250214111022,1.000000000000000
S13396,250214111023,1.000000000000000
S13397,250214111023,1.000000000000000
S13398,250214111023,1.000000000000000
S13400,250214111023,1.000000000000000
S13403,250214111023,1.000000000000000
S13396,250214112001,1.000000002225405
S13397,250214112001,0.998394992361850
S13398,250214112001,1.000000002225405
S13400,250214112001,1.000000002225405
S13403,250214112001,1.000000002225405
S13396,250214112002,1.000000000000000
S13397,250214112002,1.000000000000000
S13398,250214112002,1.000000000000000
S13400,250214112002,1.000000000000000
S13403,250214112002,1.000000000000000
S13390,250277151001,0.000028087641254
S13391,250277151001,0.000028087641254
S13392,250277151001,0.000028087641254
S13398,250277151001,0.000010571431394
S13400,250277151001,0.000010571431394
S13403,250277151001,0.000010571431394
S13398,250277151003,0.000056527215967
S13400,250277151003,0.000056527215967
S13403,250277151003,0.000056527215967
S13396,250214031002,1.000000000000000
S13398,250214031002,1.000000000000000
S13400,250214031002,1.000000000000000
S13403,250214031002,1.000000000000000
S13396,250214031003,1.000000000000000
S13398,250214031003,1.000000000000000
S13400,250214031003,1.000000000000000
S13403,250214031003,1.000000000000000
S13396,250214031004,1.000000000000000
S13398,250214031004,1.000000000000000
S13400,250214031004,1.000000000000000
S13403,250214031004,1.000000000000000
S13396,250214031005,1.000000000000000
S13398,250214031005,1.000000000000000
S13400,250214031005,1.000000000000000
S13403,250214031005,1.000000000000000
S13396,250214031006,1.000000000000000
S13398,250214031006,1.000000000000000
S13400,250214031006,1.000000000000000
S13403,250214031006,1.000000000000000
S13396,250214031007,1.000000000000000
S13398,250214031007,1.000000000000000
S13400,250214031007,1.000000000000000
S13403,250214031007,1.000000000000000
S13396,250214031008,1.000000000000000
S13398,250214031008,1.000000000000000
S13400,250214031008,1.000000000000000
S13403,250214031008,1.000000000000000
S13396,250214033001,1.000000000000000
S13398,250214033001,1.000000000000000
S13400,250214033001,1.000000000000000
S13403,250214033001,1.000000000000000
S13396,250214033002,1.000000000000000
S13398,250214033002,1.000000000000000
S13400,250214033002,1.000000000000000
S13403,250214033002,1.000000000000000
S13390,250214033003,0.000516399057918
S13391,250214033003,0.000516399057918
S13392,250214033003,0.000516399057918
S13396,250214033003,1.000000000483474
S13398,250214033003,1.000000000483474
S13400,250214033003,1.000000000483474
S13403,250214033003,1.000000000483474
S13390,250214034001,0.002088677016133
S13391,250214034001,0.002088677016133
S13392,250214034001,0.002088677016133
S13396,250214034001,0.999999980065729
S13398,250214034001,0.999999980065729
S13400,250214034001,0.999999980065729
S13403,250214034001,0.999999980065729
S13396,250214034002,1.000000000000000
S13398,250214034002,1.000000000000000
S13400,250214034002,1.000000000000000
S13403,250214034002,1.000000000000000
S13396,250214034003,1.000000000000000
S13398,250214034003,1.000000000000000
S13400,250214034003,1.000000000000000
S13403,250214034003,1.000000000000000
S13396,250214034004,1.000000000000000
S13398,250214034004,1.000000000000000
S13400,250214034004,1.000000000000000
S13403,250214034004,1.000000000000000
S13390,250214034005,0.006998046147999
S13391,250214034005,0.006998046147999
S13392,250214034005,0.006998046147999
S13396,250214034005,1.000000006064599
S13398,250214034005,1.000000006064599
S13400,250214034005,1.000000006064599
S13403,250214034005,1.000000006064599
S13396,250251704005,1.000000000000000
S13398,250251704005,1.000000000000000
S13400,250251704005,1.000000000000000
S13403,250251704005,1.000000000000000
S13396,250251704002,1.000000000000000
S13398,250251704002,1.000000000000000
S13400,250251704002,1.000000000000000
S13403,250251704002,1.000000000000000
S13396,250251704003,1.000000000000000
S13398,250251704003,1.000000000000000
S13400,250251704003,1.000000000000000
S13403,250251704003,1.000000000000000
S13396,250251704004,1.000000000000000
S13398,250251704004,1.000000000000000
S13400,250251704004,1.000000000000000
S13403,250251704004,1.000000000000000
S13396,250251705021,0.991862738651471
S13398,250251705021,0.991568879625960
S13400,250251705021,0.991568879625960
S13403,250251705021,0.991568879625960
S13396,250251705022,1.000000000000000
S13398,250251705022,1.000000000000000
S13400,250251705022,1.000000000000000
S13403,250251705022,1.000000000000000
S13396,250251705023,0.973205651450034
S13398,250251705023,0.973101252138495
S13400,250251705023,0.973101252138495
S13403,250251705023,0.973101252138495
S13396,250251705031,1.000000000000000
S13398,250251705031,1.000000000000000
S13400,250251705031,1.000000000000000
S13403,250251705031,1.000000000000000
S13396,250251705041,1.000000000000000
S13398,250251705041,1.000000000000000
S13400,250251705041,1.000000000000000
S13403,250251705041,1.000000000000000
S13396,250251705042,1.000000000000000
S13398,250251705042,1.000000000000000
S13400,250251705042,1.000000000000000
S13403,250251705042,1.000000000000000
S13396,250251706011,1.000000000000000
S13398,250251706011,1.000000000000000
S13400,250251706011,1.000000000000000
S13403,250251706011,1.000000000000000
S13396,250251706012,0.996359853322191
S13398,250251706012,0.997000986408240
S13400,250251706012,0.997000986408240
S13403,250251706012,0.997000986408240
S13396,250251706013,1.000000000000000
S13398,250251706013,1.000000000000000
S13400,250251706013,1.000000000000000
S13403,250251706013,1.000000000000000
S13396,250251706014,1.000000000000000
S13398,250251706014,1.000000000000000
S13400,250251706014,1.000000000000000
S13403,250251706014,1.000000000000000
S13396,250251707011,1.000000000000000
S13398,250251707011,1.000000000000000
S13400,250251707011,1.000000000000000
S13403,250251707011,1.000000000000000
S13396,250251707012,1.000000000000000
S13398,250251707012,1.000000000000000
S13400,250251707012,1.000000000000000
S13403,250251707012,1.000000000000000
S13396,250251707021,1.000000000000000
S13398,250251707021,1.000000000000000
S13400,250251707021,1.000000000000000
S13403,250251707021,1.000000000000000
S13396,250251707022,1.000000000000000
S13398,250251707022,1.000000000000000
S13400,250251707022,1.000000000000000
S13403,250251707022,1.000000000000000
S13396,250251707023,1.000000000000000
S13398,250251707023,1.000000000000000
S13400,250251707023,1.000000000000000
S13403,250251707023,1.000000000000000
S13396,250251707024,1.000000000000000
S13398,250251707024,1.000000000000000
S13400,250251707024,1.000000000000000
S13403,250251707024,1.000000000000000
S13396,250251707025,1.000000000000000
S13398,250251707025,1.000000000000000
S13400,250251707025,1.000000000000000
S13403,250251707025,1.000000000000000
S13396,250251708001,0.999689590459730
S13398,250251708001,0.999371868158500
S13400,250251708001,0.999371868158500
S13403,250251708001,0.999371868158500
S13396,250251708002,1.000000000000000
S13398,250251708002,1.000000000000000
S13400,250251708002,1.000000000000000
S13403,250251708002,1.000000000000000
S13396,250251708003,1.000000000000000
S13398,250251708003,1.000000000000000
S13400,250251708003,1.000000000000000
S13403,250251708003,1.000000000000000
S13396,250251708004,1.000000000000000
S13398,250251708004,1.000000000000000
S13400,250251708004,1.000000000000000
S13403,250251708004,1.000000000000000
S13396,250251801011,1.000000000000000
S13398,250251801011,1.000000000000000
S13400,250251801011,1.000000000000000
S13403,250251801011,1.000000000000000
S13396,250251801012,1.000000000000000
S13398,250251801012,1.000000000000000
S13400,250251801012,1.000000000000000
S13403,250251801012,1.000000000000000
S13396,250251801013,1.000000000000000
S13398,250251801013,1.000000000000000
S13400,250251801013,1.000000000000000
S13403,250251801013,1.000000000000000
S13396,250251801014,1.000000000000000
S13398,250251801014,1.000000000000000
S13400,250251801014,1.000000000000000
S13403,250251801014,1.000000000000000
S13396,250251802001,0.987289175678676
S13398,250251802001,0.986832876994991
S13400,250251802001,0.986832876994991
S13403,250251802001,0.986832876994991
S13396,250251802002,1.000000000000000
S13398,250251802002,1.000000000000000
S13400,250251802002,1.000000000000000
S13403,250251802002,1.000000000000000
S13396,250251802003,1.000000000000000
S13398,250251802003,1.000000000000000
S13400,250251802003,1.000000000000000
S13403,250251802003,1.000000000000000
S13396,250251802004,0.992811500184673
S13398,250251802004,0.992816336782920
S13400,250251802004,0.992816336782920
S13403,250251802004,0.992816336782920
S13396,250251803011,1.000000000000000
S13398,250251803011,1.000000000000000
S13400,250251803011,1.000000000000000
S13403,250251803011,1.000000000000000
S13396,250251803012,1.000000000000000
S13398,250251803012,1.000000000000000
S13400,250251803012,1.000000000000000
S13403,250251803012,1.000000000000000
S13396,250251803013,1.000000000000000
S13398,250251803013,1.000000000000000
S13400,250251803013,1.000000000000000
S13403,250251803013,1.000000000000000
S13396,250251803014,1.000000000000000
S13398,250251803014,1.000000000000000
S13400,250251803014,1.000000000000000
S13403,250251803014,1.000000000000000
S13390,250277441021,1.000000000000000
S13391,250277441021,1.000000000000000
S13392,250277441021,1.000000000000000
S13390,250277441022,0.999959944467565
S13391,250277441022,0.999959944467565
S13392,250277441022,0.999959944467565
S13398,250277441022,0.000039986871834
S13400,250277441022,0.000039986871834
S13403,250277441022,0.000039986871834
S13390,250277441023,0.999992315342202
S13391,250277441023,0.999992315342202
S13392,250277441023,0.999992315342202
S13390,250277441031,1.000000000036537
S13391,250277441031,1.000000000036537
S13392,250277441031,1.000000000036537
S13398,250277441031,0.000059650636868
S13400,250277441031,0.000059650636868
S13403,250277441031,0.000059650636868
S13390,250277441032,1.000000000000000
S13391,250277441032,1.000000000000000
S13392,250277441032,1.000000000000000
S13390,250277441041,1.000000000000000
S13391,250277441041,1.000000000000000
S13392,250277441041,1.000000000000000
S13390,250277441042,1.000000000000000
S13391,250277441042,1.000000000000000
S13392,250277441042,1.000000000000000
S13390,250277441043,0.998577250029334
S13391,250277441043,0.998577250029334
S13392,250277441043,0.998577250029334
S13398,250277441043,0.001130935698624
S13400,250277441043,0.001130935698624
S13403,250277441043,0.001130935698624
S13390,250277442011,0.996582357528451
S13391,250277442011,0.996582357528451
S13392,250277442011,0.996582357528451
S13398,250277442011,0.000258661238808
S13400,250277442011,0.000258661238808
S13403,250277442011,0.000258661238808
S13390,250277442012,0.998416694788322
S13391,250277442012,0.998416694788322
S13392,250277442012,0.998416694788322
S13390,250277442021,1.000000000000000
S13391,250277442021,1.000000000000000
S13392,250277442021,1.000000000000000
S13390,250277442022,1.000000000000000
S13391,250277442022,1.000000000000000
S13392,250277442022,1.000000000000000
S13390,250277442023,0.999998571404976
S13391,250277442023,0.999998571404976
S13392,250277442023,0.999998571404976
S13398,250277442023,0.000001466891352
S13400,250277442023,0.000001466891352
S13403,250277442023,0.000001466891352
S13396,250173424023,1.000000000000000
S13398,250173424023,1.000000000000000
S13400,250173424023,1.000000000000000
S13403,250173424023,1.000000000000000
S13396,250173424013,1.000000000000000
S13398,250173424013,1.000000000000000
S13400,250173424013,1.000000000000000
S13403,250173424013,1.000000000000000
S13396,250173424021,0.982993541271009
S13398,250173424021,0.983360596731844
S13400,250173424021,0.983360596731844
S13403,250173424021,0.983360596731844
S13396,250173424022,0.982274676666664
S13398,250173424022,0.982116241237419
S13400,250173424022,0.982116241237419
S13403,250173424022,0.982116241237419
S13396,250173424024,1.000000000000000
S13398,250173424024,1.000000000000000
S13400,250173424024,1.000000000000000
S13403,250173424024,1.000000000000000
S13396,250173425011,1.000000000000000
S13398,250173425011,1.000000000000000
S13400,250173425011,1.000000000000000
S13403,250173425011,1.000000000000000
S13396,250173425012,1.000000000000000
S13398,250173425012,1.000000000000000
S13400,250173425012,1.000000000000000
S13403,250173425012,1.000000000000000
S13396,250173425021,1.000000000000000
S13398,250173425021,1.000000000000000
S13400,250173425021,1.000000000000000
S13403,250173425021,1.000000000000000
S13396,250173425022,1.000000000000000
S13398,250173425022,1.000000000000000
S13400,250173425022,1.000000000000000
S13403,250173425022,1.000000000000000
S13396,250173426001,1.000000000000000
S13398,250173426001,1.000000000000000
S13400,250173426001,1.000000000000000
S13403,250173426001,1.000000000000000
S13396,250173426002,1.000000000000000
S13398,250173426002,1.000000000000000
S13400,250173426002,1.000000000000000
S13403,250173426002,1.000000000000000
S13396,250173426003,1.000000000000000
S13398,250173426003,1.000000000000000
S13400,250173426003,1.000000000000000
S13403,250173426003,1.000000000000000
S13390,250277444001,1.000000000000000
S13391,250277444001,1.000000000000000
S13392,250277444001,1.000000000000000
S13390,250277444002,1.000000000000000
S13391,250277444002,1.000000000000000
S13392,250277444002,1.000000000000000
S13390,250277444003,0.999975299423763
S13391,250277444003,0.999975299423763
S13392,250277444003,0.999975299423763
S13390,250277442024,0.999995854908356
S13391,250277442024,0.999995854908356
S13392,250277442024,0.999995854908356
S13398,250277442024,0.000004069732601
S13400,250277442024,0.000004069732601
S13403,250277442024,0.000004069732601
S13390,250277443001,1.000000000000000
S13391,250277443001,1.000000000000000
S13392,250277443001,1.000000000000000
S13390,250277443002,1.000000000000000
S13391,250277443002,1.000000000000000
S13392,250277443002,1.000000000000000
S13390,250277443003,1.000000000000000
S13391,250277443003,1.000000000000000
S13392,250277443003,1.000000000000000
S13390,250277443004,1.000000000000000
S13391,250277443004,1.000000000000000
S13392,250277443004,1.000000000000000
S13396,250173501051,0.967685915826340
S13398,250173501051,0.966550004254755
S13400,250173501051,0.966550004254755
S13403,250173501051,0.966550004254755
S13396,250173501061,0.987105930956625
S13398,250173501061,0.986858957642473
S13400,250173501061,0.986858957642473
S13403,250173501061,0.986858957642473
S13396,250173501071,1.000000000000000
S13398,250173501071,1.000000000000000
S13400,250173501071,1.000000000000000
S13403,250173501071,1.000000000000000
S13396,250173501081,1.000000000000000
S13398,250173501081,1.000000000000000
S13400,250173501081,1.000000000000000
S13403,250173501081,1.000000000000000
S13396,250173501082,1.000000000000000
S13398,250173501082,1.000000000000000
S13400,250173501082,1.000000000000000
S13403,250173501082,1.000000000000000
S13396,250173501091,1.000000000000000
S13398,250173501091,1.000000000000000
S13400,250173501091,1.000000000000000
S13403,250173501091,1.000000000000000
S13396,250173502011,1.000000000000000
S13398,250173502011,1.000000000000000
S13400,250173502011,1.000000000000000
S13403,250173502011,1.000000000000000
S13396,250173502012,1.000000000000000
S13398,250173502012,1.000000000000000
S13400,250173502012,1.000000000000000
S13403,250173502012,1.000000000000000
S13396,250173502013,1.000000000000000
S13398,250173502013,1.000000000000000
S13400,250173502013,1.000000000000000
S13403,250173502013,1.000000000000000
S13396,250173502021,1.000000000000000
S13398,250173502021,1.000000000000000
S13400,250173502021,1.000000000000000
S13403,250173502021,1.000000000000000
S13396,250173502022,1.000000000000000
S13398,250173502022,1.000000000000000
S13400,250173502022,1.000000000000000
S13403,250173502022,1.000000000000000
S13390,250214035021,0.001055900021464
S13391,250214035021,0.001055900021464
S13392,250214035021,0.001055900021464
S13396,250214035021,1.000000001323016
S13398,250214035021,1.000000001323016
S13400,250214035021,1.000000001323016
S13403,250214035021,1.000000001323016
S13396,250214035011,1.000000000000000
S13398,250214035011,1.000000000000000
S13400,250214035011,1.000000000000000
S13403,250214035011,1.000000000000000
S13396,250214035012,1.000000000000000
S13398,250214035012,1.000000000000000
S13400,250214035012,1.000000000000000
S13403,250214035012,1.000000000000000
S13390,250214035022,0.002138080749315
S13391,250214035022,0.002138080749315
S13392,250214035022,0.002138080749315
S13396,250214035022,1.000000024209514
S13398,250214035022,1.000000024209514
S13400,250214035022,1.000000024209514
S13403,250214035022,1.000000024209514
S13390,250214041001,0.998400642687297
S13391,250214041001,0.998400642687297
S13392,250214041001,0.998400642687297
S13396,250214041001,1.000000007670585
S13398,250214041001,1.000000007670585
S13400,250214041001,1.000000007670585
S13403,250214041001,1.000000007670585
S13390,250214041002,0.995646876596430
S13391,250214041002,0.995646876596430
S13392,250214041002,0.995646876596430
S13396,250214041002,0.999999994391199
S13398,250214041002,0.999999994391199
S13400,250214041002,0.999999994391199
S13403,250214041002,0.999999994391199
S13390,250214041003,1.000000000000000
S13391,250214041003,1.000000000000000
S13392,250214041003,1.000000000000000
S13396,250214041003,1.000000000000000
S13398,250214041003,1.000000000000000
S13400,250214041003,1.000000000000000
S13403,250214041003,1.000000000000000
S13390,250214042011,1.000000000000000
S13391,250214042011,1.000000000000000
S13392,250214042011,1.000000000000000
S13396,250214042011,1.000000000000000
S13398,250214042011,1.000000000000000
S13400,250214042011,1.000000000000000
S13403,250214042011,1.000000000000000
S13390,250214042012,1.000000000000000
S13391,250214042012,1.000000000000000
S13392,250214042012,1.000000000000000
S13396,250214042012,1.000000000000000
S13398,250214042012,1.000000000000000
S13400,250214042012,1.000000000000000
S13403,250214042012,1.000000000000000
S13390,250214042013,1.000000000000000
S13391,250214042013,1.000000000000000
S13392,250214042013,1.000000000000000
S13396,250214042013,1.000000000000000
S13398,250214042013,1.000000000000000
S13400,250214042013,1.000000000000000
S13403,250214042013,1.000000000000000
S13390,250214042014,0.999999828029484
S13391,250214042014,0.999999828029484
S13392,250214042014,0.999999828029484
S13396,250214042014,0.999999999250331
S13398,250214042014,0.999999999250331
S13400,250214042014,0.999999999250331
S13403,250214042014,0.999999999250331
S13390,250214042021,1.000000000000000
S13391,250214042021,1.000000000000000
S13392,250214042021,1.000000000000000
S13396,250214042021,1.000000000000000
S13398,250214042021,1.000000000000000
S13400,250214042021,1.000000000000000
S13403,250214042021,1.000000000000000
S13390,250214042022,1.000000000000000
S13391,250214042022,1.000000000000000
S13392,250214042022,1.000000000000000
S13396,250214042022,1.000000000000000
S13398,250214042022,1.000000000000000
S13400,250214042022,1.000000000000000
S13403,250214042022,1.000000000000000
S13390,250214042023,1.000000000000000
S13391,250214042023,1.000000000000000
S13392,250214042023,1.000000000000000
S13396,250214042023,1.000000000000000
S13398,250214042023,1.000000000000000
S13400,250214042023,1.000000000000000
S13403,250214042023,1.000000000000000
S13390,250214042024,1.000000000000000
S13391,250214042024,1.000000000000000
S13392,250214042024,1.000000000000000
S13396,250214042024,1.000000000000000
S13398,250214042024,1.000000000000000
S13400,250214042024,1.000000000000000
S13403,250214042024,1.000000000000000
S13390,250214043011,1.000000000000000
S13391,250214043011,1.000000000000000
S13392,250214043011,1.000000000000000
S13396,250214043011,1.000000000000000
S13398,250214043011,1.000000000000000
S13400,250214043011,1.000000000000000
S13403,250214043011,1.000000000000000
S13390,250214043012,1.000000000000000
S13391,250214043012,1.000000000000000
S13392,250214043012,1.000000000000000
S13396,250214043012,1.000000000000000
S13398,250214043012,1.000000000000000
S13400,250214043012,1.000000000000000
S13403,250214043012,1.000000000000000
S13390,250214043013,1.000000000000000
S13391,250214043013,1.000000000000000
S13392,250214043013,1.000000000000000
S13396,250214043013,1.000000000000000
S13398,250214043013,1.000000000000000
S13400,250214043013,1.000000000000000
S13403,250214043013,1.000000000000000
S13390,250214043014,1.000000000000000
S13391,250214043014,1.000000000000000
S13392,250214043014,1.000000000000000
S13396,250214043014,1.000000000000000
S13398,250214043014,1.000000000000000
S13400,250214043014,1.000000000000000
S13403,250214043014,1.000000000000000
S13390,250214043015,1.000000000000000
S13391,250214043015,1.000000000000000
S13392,250214043015,1.000000000000000
S13396,250214043015,1.000000000000000
S13398,250214043015,1.000000000000000
S13400,250214043015,1.000000000000000
S13403,250214043015,1.000000000000000
S13390,250214043021,1.000000000000000
S13391,250214043021,1.000000000000000
S13392,250214043021,1.000000000000000
S13396,250214043021,1.000000000000000
S13398,250214043021,1.000000000000000
S13400,250214043021,1.000000000000000
S13403,250214043021,1.000000000000000
S13390,250214043022,1.000000000000000
S13391,250214043022,1.000000000000000
S13392,250214043022,1.000000000000000
S13396,250214043022,1.000000000000000
S13398,250214043022,1.000000000000000
S13400,250214043022,1.000000000000000
S13403,250214043022,1.000000000000000
S13390,250214043023,1.000000000000000
S13391,250214043023,1.000000000000000
S13392,250214043023,1.000000000000000
S13396,250214043023,1.000000000000000
S13398,250214043023,1.000000000000000
S13400,250214043023,1.000000000000000
S13403,250214043023,1.000000000000000
S13390,250214044001,1.000000000000000
S13391,250214044001,1.000000000000000
S13392,250214044001,1.000000000000000
S13396,250214044001,1.000000000000000
S13398,250214044001,1.000000000000000
S13400,250214044001,1.000000000000000
S13403,250214044001,1.000000000000000
S13390,250214044002,1.000000000000000
S13391,250214044002,1.000000000000000
S13392,250214044002,1.000000000000000
S13396,250214044002,1.000000000000000
S13398,250214044002,1.000000000000000
S13400,250214044002,1.000000000000000
S13403,250214044002,1.000000000000000
S13390,250214044003,1.000000000000000
S13391,250214044003,1.000000000000000
S13392,250214044003,1.000000000000000
S13396,250214044003,1.000000000000000
S13398,250214044003,1.000000000000000
S13400,250214044003,1.000000000000000
S13403,250214044003,1.000000000000000
S13390,250214044004,1.000000000000000
S13391,250214044004,1.000000000000000
S13392,250214044004,1.000000000000000
S13396,250214044004,1.000000000000000
S13398,250214044004,1.000000000000000
S13400,250214044004,1.000000000000000
S13403,250214044004,1.000000000000000
S13390,250214044005,1.000000000000000
S13391,250214044005,1.000000000000000
S13392,250214044005,1.000000000000000
S13396,250214044005,1.000000000000000
S13398,250214044005,1.000000000000000
S13400,250214044005,1.000000000000000
S13403,250214044005,1.000000000000000
S13390,250214051001,0.991502245926733
S13391,250214051001,0.991502245926733
S13392,250214051001,0.991502245926733
S13396,250214051001,0.999999962852739
S13397,250214051001,0.005628458013242
S13398,250214051001,0.999999962852739
S13400,250214051001,0.999999962852739
S13403,250214051001,0.999999962852739
S13390,250214051002,0.999998224093519
S13391,250214051002,0.999998224093519
S13392,250214051002,0.999998224093519
S13396,250214051002,0.999999998061447
S13398,250214051002,0.999999998061447
S13400,250214051002,0.999999998061447
S13403,250214051002,0.999999998061447
S13390,250214051003,0.999955180306066
S13391,250214051003,0.999955180306066
S13392,250214051003,0.999955180306066
S13396,250214051003,0.999999998486755
S13398,250214051003,0.999999998486755
S13400,250214051003,0.999999998486755
S13403,250214051003,0.999999998486755
S13390,250214051004,0.999987427604856
S13391,250214051004,0.999987427604856
S13392,250214051004,0.999987427604856
S13396,250214051004,0.999740985246241
S13398,250214051004,1.000000002320194
S13400,250214051004,1.000000002320194
S13403,250214051004,1.000000002320194
S13396,250214061011,0.999868084166690
S13398,250214061011,1.000000001976014
S13400,250214061011,1.000000001976014
S13403,250214061011,1.000000001976014
S13390,250214061012,0.000012644094207
S13391,250214061012,0.000012644094207
S13392,250214061012,0.000012644094207
S13396,250214061012,1.000000005024213
S13398,250214061012,1.000000005024213
S13400,250214061012,1.000000005024213
S13403,250214061012,1.000000005024213
S13390,250214061013,0.000043202838572
S13391,250214061013,0.000043202838572
S13392,250214061013,0.000043202838572
S13396,250214061013,0.999921836486599
S13398,250214061013,1.000000019564891
S13400,250214061013,1.000000019564891
S13403,250214061013,1.000000019564891
S13396,250214061021,0.999999995692962
S13397,250214061021,0.000032790351307
S13398,250214061021,0.999999995692962
S13400,250214061021,0.999999995692962
S13403,250214061021,0.999999995692962
S13396,250214061022,0.999995198544843
S13398,250214061022,0.999999995498045
S13400,250214061022,0.999999995498045
S13403,250214061022,0.999999995498045
S13396,250214061023,1.000000022956074
S13397,250214061023,0.000093615026933
S13398,250214061023,1.000000022956074
S13400,250214061023,1.000000022956074
S13403,250214061023,1.000000022956074
S13396,250250007042,1.000000000000000
S13398,250250007042,1.000000000000000
S13400,250250007042,1.000000000000000
S13403,250250007042,1.000000000000000
S13396,250250007031,1.000000000000000
S13398,250250007031,1.000000000000000
S13400,250250007031,1.000000000000000
S13403,250250007031,1.000000000000000
S13396,250250007032,1.000000000000000
S13398,250250007032,1.000000000000000
S13400,250250007032,1.000000000000000
S13403,250250007032,1.000000000000000
S13396,250250007041,1.000000000000000
S13398,250250007041,1.000000000000000
S13400,250250007041,1.000000000000000
S13403,250250007041,1.000000000000000
S13396,250250007043,1.000000000000000
S13398,250250007043,1.000000000000000
S13400,250250007043,1.000000000000000
S13403,250250007043,1.000000000000000
S13396,250250007044,1.000000000000000
S13398,250250007044,1.000000000000000
S13400,250250007044,1.000000000000000
S13403,250250007044,1.000000000000000
S13396,250250008041,1.000000000000000
S13398,250250008041,1.000000000000000
S13400,250250008041,1.000000000000000
S13403,250250008041,1.000000000000000
S13396,250250008042,1.000000000000000
S13398,250250008042,1.000000000000000
S13400,250250008042,1.000000000000000
S13403,250250008042,1.000000000000000
S13396,250250008051,1.000000000000000
S13398,250250008051,1.000000000000000
S13400,250250008051,1.000000000000000
S13403,250250008051,1.000000000000000
S13396,250250008052,1.000000000000000
S13398,250250008052,1.000000000000000
S13400,250250008052,1.000000000000000
S13403,250250008052,1.000000000000000
S13396,250250008053,1.000000000000000
S13398,250250008053,1.000000000000000
S13400,250250008053,1.000000000000000
S13403,250250008053,1.000000000000000
S13396,250250008061,1.000000000000000
S13398,250250008061,1.000000000000000
S13400,250250008061,1.000000000000000
S13403,250250008061,1.000000000000000
S13396,250250008062,1.000000000000000
S13398,250250008062,1.000000000000000
S13400,250250008062,1.000000000000000
S13403,250250008062,1.000000000000000
S13396,250250008063,1.000000000000000
S13398,250250008063,1.000000000000000
S13400,250250008063,1.000000000000000
S13403,250250008063,1.000000000000000
S13396,250250008071,1.000000000000000
S13398,250250008071,1.000000000000000
S13400,250250008071,1.000000000000000
S13403,250250008071,1.000000000000000
S13396,250250101031,1.000000000000000
S13398,250250101031,1.000000000000000
S13400,250250101031,1.000000000000000
S13403,250250101031,1.000000000000000
S13396,250250101032,1.000000000000000
S13398,250250101032,1.000000000000000
S13400,250250101032,1.000000000000000
S13403,250250101032,1.000000000000000
S13396,250250101033,1.000000000000000
S13398,250250101033,1.000000000000000
S13400,250250101033,1.000000000000000
S13403,250250101033,1.000000000000000
S13396,250250101041,1.000000000000000
S13398,250250101041,1.000000000000000
S13400,250250101041,1.000000000000000
S13403,250250101041,1.000000000000000
S13396,250250101042,1.000000000000000
S13398,250250101042,1.000000000000000
S13400,250250101042,1.000000000000000
S13403,250250101042,1.000000000000000
S13396,250250101043,1.000000000000000
S13398,250250101043,1.000000000000000
S13400,250250101043,1.000000000000000
S13403,250250101043,1.000000000000000
S13396,250250102041,1.000000000000000
S13398,250250102041,1.000000000000000
S13400,250250102041,1.000000000000000
S13403,250250102041,1.000000000000000
S13396,250250102042,1.000000000000000
S13398,250250102042,1.000000000000000
S13400,250250102042,1.000000000000000
S13403,250250102042,1.000000000000000
S13396,250250102043,1.000000000000000
S13398,250250102043,1.000000000000000
S13400,250250102043,1.000000000000000
S13403,250250102043,1.000000000000000
S13396,250250102051,1.000000000000000
S13398,250250102051,1.000000000000000
S13400,250250102051,1.000000000000000
S13403,250250102051,1.000000000000000
S13396,250250102052,1.000000000000000
S13398,250250102052,1.000000000000000
S13400,250250102052,1.000000000000000
S13403,250250102052,1.000000000000000
S13396,250250102053,1.000000000000000
S13398,250250102053,1.000000000000000
S13400,250250102053,1.000000000000000
S13403,250250102053,1.000000000000000
S13396,250250102054,1.000000000000000
S13398,250250102054,1.000000000000000
S13400,250250102054,1.000000000000000
S13403,250250102054,1.000000000000000
S13396,250173413022,1.000000000000000
S13398,250173413022,1.000000000000000
S13400,250173413022,1.000000000000000
S13403,250173413022,1.000000000000000
S13396,250173413013,1.000000000000000
S13398,250173413013,1.000000000000000
S13400,250173413013,1.000000000000000
S13403,250173413013,1.000000000000000
S13396,250173413014,1.000000000000000
S13398,250173413014,1.000000000000000
S13400,250173413014,1.000000000000000
S13403,250173413014,1.000000000000000
S13396,250173413021,1.000000000000000
S13398,250173413021,1.000000000000000
S13400,250173413021,1.000000000000000
S13403,250173413021,1.000000000000000
S13396,250173414001,1.000000000000000
S13398,250173414001,1.000000000000000
S13400,250173414001,1.000000000000000
S13403,250173414001,1.000000000000000
S13396,250173414002,1.000000000000000
S13398,250173414002,1.000000000000000
S13400,250173414002,1.000000000000000
S13403,250173414002,1.000000000000000
S13396,250173414003,1.000000000000000
S13398,250173414003,1.000000000000000
S13400,250173414003,1.000000000000000
S13403,250173414003,1.000000000000000
S13396,250173414004,1.000000000000000
S13398,250173414004,1.000000000000000
S13400,250173414004,1.000000000000000
S13403,250173414004,1.000000000000000
S13396,250173414005,1.000000000000000
S13398,250173414005,1.000000000000000
S13400,250173414005,1.000000000000000
S13403,250173414005,1.000000000000000
S13396,250173415001,1.000000000000000
S13398,250173415001,1.000000000000000
S13400,250173415001,1.000000000000000
S13403,250173415001,1.000000000000000
S13396,250173415002,1.000000000000000
S13398,250173415002,1.000000000000000
S13400,250173415002,1.000000000000000
S13403,250173415002,1.000000000000000
S13396,250173415003,1.000000000000000
S13398,250173415003,1.000000000000000
S13400,250173415003,1.000000000000000
S13403,250173415003,1.000000000000000
S13396,250173415004,1.000000000000000
S13398,250173415004,1.000000000000000
S13400,250173415004,1.000000000000000
S13403,250173415004,1.000000000000000
S13396,250173415005,1.000000000000000
S13398,250173415005,1.000000000000000
S13400,250173415005,1.000000000000000
S13403,250173415005,1.000000000000000
S13396,250173416001,1.000000000000000
S13398,250173416001,1.000000000000000
S13400,250173416001,1.000000000000000
S13403,250173416001,1.000000000000000
S13396,250173416002,1.000000000000000
S13398,250173416002,1.000000000000000
S13400,250173416002,1.000000000000000
S13403,250173416002,1.000000000000000
S13396,250173416003,1.000000000000000
S13398,250173416003,1.000000000000000
S13400,250173416003,1.000000000000000
S13403,250173416003,1.000000000000000
S13396,250173416004,1.000000000000000
S13398,250173416004,1.000000000000000
S13400,250173416004,1.000000000000000
S13403,250173416004,1.000000000000000
S13396,250173416005,1.000000000000000
S13398,250173416005,1.000000000000000
S13400,250173416005,1.000000000000000
S13403,250173416005,1.000000000000000
S13396,250173416006,1.000000000000000
S13398,250173416006,1.000000000000000
S13400,250173416006,1.000000000000000
S13403,250173416006,1.000000000000000
S13396,250173417001,1.000000000000000
S13398,250173417001,1.000000000000000
S13400,250173417001,1.000000000000000
S13403,250173417001,1.000000000000000
S13396,250173417002,1.000000000000000
S13398,250173417002,1.000000000000000
S13400,250173417002,1.000000000000000
S13403,250173417002,1.000000000000000
S13396,250173417003,1.000000000000000
S13398,250173417003,1.000000000000000
S13400,250173417003,1.000000000000000
S13403,250173417003,1.000000000000000
S13396,250173417004,1.000000000000000
S13398,250173417004,1.000000000000000
S13400,250173417004,1.000000000000000
S13403,250173417004,1.000000000000000
S13396,250173417005,1.000000000000000
S13398,250173417005,1.000000000000000
S13400,250173417005,1.000000000000000
S13403,250173417005,1.000000000000000
S13396,250173418001,1.000000000000000
S13398,250173418001,1.000000000000000
S13400,250173418001,1.000000000000000
S13403,250173418001,1.000000000000000
S13396,250173418002,1.000000000000000
S13398,250173418002,1.000000000000000
S13400,250173418002,1.000000000000000
S13403,250173418002,1.000000000000000
S13396,250173418003,1.000000000000000
S13398,250173418003,1.000000000000000
S13400,250173418003,1.000000000000000
S13403,250173418003,1.000000000000000
S13396,250173418004,1.000000000000000
S13398,250173418004,1.000000000000000
S13400,250173418004,1.000000000000000
S13403,250173418004,1.000000000000000
S13396,250173418005,1.000000000000000
S13398,250173418005,1.000000000000000
S13400,250173418005,1.000000000000000
S13403,250173418005,1.000000000000000
S13396,250173418006,1.000000000000000
S13398,250173418006,1.000000000000000
S13400,250173418006,1.000000000000000
S13403,250173418006,1.000000000000000
S13396,250173419011,1.000000000000000
S13398,250173419011,1.000000000000000
S13400,250173419011,1.000000000000000
S13403,250173419011,1.000000000000000
S13396,250173419012,1.000000000000000
S13398,250173419012,1.000000000000000
S13400,250173419012,1.000000000000000
S13403,250173419012,1.000000000000000
S13396,250173503003,1.000000000000000
S13398,250173503003,1.000000000000000
S13400,250173503003,1.000000000000000
S13403,250173503003,1.000000000000000
S13396,250173502023,1.000000000000000
S13398,250173502023,1.000000000000000
S13400,250173502023,1.000000000000000
S13403,250173502023,1.000000000000000
S13396,250173503001,1.000000000000000
S13398,250173503001,1.000000000000000
S13400,250173503001,1.000000000000000
S13403,250173503001,1.000000000000000
S13396,250173503002,1.000000000000000
S13398,250173503002,1.000000000000000
S13400,250173503002,1.000000000000000
S13403,250173503002,1.000000000000000
S13396,250173504001,1.000000000000000
S13398,250173504001,1.000000000000000
S13400,250173504001,1.000000000000000
S13403,250173504001,1.000000000000000
S13396,250173504002,1.000000000000000
S13398,250173504002,1.000000000000000
S13400,250173504002,1.000000000000000
S13403,250173504002,1.000000000000000
S13396,250173504003,1.000000000000000
S13398,250173504003,1.000000000000000
S13400,250173504003,1.000000000000000
S13403,250173504003,1.000000000000000
S13396,250173504004,1.000000000000000
S13398,250173504004,1.000000000000000
S13400,250173504004,1.000000000000000
S13403,250173504004,1.000000000000000
S13396,250173504005,1.000000000000000
S13398,250173504005,1.000000000000000
S13400,250173504005,1.000000000000000
S13403,250173504005,1.000000000000000
S13396,250173505001,1.000000000000000
S13398,250173505001,1.000000000000000
S13400,250173505001,1.000000000000000
S13403,250173505001,1.000000000000000
S13396,250173505002,1.000000000000000
S13398,250173505002,1.000000000000000
S13400,250173505002,1.000000000000000
S13403,250173505002,1.000000000000000
S13396,250173506001,1.000000000000000
S13398,250173506001,1.000000000000000
S13400,250173506001,1.000000000000000
S13403,250173506001,1.000000000000000
S13396,250173506002,1.000000000000000
S13398,250173506002,1.000000000000000
S13400,250173506002,1.000000000000000
S13403,250173506002,1.000000000000000
S13396,250173506003,1.000000000000000
S13398,250173506003,1.000000000000000
S13400,250173506003,1.000000000000000
S13403,250173506003,1.000000000000000
S13396,250173506004,1.000000000000000
S13398,250173506004,1.000000000000000
S13400,250173506004,1.000000000000000
S13403,250173506004,1.000000000000000
S13396,250173392001,1.000000000000000
S13398,250173392001,1.000000000000000
S13400,250173392001,1.000000000000000
S13403,250173392001,1.000000000000000
S13396,250250005024,1.000000000000000
S13398,250250005024,1.000000000000000
S13400,250250005024,1.000000000000000
S13403,250250005024,1.000000000000000
S13396,250250005031,1.000000000000000
S13398,250250005031,1.000000000000000
S13400,250250005031,1.000000000000000
S13403,250250005031,1.000000000000000
S13396,250173507011,1.000000000000000
S13398,250173507011,1.000000000000000
S13400,250173507011,1.000000000000000
S13403,250173507011,1.000000000000000
S13396,250173507012,1.000000000000000
S13398,250173507012,1.000000000000000
S13400,250173507012,1.000000000000000
S13403,250173507012,1.000000000000000
S13396,250173507013,1.000000000000000
S13398,250173507013,1.000000000000000
S13400,250173507013,1.000000000000000
S13403,250173507013,1.000000000000000
S13396,250173507021,1.000000000000000
S13398,250173507021,1.000000000000000
S13400,250173507021,1.000000000000000
S13403,250173507021,1.000000000000000
S13396,250173507022,1.000000000000000
S13398,250173507022,1.000000000000000
S13400,250173507022,1.000000000000000
S13403,250173507022,1.000000000000000
S13396,250173507023,1.000000000000000
S13398,250173507023,1.000000000000000
S13400,250173507023,1.000000000000000
S13403,250173507023,1.000000000000000
S13396,250173508001,1.000000000000000
S13398,250173508001,1.000000000000000
S13400,250173508001,1.000000000000000
S13403,250173508001,1.000000000000000
S13396,250173508002,1.000000000000000
S13398,250173508002,1.000000000000000
S13400,250173508002,1.000000000000000
S13403,250173508002,1.000000000000000
S13396,250173509001,1.000000000000000
S13398,250173509001,1.000000000000000
S13400,250173509001,1.000000000000000
S13403,250173509001,1.000000000000000
S13396,250173509002,1.000000000000000
S13398,250173509002,1.000000000000000
S13400,250173509002,1.000000000000000
S13403,250173509002,1.000000000000000
S13396,250173509003,1.000000000000000
S13398,250173509003,1.000000000000000
S13400,250173509003,1.000000000000000
S13403,250173509003,1.000000000000000
S13396,250173391021,1.000000000000000
S13398,250173391021,1.000000000000000
S13400,250173391021,1.000000000000000
S13403,250173391021,1.000000000000000
S13396,250173391022,1.000000000000000
S13398,250173391022,1.000000000000000
S13400,250173391022,1.000000000000000
S13403,250173391022,1.000000000000000
S13396,250173391023,1.000000000000000
S13398,250173391023,1.000000000000000
S13400,250173391023,1.000000000000000
S13403,250173391023,1.000000000000000
S13396,250173392002,1.000000000000000
S13398,250173392002,1.000000000000000
S13400,250173392002,1.000000000000000
S13403,250173392002,1.000000000000000
S13396,250173392003,1.000000000000000
S13398,250173392003,1.000000000000000
S13400,250173392003,1.000000000000000
S13403,250173392003,1.000000000000000
S13396,250173392004,1.000000000000000
S13398,250173392004,1.000000000000000
S13400,250173392004,1.000000000000000
S13403,250173392004,1.000000000000000
S13396,250173392005,1.000000000000000
S13398,250173392005,1.000000000000000
S13400,250173392005,1.000000000000000
S13403,250173392005,1.000000000000000
S13396,250173392006,1.000000000000000
S13398,250173392006,1.000000000000000
S13400,250173392006,1.000000000000000
S13403,250173392006,1.000000000000000
S13396,250173393001,1.000000000000000
S13398,250173393001,1.000000000000000
S13400,250173393001,1.000000000000000
S13403,250173393001,1.000000000000000
S13396,250173393002,1.000000000000000
S13398,250173393002,1.000000000000000
S13400,250173393002,1.000000000000000
S13403,250173393002,1.000000000000000
S13396,250173393003,1.000000000000000
S13398,250173393003,1.000000000000000
S13400,250173393003,1.000000000000000
S13403,250173393003,1.000000000000000
S13396,250173394001,1.000000000000000
S13398,250173394001,1.000000000000000
S13400,250173394001,1.000000000000000
S13403,250173394001,1.000000000000000
S13396,250173394002,1.000000000000000
S13398,250173394002,1.000000000000000
S13400,250173394002,1.000000000000000
S13403,250173394002,1.000000000000000
S13396,250173394003,1.000000000000000
S13398,250173394003,1.000000000000000
S13400,250173394003,1.000000000000000
S13403,250173394003,1.000000000000000
S13396,250173394004,1.000000000000000
S13398,250173394004,1.000000000000000
S13400,250173394004,1.000000000000000
S13403,250173394004,1.000000000000000
S13396,250173395001,1.000000000000000
S13398,250173395001,1.000000000000000
S13400,250173395001,1.000000000000000
S13403,250173395001,1.000000000000000
S13396,250173395002,1.000000000000000
S13398,250173395002,1.000000000000000
S13400,250173395002,1.000000000000000
S13403,250173395002,1.000000000000000
S13396,250173395003,1.000000000000000
S13398,250173395003,1.000000000000000
S13400,250173395003,1.000000000000000
S13403,250173395003,1.000000000000000
S13396,250173395004,1.000000000000000
S13398,250173395004,1.000000000000000
S13400,250173395004,1.000000000000000
S13403,250173395004,1.000000000000000
S13396,250173396001,1.000000000000000
S13398,250173396001,1.000000000000000
S13400,250173396001,1.000000000000000
S13403,250173396001,1.000000000000000
S13396,250173396002,1.000000000000000
S13398,250173396002,1.000000000000000
S13400,250173396002,1.000000000000000
S13403,250173396002,1.000000000000000
S13396,250173396003,1.000000000000000
S13398,250173396003,1.000000000000000
S13400,250173396003,1.000000000000000
S13403,250173396003,1.000000000000000
S13396,250173396004,1.000000000000000
S13398,250173396004,1.000000000000000
S13400,250173396004,1.000000000000000
S13403,250173396004,1.000000000000000
S13396,250173396005,1.000000000000000
S13398,250173396005,1.000000000000000
S13400,250173396005,1.000000000000000
S13403,250173396005,1.000000000000000
S13396,250173396006,1.000000000000000
S13398,250173396006,1.000000000000000
S13400,250173396006,1.000000000000000
S13403,250173396006,1.000000000000000
S13396,250173397001,0.992888543291379
S13398,250173397001,0.992278005977163
S13400,250173397001,0.992278005977163
S13403,250173397001,0.992278005977163
S13396,250173397002,1.000000000000000
S13398,250173397002,1.000000000000000
S13400,250173397002,1.000000000000000
S13403,250173397002,1.000000000000000
S13396,250173397003,1.000000000000000
S13398,250173397003,1.000000000000000
S13400,250173397003,1.000000000000000
S13403,250173397003,1.000000000000000
S13396,250173397004,1.000000000000000
S13398,250173397004,1.000000000000000
S13400,250173397004,1.000000000000000
S13403,250173397004,1.000000000000000
S13396,250173398021,1.000000000000000
S13398,250173398021,1.000000000000000
S13400,250173398021,1.000000000000000
S13403,250173398021,1.000000000000000
S13396,250173398022,1.000000000000000
S13398,250173398022,1.000000000000000
S13400,250173398022,1.000000000000000
S13403,250173398022,1.000000000000000
S13396,250173398023,1.000000000000000
S13398,250173398023,1.000000000000000
S13400,250173398023,1.000000000000000
S13403,250173398023,1.000000000000000
S13396,250173398024,0.988278802430316
S13398,250173398024,0.987972200268621
S13400,250173398024,0.987972200268621
S13403,250173398024,0.987972200268621
S13396,250250004012,1.000000000000000
S13398,250250004012,1.000000000000000
S13400,250250004012,1.000000000000000
S13403,250250004012,1.000000000000000
S13396,250250003021,1.000000000000000
S13398,250250003021,1.000000000000000
S13400,250250003021,1.000000000000000
S13403,250250003021,1.000000000000000
S13396,250250003022,1.000000000000000
S13398,250250003022,1.000000000000000
S13400,250250003022,1.000000000000000
S13403,250250003022,1.000000000000000
S13396,250250004011,1.000000000000000
S13398,250250004011,1.000000000000000
S13400,250250004011,1.000000000000000
S13403,250250004011,1.000000000000000
S13396,250250004013,1.000000000000000
S13398,250250004013,1.000000000000000
S13400,250250004013,1.000000000000000
S13403,250250004013,1.000000000000000
S13396,250250004014,1.000000000000000
S13398,250250004014,1.000000000000000
S13400,250250004014,1.000000000000000
S13403,250250004014,1.000000000000000
S13396,250250004021,1.000000000000000
S13398,250250004021,1.000000000000000
S13400,250250004021,1.000000000000000
S13403,250250004021,1.000000000000000
S13396,250250004022,1.000000000000000
S13398,250250004022,1.000000000000000
S13400,250250004022,1.000000000000000
S13403,250250004022,1.000000000000000
S13396,250250004023,1.000000000000000
S13398,250250004023,1.000000000000000
S13400,250250004023,1.000000000000000
S13403,250250004023,1.000000000000000
S13396,250250005021,1.000000000000000
S13398,250250005021,1.000000000000000
S13400,250250005021,1.000000000000000
S13403,250250005021,1.000000000000000
S13396,250250005022,1.000000000000000
S13398,250250005022,1.000000000000000
S13400,250250005022,1.000000000000000
S13403,250250005022,1.000000000000000
S13396,250250005023,1.000000000000000
S13398,250250005023,1.000000000000000
S13400,250250005023,1.000000000000000
S13403,250250005023,1.000000000000000
S13396,250214061024,0.999793362570577
S13397,250214061024,0.000175545644871
S13398,250214061024,0.999999977887748
S13400,250214061024,0.999999977887748
S13403,250214061024,0.999999977887748
S13390,250214071011,0.000011998053073
S13391,250214071011,0.000011998053073
S13392,250214071011,0.000011998053073
S13398,250214071011,1.000000000271385
S13400,250214071011,1.000000000271385
S13403,250214071011,1.000000000271385
S13398,250214071012,1.000000000000000
S13400,250214071012,1.000000000000000
S13403,250214071012,1.000000000000000
S13398,250214071013,1.000000000000000
S13400,250214071013,1.000000000000000
S13403,250214071013,1.000000000000000
S13396,250214071021,0.000013127903724
S13397,250214071021,0.000005927012111
S13398,250214071021,1.000000002606138
S13400,250214071021,1.000000002606138
S13403,250214071021,1.000000002606138
S13396,250214071022,0.000126826426688
S13397,250214071022,0.000126826426688
S13398,250214071022,1.000000001076769
S13400,250214071022,1.000000001076769
S13403,250214071022,1.000000001076769
S13397,250214081021,0.006001374754724
S13398,250214081021,1.000000003193041
S13400,250214081021,1.000000003193041
S13403,250214081021,1.000000003193041
S13398,250214081022,1.000000000000000
S13400,250214081022,1.000000000000000
S13403,250214081022,1.000000000000000
S13398,250214081023,1.000000000000000
S13400,250214081023,1.000000000000000
S13403,250214081023,1.000000000000000
S13398,250214081024,1.000000000000000
S13400,250214081024,1.000000000000000
S13403,250214081024,1.000000000000000
S13390,250214081031,0.000059830388491
S13391,250214081031,0.000059830388491
S13392,250214081031,0.000059830388491
S13398,250214081031,0.999940367320792
S13400,250214081031,0.999940367320792
S13403,250214081031,0.999940367320792
S13390,250214081032,0.000099298576671
S13391,250214081032,0.000099298576671
S13392,250214081032,0.000099298576671
S13398,250214081032,0.999932742943051
S13400,250214081032,0.999932742943051
S13403,250214081032,0.999932742943051
S13398,250214081041,1.000000000000000
S13400,250214081041,1.000000000000000
S13403,250214081041,1.000000000000000
S13390,250214081042,0.000034827689828
S13391,250214081042,0.000034827689828
S13392,250214081042,0.000034827689828
S13398,250214081042,0.999999976611854
S13400,250214081042,0.999999976611854
S13403,250214081042,0.999999976611854
S13390,250214081043,0.000009663049860
S13391,250214081043,0.000009663049860
S13392,250214081043,0.000009663049860
S13398,250214081043,1.000000000048770
S13400,250214081043,1.000000000048770
S13403,250214081043,1.000000000048770
S13396,250214091011,1.000000000000000
S13397,250214091011,1.000000000000000
S13398,250214091011,1.000000000000000
S13400,250214091011,1.000000000000000
S13403,250214091011,1.000000000000000
S13396,250214091012,0.999809810052119
S13397,250214091012,0.999809810052119
S13398,250214091012,1.000000000724942
S13400,250214091012,1.000000000724942
S13403,250214091012,1.000000000724942
S13396,250214091013,1.000000000000000
S13397,250214091013,1.000000000000000
S13398,250214091013,1.000000000000000
S13400,250214091013,1.000000000000000
S13403,250214091013,1.000000000000000
S13396,250214091014,1.000000000000000
S13397,250214091014,1.000000000000000
S13398,250214091014,1.000000000000000
S13400,250214091014,1.000000000000000
S13403,250214091014,1.000000000000000
S13396,250214091021,0.999707150987297
S13397,250214091021,0.999890631560444
S13398,250214091021,0.999999996157383
S13400,250214091021,0.999999996157383
S13403,250214091021,0.999999996157383
S13396,250214091022,0.999747838126052
S13397,250214091022,0.999750765019934
S13398,250214091022,1.000000000604452
S13400,250214091022,1.000000000604452
S13403,250214091022,1.000000000604452
S13398,250214101001,1.000000000000000
S13400,250214101001,1.000000000000000
S13403,250214101001,1.000000000000000
S13398,250214101002,1.000000000000000
S13400,250214101002,1.000000000000000
S13403,250214101002,1.000000000000000
S13398,250214101003,0.999999931673272
S13400,250214101003,0.999999931673272
S13403,250214101003,0.999999931673272
S13398,250214101004,1.000000000000000
S13400,250214101004,1.000000000000000
S13403,250214101004,1.000000000000000
S13398,250214101005,1.000000000000000
S13400,250214101005,1.000000000000000
S13403,250214101005,1.000000000000000
S13396,250250005032,1.000000000000000
S13398,250250005032,1.000000000000000
S13400,250250005032,1.000000000000000
S13403,250250005032,1.000000000000000
S13396,250250005051,1.000000000000000
S13398,250250005051,1.000000000000000
S13400,250250005051,1.000000000000000
S13403,250250005051,1.000000000000000
S13396,250250005052,1.000000000000000
S13398,250250005052,1.000000000000000
S13400,250250005052,1.000000000000000
S13403,250250005052,1.000000000000000
S13396,250250005053,1.000000000000000
S13398,250250005053,1.000000000000000
S13400,250250005053,1.000000000000000
S13403,250250005053,1.000000000000000
S13396,250250005061,1.000000000000000
S13398,250250005061,1.000000000000000
S13400,250250005061,1.000000000000000
S13403,250250005061,1.000000000000000
S13396,250250005062,1.000000000000000
S13398,250250005062,1.000000000000000
S13400,250250005062,1.000000000000000
S13403,250250005062,1.000000000000000
S13396,250250006011,1.000000000000000
S13398,250250006011,1.000000000000000
S13400,250250006011,1.000000000000000
S13403,250250006011,1.000000000000000
S13396,250250006012,1.000000000000000
S13398,250250006012,1.000000000000000
S13400,250250006012,1.000000000000000
S13403,250250006012,1.000000000000000
S13396,250250006013,1.000000000000000
S13398,250250006013,1.000000000000000
S13400,250250006013,1.000000000000000
S13403,250250006013,1.000000000000000
S13396,250250006014,1.000000000000000
S13398,250250006014,1.000000000000000
S13400,250250006014,1.000000000000000
S13403,250250006014,1.000000000000000
S13396,250250006031,1.000000000000000
S13398,250250006031,1.000000000000000
S13400,250250006031,1.000000000000000
S13403,250250006031,1.000000000000000
S13396,250250006041,1.000000000000000
S13398,250250006041,1.000000000000000
S13400,250250006041,1.000000000000000
S13403,250250006041,1.000000000000000
S13396,250250006042,1.000000000000000
S13398,250250006042,1.000000000000000
S13400,250250006042,1.000000000000000
S13403,250250006042,1.000000000000000
S13396,250250007011,1.000000000000000
S13398,250250007011,1.000000000000000
S13400,250250007011,1.000000000000000
S13403,250250007011,1.000000000000000
S13396,250250007012,1.000000000000000
S13398,250250007012,1.000000000000000
S13400,250250007012,1.000000000000000
S13403,250250007012,1.000000000000000
S13396,250250007013,1.000000000000000
S13398,250250007013,1.000000000000000
S13400,250250007013,1.000000000000000
S13403,250250007013,1.000000000000000
S13396,250250007014,1.000000000000000
S13398,250250007014,1.000000000000000
S13400,250250007014,1.000000000000000
S13403,250250007014,1.000000000000000
S13396,250250918001,1.000000000000000
S13398,250250918001,1.000000000000000
S13400,250250918001,1.000000000000000
S13403,250250918001,1.000000000000000
S13396,250250918002,1.000000000000000
S13398,250250918002,1.000000000000000
S13400,250250918002,1.000000000000000
S13403,250250918002,1.000000000000000
S13396,250250918003,1.000000000000000
S13398,250250918003,1.000000000000000
S13400,250250918003,1.000000000000000
S13403,250250918003,1.000000000000000
S13396,250250919001,1.000000000000000
S13398,250250919001,1.000000000000000
S13400,250250919001,1.000000000000000
S13403,250250919001,1.000000000000000
S13396,250250919002,1.000000000000000
S13398,250250919002,1.000000000000000
S13400,250250919002,1.000000000000000
S13403,250250919002,1.000000000000000
S13396,250250919003,1.000000000000000
S13398,250250919003,1.000000000000000
S13400,250250919003,1.000000000000000
S13403,250250919003,1.000000000000000
S13396,250250919004,1.000000000000000
S13398,250250919004,1.000000000000000
S13400,250250919004,1.000000000000000
S13403,250250919004,1.000000000000000
S13396,250250920001,1.000000000000000
S13398,250250920001,1.000000000000000
S13400,250250920001,1.000000000000000
S13403,250250920001,1.000000000000000
S13396,250250920002,1.000000000000000
S13398,250250920002,1.000000000000000
S13400,250250920002,1.000000000000000
S13403,250250920002,1.000000000000000
S13396,250250920003,1.000000000000000
S13398,250250920003,1.000000000000000
S13400,250250920003,1.000000000000000
S13403,250250920003,1.000000000000000
S13396,250250920004,1.000000000000000
S13398,250250920004,1.000000000000000
S13400,250250920004,1.000000000000000
S13403,250250920004,1.000000000000000
S13396,250250921011,1.000000000000000
S13398,250250921011,1.000000000000000
S13400,250250921011,1.000000000000000
S13403,250250921011,1.000000000000000
S13396,250250921012,1.000000000000000
S13398,250250921012,1.000000000000000
S13400,250250921012,1.000000000000000
S13403,250250921012,1.000000000000000
S13396,250250921013,0.973019434988716
S13398,250250921013,0.973038947107444
S13400,250250921013,0.973038947107444
S13403,250250921013,0.973038947107444
S13396,250250921014,1.000000000000000
S13398,250250921014,1.000000000000000
S13400,250250921014,1.000000000000000
S13403,250250921014,1.000000000000000
S13396,250250921015,1.000000000000000
S13398,250250921015,1.000000000000000
S13400,250250921015,1.000000000000000
S13403,250250921015,1.000000000000000
S13396,250250922001,1.000000000000000
S13398,250250922001,1.000000000000000
S13400,250250922001,1.000000000000000
S13403,250250922001,1.000000000000000
S13396,250250922002,1.000000000000000
S13398,250250922002,1.000000000000000
S13400,250250922002,1.000000000000000
S13403,250250922002,1.000000000000000
S13396,250251203014,1.000000000000000
S13398,250251203014,1.000000000000000
S13400,250251203014,1.000000000000000
S13403,250251203014,1.000000000000000
S13396,250251203011,1.000000000000000
S13398,250251203011,1.000000000000000
S13400,250251203011,1.000000000000000
S13403,250251203011,1.000000000000000
S13396,250251203012,1.000000000000000
S13398,250251203012,1.000000000000000
S13400,250251203012,1.000000000000000
S13403,250251203012,1.000000000000000
S13396,250251203013,1.000000000000000
S13398,250251203013,1.000000000000000
S13400,250251203013,1.000000000000000
S13403,250251203013,1.000000000000000
S13396,250251204001,1.000000000000000
S13398,250251204001,1.000000000000000
S13400,250251204001,1.000000000000000
S13403,250251204001,1.000000000000000
S13396,250251204002,1.000000000000000
S13398,250251204002,1.000000000000000
S13400,250251204002,1.000000000000000
S13403,250251204002,1.000000000000000
S13396,250251204003,1.000000000000000
S13398,250251204003,1.000000000000000
S13400,250251204003,1.000000000000000
S13403,250251204003,1.000000000000000
S13396,250251204004,1.000000000000000
S13398,250251204004,1.000000000000000
S13400,250251204004,1.000000000000000
S13403,250251204004,1.000000000000000
S13398,250214101006,0.999999261714484
S13400,250214101006,0.999999261714484
S13403,250214101006,0.999999261714484
S13398,250214103001,1.000000000000000
S13400,250214103001,1.000000000000000
S13403,250214103001,1.000000000000000
S13398,250214103002,1.000000000000000
S13400,250214103002,1.000000000000000
S13403,250214103002,1.000000000000000
S13398,250214103003,1.000000000000000
S13400,250214103003,1.000000000000000
S13403,250214103003,1.000000000000000
S13396,250250911004,1.000000000000000
S13398,250250911004,1.000000000000000
S13400,250250911004,1.000000000000000
S13403,250250911004,1.000000000000000
S13396,250250911001,1.000000000000000
S13398,250250911001,1.000000000000000
S13400,250250911001,1.000000000000000
S13403,250250911001,1.000000000000000
S13396,250250911002,1.000000000000000
S13398,250250911002,1.000000000000000
S13400,250250911002,1.000000000000000
S13403,250250911002,1.000000000000000
S13396,250250911003,1.000000000000000
S13398,250250911003,1.000000000000000
S13400,250250911003,1.000000000000000
S13403,250250911003,1.000000000000000
S13396,250250911005,1.000000000000000
S13398,250250911005,1.000000000000000
S13400,250250911005,1.000000000000000
S13403,250250911005,1.000000000000000
S13396,250250912001,1.000000000000000
S13398,250250912001,1.000000000000000
S13400,250250912001,1.000000000000000
S13403,250250912001,1.000000000000000
S13396,250250912002,1.000000000000000
S13398,250250912002,1.000000000000000
S13400,250250912002,1.000000000000000
S13403,250250912002,1.000000000000000
S13396,250250912003,1.000000000000000
S13398,250250912003,1.000000000000000
S13400,250250912003,1.000000000000000
S13403,250250912003,1.000000000000000
S13396,250250913001,1.000000000000000
S13398,250250913001,1.000000000000000
S13400,250250913001,1.000000000000000
S13403,250250913001,1.000000000000000
S13396,250250913002,1.000000000000000
S13398,250250913002,1.000000000000000
S13400,250250913002,1.000000000000000
S13403,250250913002,1.000000000000000
S13396,250250914001,1.000000000000000
S13398,250250914001,1.000000000000000
S13400,250250914001,1.000000000000000
S13403,250250914001,1.000000000000000
S13396,250250914002,1.000000000000000
S13398,250250914002,1.000000000000000
S13400,250250914002,1.000000000000000
S13403,250250914002,1.000000000000000
S13396,250250915001,1.000000000000000
S13398,250250915001,1.000000000000000
S13400,250250915001,1.000000000000000
S13403,250250915001,1.000000000000000
S13396,250250915002,1.000000000000000
S13398,250250915002,1.000000000000000
S13400,250250915002,1.000000000000000
S13403,250250915002,1.000000000000000
S13396,250250915003,1.000000000000000
S13398,250250915003,1.000000000000000
S13400,250250915003,1.000000000000000
S13403,250250915003,1.000000000000000
S13396,250250916001,1.000000000000000
S13398,250250916001,1.000000000000000
S13400,250250916001,1.000000000000000
S13403,250250916001,1.000000000000000
S13396,250250916002,1.000000000000000
S13398,250250916002,1.000000000000000
S13400,250250916002,1.000000000000000
S13403,250250916002,1.000000000000000
S13396,250250916003,1.000000000000000
S13398,250250916003,1.000000000000000
S13400,250250916003,1.000000000000000
S13403,250250916003,1.000000000000000
S13396,250250917001,1.000000000000000
S13398,250250917001,1.000000000000000
S13400,250250917001,1.000000000000000
S13403,250250917001,1.000000000000000
S13396,250250917002,1.000000000000000
S13398,250250917002,1.000000000000000
S13400,250250917002,1.000000000000000
S13403,250250917002,1.000000000000000
S13396,250250917003,1.000000000000000
S13398,250250917003,1.000000000000000
S13400,250250917003,1.000000000000000
S13403,250250917003,1.000000000000000
S13396,250251204005,1.000000000000000
S13398,250251204005,1.000000000000000
S13400,250251204005,1.000000000000000
S13403,250251204005,1.000000000000000
S13396,250251205001,1.000000000000000
S13398,250251205001,1.000000000000000
S13400,250251205001,1.000000000000000
S13403,250251205001,1.000000000000000
S13396,250251205002,1.000000000000000
S13398,250251205002,1.000000000000000
S13400,250251205002,1.000000000000000
S13403,250251205002,1.000000000000000
S13396,250251205003,1.000000000000000
S13398,250251205003,1.000000000000000
S13400,250251205003,1.000000000000000
S13403,250251205003,1.000000000000000
S13396,250251206001,1.000000000000000
S13398,250251206001,1.000000000000000
S13400,250251206001,1.000000000000000
S13403,250251206001,1.000000000000000
S13396,250251206002,1.000000000000000
S13398,250251206002,1.000000000000000
S13400,250251206002,1.000000000000000
S13403,250251206002,1.000000000000000
S13396,250251206003,1.000000000000000
S13398,250251206003,1.000000000000000
S13400,250251206003,1.000000000000000
S13403,250251206003,1.000000000000000
S13396,250251207001,1.000000000000000
S13398,250251207001,1.000000000000000
S13400,250251207001,1.000000000000000
S13403,250251207001,1.000000000000000
S13396,250251207002,1.000000000000000
S13398,250251207002,1.000000000000000
S13400,250251207002,1.000000000000000
S13403,250251207002,1.000000000000000
S13396,250251301011,1.000000000000000
S13398,250251301011,1.000000000000000
S13400,250251301011,1.000000000000000
S13403,250251301011,1.000000000000000
S13396,250251301012,1.000000000000000
S13398,250251301012,1.000000000000000
S13400,250251301012,1.000000000000000
S13403,250251301012,1.000000000000000
S13396,250251301013,1.000000000000000
S13398,250251301013,1.000000000000000
S13400,250251301013,1.000000000000000
S13403,250251301013,1.000000000000000
S13396,250251301014,1.000000000000000
S13398,250251301014,1.000000000000000
S13400,250251301014,1.000000000000000
S13403,250251301014,1.000000000000000
S13396,250251301015,1.000000000000000
S13398,250251301015,1.000000000000000
S13400,250251301015,1.000000000000000
S13403,250251301015,1.000000000000000
S13396,250251301016,1.000000000000000
S13398,250251301016,1.000000000000000
S13400,250251301016,1.000000000000000
S13403,250251301016,1.000000000000000
S13396,250251302001,1.000000000000000
S13398,250251302001,1.000000000000000
S13400,250251302001,1.000000000000000
S13403,250251302001,1.000000000000000
S13396,250251302002,1.000000000000000
S13398,250251302002,1.000000000000000
S13400,250251302002,1.000000000000000
S13403,250251302002,1.000000000000000
S13396,250251302003,1.000000000000000
S13398,250251302003,1.000000000000000
S13400,250251302003,1.000000000000000
S13403,250251302003,1.000000000000000
S13396,250251302004,1.000000000000000
S13398,250251302004,1.000000000000000
S13400,250251302004,1.000000000000000
S13403,250251302004,1.000000000000000
S13396,250251302005,1.000000000000000
S13398,250251302005,1.000000000000000
S13400,250251302005,1.000000000000000
S13403,250251302005,1.000000000000000
S13396,250251303001,1.000000000000000
S13398,250251303001,1.000000000000000
S13400,250251303001,1.000000000000000
S13403,250251303001,1.000000000000000
S13396,250251303002,1.000000000000000
S13398,250251303002,1.000000000000000
S13400,250251303002,1.000000000000000
S13403,250251303002,1.000000000000000
S13396,250251303003,1.000000000000000
S13398,250251303003,1.000000000000000
S13400,250251303003,1.000000000000000
S13403,250251303003,1.000000000000000
S13396,250251303004,1.000000000000000
S13398,250251303004,1.000000000000000
S13400,250251303004,1.000000000000000
S13403,250251303004,1.000000000000000
S13396,250250203021,1.000000000000000
S13398,250250203021,1.000000000000000
S13400,250250203021,1.000000000000000
S13403,250250203021,1.000000000000000
S13396,250250202003,1.000000000000000
S13398,250250202003,1.000000000000000
S13400,250250202003,1.000000000000000
S13403,250250202003,1.000000000000000
S13396,250250203011,1.000000000000000
S13398,250250203011,1.000000000000000
S13400,250250203011,1.000000000000000
S13403,250250203011,1.000000000000000
S13396,250250203041,1.000000000000000
S13398,250250203041,1.000000000000000
S13400,250250203041,1.000000000000000
S13403,250250203041,1.000000000000000
S13396,250250203042,1.000000000000000
S13398,250250203042,1.000000000000000
S13400,250250203042,1.000000000000000
S13403,250250203042,1.000000000000000
S13396,250250203051,0.980666242890225
S13398,250250203051,0.980000543035428
S13400,250250203051,0.980000543035428
S13403,250250203051,0.980000543035428
S13396,250250203052,1.000000000000000
S13398,250250203052,1.000000000000000
S13400,250250203052,1.000000000000000
S13403,250250203052,1.000000000000000
S13396,250250301001,1.000000000000000
S13398,250250301001,1.000000000000000
S13400,250250301001,1.000000000000000
S13403,250250301001,1.000000000000000
S13396,250250301002,1.000000000000000
S13398,250250301002,1.000000000000000
S13400,250250301002,1.000000000000000
S13403,250250301002,1.000000000000000
S13396,250250302001,1.000000000000000
S13398,250250302001,1.000000000000000
S13400,250250302001,1.000000000000000
S13403,250250302001,1.000000000000000
S13396,250250302002,1.000000000000000
S13398,250250302002,1.000000000000000
S13400,250250302002,1.000000000000000
S13403,250250302002,1.000000000000000
S13396,250250303011,0.869883029549061
S13398,250250303011,0.872045793771749
S13400,250250303011,0.872045793771749
S13403,250250303011,0.872045793771749
S13396,250251304023,1.000000000000000
S13398,250251304023,1.000000000000000
S13400,250251304023,1.000000000000000
S13403,250251304023,1.000000000000000
S13396,250251303005,1.000000000000000
S13398,250251303005,1.000000000000000
S13400,250251303005,1.000000000000000
S13403,250251303005,1.000000000000000
S13396,250251304021,1.000000000000000
S13398,250251304021,1.000000000000000
S13400,250251304021,1.000000000000000
S13403,250251304021,1.000000000000000
S13396,250251304022,1.000000000000000
S13398,250251304022,1.000000000000000
S13400,250251304022,1.000000000000000
S13403,250251304022,1.000000000000000
S13396,250251304024,1.000000000000000
S13398,250251304024,1.000000000000000
S13400,250251304024,1.000000000000000
S13403,250251304024,1.000000000000000
S13396,250251304041,1.000000000000000
S13398,250251304041,1.000000000000000
S13400,250251304041,1.000000000000000
S13403,250251304041,1.000000000000000
S13396,250251304042,1.000000000000000
S13398,250251304042,1.000000000000000
S13400,250251304042,1.000000000000000
S13403,250251304042,1.000000000000000
S13396,250251304061,1.000000000000000
S13398,250251304061,1.000000000000000
S13400,250251304061,1.000000000000000
S13403,250251304061,1.000000000000000
S13396,250251304062,1.000000000000000
S13398,250251304062,1.000000000000000
S13400,250251304062,1.000000000000000
S13403,250251304062,1.000000000000000
S13396,250251304063,1.000000000000000
S13398,250251304063,1.000000000000000
S13400,250251304063,1.000000000000000
S13403,250251304063,1.000000000000000
S13396,250251401021,1.000000000000000
S13398,250251401021,1.000000000000000
S13400,250251401021,1.000000000000000
S13403,250251401021,1.000000000000000
S13396,250251401022,0.956108632494352
S13398,250251401022,0.959482106620711
S13400,250251401022,0.959482106620711
S13403,250251401022,0.959482106620711
S13396,250251401023,1.000000000000000
S13398,250251401023,1.000000000000000
S13400,250251401023,1.000000000000000
S13403,250251401023,1.000000000000000
S13396,250251401024,0.997976804414725
S13398,250251401024,0.998090581974754
S13400,250251401024,0.998090581974754
S13403,250251401024,0.998090581974754
S13396,250251401051,1.000000000000000
S13398,250251401051,1.000000000000000
S13400,250251401051,1.000000000000000
S13403,250251401051,1.000000000000000
S13396,250251401052,1.000000000000000
S13398,250251401052,1.000000000000000
S13400,250251401052,1.000000000000000
S13403,250251401052,1.000000000000000
S13396,250251401061,1.000000000000000
S13398,250251401061,1.000000000000000
S13400,250251401061,1.000000000000000
S13403,250251401061,1.000000000000000
S13396,250251401062,1.000000000000000
S13398,250251401062,1.000000000000000
S13400,250251401062,1.000000000000000
S13403,250251401062,1.000000000000000
S13396,250251401071,1.000000000000000
S13398,250251401071,1.000000000000000
S13400,250251401071,1.000000000000000
S13403,250251401071,1.000000000000000
S13396,250251401072,1.000000000000000
S13398,250251401072,1.000000000000000
S13400,250251401072,1.000000000000000
S13403,250251401072,1.000000000000000
S13395,250251402011,0.007399363886957
S13396,250251402011,0.999655245069798
S13398,250251402011,0.999550165518745
S13400,250251402011,0.999550165518745
S13403,250251402011,0.999550165518745
S13395,250251402012,0.000000024780917
S13396,250251402012,0.999999998273308
S13398,250251402012,0.999999998273308
S13400,250251402012,0.999999998273308
S13403,250251402012,0.999999998273308
S13396,250251402021,1.000000000000000
S13398,250251402021,1.000000000000000
S13400,250251402021,1.000000000000000
S13403,250251402021,1.000000000000000
S13395,250251402022,0.000377969435787
S13396,250251402022,0.999999904518242
S13398,250251402022,0.999999904518242
S13400,250251402022,0.999999904518242
S13403,250251402022,0.999999904518242
S13395,250251402023,0.000053677176930
S13396,250251402023,0.993332683986174
S13398,250251402023,0.991099691540621
S13400,250251402023,0.991099691540621
S13403,250251402023,0.991099691540621
S13395,250251402024,0.000225138228110
S13396,250251402024,0.995258384348708
S13398,250251402024,0.992888062488173
S13400,250251402024,0.992888062488173
S13403,250251402024,0.992888062488173
S13395,250251402025,0.000173366393396
S13396,250251402025,1.000000342318044
S13398,250251402025,1.000000342318044
S13400,250251402025,1.000000342318044
S13403,250251402025,1.000000342318044
S13396,250251403001,0.998229567114864
S13398,250251403001,0.998458505560936
S13400,250251403001,0.998458505560936
S13403,250251403001,0.998458505560936
S13396,250251403002,1.000000000000000
S13398,250251403002,1.000000000000000
S13400,250251403002,1.000000000000000
S13403,250251403002,1.000000000000000
S13396,250251403003,0.947284085947528
S13398,250251403003,0.949525967038862
S13400,250251403003,0.949525967038862
S13403,250251403003,0.949525967038862
S13396,250251403004,1.000000000000000
S13398,250251403004,1.000000000000000
S13400,250251403004,1.000000000000000
S13403,250251403004,1.000000000000000
S13396,250251403005,1.000000000000000
S13398,250251403005,1.000000000000000
S13400,250251403005,1.000000000000000
S13403,250251403005,1.000000000000000
S13396,250251403006,1.000000000000000
S13398,250251403006,1.000000000000000
S13400,250251403006,1.000000000000000
S13403,250251403006,1.000000000000000
S13396,250251404001,1.000000000000000
S13398,250251404001,1.000000000000000
S13400,250251404001,1.000000000000000
S13403,250251404001,1.000000000000000
S13396,250251404002,1.000000000000000
S13398,250251404002,1.000000000000000
S13400,250251404002,1.000000000000000
S13403,250251404002,1.000000000000000
S13396,250251404003,0.996024423583145
S13398,250251404003,0.997388062043163
S13400,250251404003,0.997388062043163
S13403,250251404003,0.997388062043163
S13396,250251404004,1.000000000000000
S13398,250251404004,1.000000000000000
S13400,250251404004,1.000000000000000
S13403,250251404004,1.000000000000000
S13396,250250103002,1.000000000000000
S13398,250250103002,1.000000000000000
S13400,250250103002,1.000000000000000
S13403,250250103002,1.000000000000000
S13396,250250102061,1.000000000000000
S13398,250250102061,1.000000000000000
S13400,250250102061,1.000000000000000
S13403,250250102061,1.000000000000000
S13396,250250102062,1.000000000000000
S13398,250250102062,1.000000000000000
S13400,250250102062,1.000000000000000
S13403,250250102062,1.000000000000000
S13396,250250103001,1.000000000000000
S13398,250250103001,1.000000000000000
S13400,250250103001,1.000000000000000
S13403,250250103001,1.000000000000000
S13396,250250104031,1.000000000000000
S13398,250250104031,1.000000000000000
S13400,250250104031,1.000000000000000
S13403,250250104031,1.000000000000000
S13396,250250104032,1.000000000000000
S13398,250250104032,1.000000000000000
S13400,250250104032,1.000000000000000
S13403,250250104032,1.000000000000000
S13396,250250104033,1.000000000000000
S13398,250250104033,1.000000000000000
S13400,250250104033,1.000000000000000
S13403,250250104033,1.000000000000000
S13396,250250104041,1.000000000000000
S13398,250250104041,1.000000000000000
S13400,250250104041,1.000000000000000
S13403,250250104041,1.000000000000000
S13396,250092068001,1.000001588584170
S13398,250092068001,1.000001588584170
S13400,250092068001,1.000001588584170
S13403,250092068001,1.000001588584170
S13396,250092067002,0.989768228370821
S13398,250092067002,0.992096778495953
S13400,250092067002,0.992096778495953
S13403,250092067002,0.992096778495953
S13396,250092067003,1.000000000000000
S13398,250092067003,1.000000000000000
S13400,250092067003,1.000000000000000
S13403,250092067003,1.000000000000000
S13396,250092067004,1.000000000000000
S13398,250092067004,1.000000000000000
S13400,250092067004,1.000000000000000
S13403,250092067004,1.000000000000000
S13396,250092068002,1.000000000000000
S13398,250092068002,1.000000000000000
S13400,250092068002,1.000000000000000
S13403,250092068002,1.000000000000000
S13396,250092069001,1.000000000000000
S13398,250092069001,1.000000000000000
S13400,250092069001,1.000000000000000
S13403,250092069001,1.000000000000000
S13396,250092069002,1.000000000000000
S13398,250092069002,1.000000000000000
S13400,250092069002,1.000000000000000
S13403,250092069002,1.000000000000000
S13396,250092069003,0.996861496434952
S13398,250092069003,0.997018799438334
S13400,250092069003,0.997018799438334
S13403,250092069003,0.997018799438334
S13396,250092069004,1.000000000000000
S13398,250092069004,1.000000000000000
S13400,250092069004,1.000000000000000
S13403,250092069004,1.000000000000000
S13396,250092070001,1.000000000000000
S13398,250092070001,1.000000000000000
S13400,250092070001,1.000000000000000
S13403,250092070001,1.000000000000000
S13396,250092070002,1.000000000000000
S13398,250092070002,1.000000000000000
S13400,250092070002,1.000000000000000
S13403,250092070002,1.000000000000000
S13396,250092071001,1.000000000000000
S13398,250092071001,1.000000000000000
S13400,250092071001,1.000000000000000
S13403,250092071001,1.000000000000000
S13396,250092071002,1.000000000000000
S13398,250092071002,1.000000000000000
S13400,250092071002,1.000000000000000
S13403,250092071002,1.000000000000000
S13396,250092071003,1.000000000000000
S13398,250092071003,1.000000000000000
S13400,250092071003,1.000000000000000
S13403,250092071003,1.000000000000000
S13396,250092072001,0.979071691079884
S13398,250092072001,0.979222301144014
S13400,250092072001,0.979222301144014
S13403,250092072001,0.979222301144014
S13396,250092072002,1.000000000000000
S13398,250092072002,1.000000000000000
S13400,250092072002,1.000000000000000
S13403,250092072002,1.000000000000000
S13396,250092081011,1.000000000000000
S13398,250092081011,1.000000000000000
S13400,250092081011,1.000000000000000
S13403,250092081011,1.000000000000000
S13396,250092081012,1.000000000000000
S13398,250092081012,1.000000000000000
S13400,250092081012,1.000000000000000
S13403,250092081012,1.000000000000000
S13396,250092081013,0.997214992389834
S13398,250092081013,0.997080863655196
S13400,250092081013,0.997080863655196
S13403,250092081013,0.997080863655196
S13396,250092081014,1.000000000000000
S13398,250092081014,1.000000000000000
S13400,250092081014,1.000000000000000
S13403,250092081014,1.000000000000000
S13396,250092081021,0.990552194373512
S13398,250092081021,0.990514170859390
S13400,250092081021,0.990514170859390
S13403,250092081021,0.990514170859390
S13396,250092081022,1.000000000000000
S13398,250092081022,1.000000000000000
S13400,250092081022,1.000000000000000
S13403,250092081022,1.000000000000000
S13396,250092081023,1.000000000000000
S13398,250092081023,1.000000000000000
S13400,250092081023,1.000000000000000
S13403,250092081023,1.000000000000000
S13396,250092081024,0.997699646434980
S13398,250092081024,0.997768816411636
S13400,250092081024,0.997768816411636
S13403,250092081024,0.997768816411636
S13396,250092082001,0.999432592730872
S13398,250092082001,0.999475708510090
S13400,250092082001,0.999475708510090
S13403,250092082001,0.999475708510090
S13396,250092082002,1.000000000000000
S13398,250092082002,1.000000000000000
S13400,250092082002,1.000000000000000
S13403,250092082002,1.000000000000000
S13396,250092082003,1.000000000000000
S13398,250092082003,1.000000000000000
S13400,250092082003,1.000000000000000
S13403,250092082003,1.000000000000000
S13396,250092082004,1.000000000000000
S13398,250092082004,1.000000000000000
S13400,250092082004,1.000000000000000
S13403,250092082004,1.000000000000000
S13396,250092083011,1.000000000000000
S13398,250092083011,1.000000000000000
S13400,250092083011,1.000000000000000
S13403,250092083011,1.000000000000000
S13396,250092084012,1.000000000000000
S13398,250092084012,1.000000000000000
S13400,250092084012,1.000000000000000
S13403,250092084012,1.000000000000000
S13396,250092084011,1.000000000000000
S13398,250092084011,1.000000000000000
S13400,250092084011,1.000000000000000
S13403,250092084011,1.000000000000000
S13396,250092084021,1.000000000000000
S13398,250092084021,1.000000000000000
S13400,250092084021,1.000000000000000
S13403,250092084021,1.000000000000000
S13396,250092084022,1.000000000000000
S13398,250092084022,1.000000000000000
S13400,250092084022,1.000000000000000
S13403,250092084022,1.000000000000000
S13396,250092091001,1.000000000000000
S13398,250092091001,1.000000000000000
S13400,250092091001,1.000000000000000
S13403,250092091001,1.000000000000000
S13396,250092091002,1.000000000000000
S13398,250092091002,1.000000000000000
S13400,250092091002,1.000000000000000
S13403,250092091002,1.000000000000000
S13396,250092091003,1.000000000000000
S13398,250092091003,1.000000000000000
S13400,250092091003,1.000000000000000
S13403,250092091003,1.000000000000000
S13396,250092091004,1.000000000000000
S13398,250092091004,1.000000000000000
S13400,250092091004,1.000000000000000
S13403,250092091004,1.000000000000000
S13396,250092091005,1.000000000000000
S13398,250092091005,1.000000000000000
S13400,250092091005,1.000000000000000
S13403,250092091005,1.000000000000000
S13396,250092092001,1.000000000000000
S13398,250092092001,1.000000000000000
S13400,250092092001,1.000000000000000
S13403,250092092001,1.000000000000000
S13396,250092092002,1.000000000000000
S13398,250092092002,1.000000000000000
S13400,250092092002,1.000000000000000
S13403,250092092002,1.000000000000000
S13396,250092092003,1.000000000000000
S13398,250092092003,1.000000000000000
S13400,250092092003,1.000000000000000
S13403,250092092003,1.000000000000000
S13396,250092092004,0.999999999893805
S13398,250092092004,0.999999999893805
S13399,250092092004,0.000201150747455
S13400,250092092004,0.999999999893805
S13403,250092092004,0.999999999893805
S13396,250092101001,1.000000000000000
S13398,250092101001,1.000000000000000
S13400,250092101001,1.000000000000000
S13403,250092101001,1.000000000000000
S13396,250092101002,1.000000000000000
S13398,250092101002,1.000000000000000
S13400,250092101002,1.000000000000000
S13403,250092101002,1.000000000000000
S13396,250250104042,1.000000000000000
S13398,250250104042,1.000000000000000
S13400,250250104042,1.000000000000000
S13403,250250104042,1.000000000000000
S13396,250250303012,0.965711298551103
S13398,250250303012,0.969749510184993
S13400,250250303012,0.969749510184993
S13403,250250303012,0.969749510184993
S13396,250250303021,1.000000000000000
S13398,250250303021,1.000000000000000
S13400,250250303021,1.000000000000000
S13403,250250303021,1.000000000000000
S13396,250250304001,1.000000000000000
S13398,250250304001,1.000000000000000
S13400,250250304001,1.000000000000000
S13403,250250304001,1.000000000000000
S13396,250250304002,1.000000000000000
S13398,250250304002,1.000000000000000
S13400,250250304002,1.000000000000000
S13403,250250304002,1.000000000000000
S13396,250250304003,1.000000000000000
S13398,250250304003,1.000000000000000
S13400,250250304003,1.000000000000000
S13403,250250304003,1.000000000000000
S13396,250250304004,1.000000000000000
S13398,250250304004,1.000000000000000
S13400,250250304004,1.000000000000000
S13403,250250304004,1.000000000000000
S13396,250250305001,0.931975611957931
S13398,250250305001,0.924409817406426
S13400,250250305001,0.924409817406426
S13403,250250305001,0.924409817406426
S13396,250250305002,0.973264990127248
S13398,250250305002,0.970836909480967
S13400,250250305002,0.970836909480967
S13403,250250305002,0.970836909480967
S13396,250250305003,1.000000000000000
S13398,250250305003,1.000000000000000
S13400,250250305003,1.000000000000000
S13403,250250305003,1.000000000000000
S13396,250250401001,0.943178869221745
S13398,250250401001,0.949632109440657
S13400,250250401001,0.949632109440657
S13403,250250401001,0.949632109440657
S13396,250250401002,1.000000000000000
S13398,250250401002,1.000000000000000
S13400,250250401002,1.000000000000000
S13403,250250401002,1.000000000000000
S13396,250250402001,1.000000000000000
S13398,250250402001,1.000000000000000
S13400,250250402001,1.000000000000000
S13403,250250402001,1.000000000000000
S13396,250250402002,1.000000000000000
S13398,250250402002,1.000000000000000
S13400,250250402002,1.000000000000000
S13403,250250402002,1.000000000000000
S13396,250250403001,1.000000000000000
S13398,250250403001,1.000000000000000
S13400,250250403001,1.000000000000000
S13403,250250403001,1.000000000000000
S13396,250250403002,1.000000000000000
S13398,250250403002,1.000000000000000
S13400,250250403002,1.000000000000000
S13403,250250403002,1.000000000000000
S13396,250250403003,1.000000000000000
S13398,250250403003,1.000000000000000
S13400,250250403003,1.000000000000000
S13403,250250403003,1.000000000000000
S13396,250250403004,1.000000000000000
S13398,250250403004,1.000000000000000
S13400,250250403004,1.000000000000000
S13403,250250403004,1.000000000000000
S13396,250250403005,1.000000000000000
S13398,250250403005,1.000000000000000
S13400,250250403005,1.000000000000000
S13403,250250403005,1.000000000000000
S13396,250250404011,1.000000000000000
S13398,250250404011,1.000000000000000
S13400,250250404011,1.000000000000000
S13403,250250404011,1.000000000000000
S13396,250250104043,1.000000000000000
S13398,250250104043,1.000000000000000
S13400,250250104043,1.000000000000000
S13403,250250104043,1.000000000000000
S13396,250250104044,1.000000000000000
S13398,250250104044,1.000000000000000
S13400,250250104044,1.000000000000000
S13403,250250104044,1.000000000000000
S13396,250250104051,1.000000000000000
S13398,250250104051,1.000000000000000
S13400,250250104051,1.000000000000000
S13403,250250104051,1.000000000000000
S13396,250250104052,1.000000000000000
S13398,250250104052,1.000000000000000
S13400,250250104052,1.000000000000000
S13403,250250104052,1.000000000000000
S13396,250250104053,1.000000000000000
S13398,250250104053,1.000000000000000
S13400,250250104053,1.000000000000000
S13403,250250104053,1.000000000000000
S13396,250250104081,1.000000000000000
S13398,250250104081,1.000000000000000
S13400,250250104081,1.000000000000000
S13403,250250104081,1.000000000000000
S13396,250250105001,1.000000000000000
S13398,250250105001,1.000000000000000
S13400,250250105001,1.000000000000000
S13403,250250105001,1.000000000000000
S13396,250250105002,1.000000000000000
S13398,250250105002,1.000000000000000
S13400,250250105002,1.000000000000000
S13403,250250105002,1.000000000000000
S13396,250250105003,1.000000000000000
S13398,250250105003,1.000000000000000
S13400,250250105003,1.000000000000000
S13403,250250105003,1.000000000000000
S13396,250250106001,1.000000000000000
S13398,250250106001,1.000000000000000
S13400,250250106001,1.000000000000000
S13403,250250106001,1.000000000000000
S13396,250250106002,1.000000000000000
S13398,250250106002,1.000000000000000
S13400,250250106002,1.000000000000000
S13403,250250106002,1.000000000000000
S13396,250250106003,1.000000000000000
S13398,250250106003,1.000000000000000
S13400,250250106003,1.000000000000000
S13403,250250106003,1.000000000000000
S13396,250250107011,1.000000000000000
S13398,250250107011,1.000000000000000
S13400,250250107011,1.000000000000000
S13403,250250107011,1.000000000000000
S13396,250250107012,1.000000000000000
S13398,250250107012,1.000000000000000
S13400,250250107012,1.000000000000000
S13403,250250107012,1.000000000000000
S13396,250250107013,1.000000000000000
S13398,250250107013,1.000000000000000
S13400,250250107013,1.000000000000000
S13403,250250107013,1.000000000000000
S13396,250250107021,1.000000000000000
S13398,250250107021,1.000000000000000
S13400,250250107021,1.000000000000000
S13403,250250107021,1.000000000000000
S13396,250250107022,1.000000000000000
S13398,250250107022,1.000000000000000
S13400,250250107022,1.000000000000000
S13403,250250107022,1.000000000000000
S13396,250250107023,1.000000000000000
S13398,250250107023,1.000000000000000
S13400,250250107023,1.000000000000000
S13403,250250107023,1.000000000000000
S13396,250250108011,1.000000000000000
S13398,250250108011,1.000000000000000
S13400,250250108011,1.000000000000000
S13403,250250108011,1.000000000000000
S13396,250250108012,1.000000000000000
S13398,250250108012,1.000000000000000
S13400,250250108012,1.000000000000000
S13403,250250108012,1.000000000000000
S13396,250250108013,1.000000000000000
S13398,250250108013,1.000000000000000
S13400,250250108013,1.000000000000000
S13403,250250108013,1.000000000000000
S13396,250250108021,1.000000000000000
S13398,250250108021,1.000000000000000
S13400,250250108021,1.000000000000000
S13403,250250108021,1.000000000000000
S13396,250250108022,1.000000000000000
S13398,250250108022,1.000000000000000
S13400,250250108022,1.000000000000000
S13403,250250108022,1.000000000000000
S13396,250250108023,1.000000000000000
S13398,250250108023,1.000000000000000
S13400,250250108023,1.000000000000000
S13403,250250108023,1.000000000000000
S13396,250250201011,1.000000000000000
S13398,250250201011,1.000000000000000
S13400,250250201011,1.000000000000000
S13403,250250201011,1.000000000000000
S13396,250250201012,1.000000000000000
S13398,250250201012,1.000000000000000
S13400,250250201012,1.000000000000000
S13403,250250201012,1.000000000000000
S13396,250250201013,1.000000000000000
S13398,250250201013,1.000000000000000
S13400,250250201013,1.000000000000000
S13403,250250201013,1.000000000000000
S13396,250250201014,1.000000000000000
S13398,250250201014,1.000000000000000
S13400,250250201014,1.000000000000000
S13403,250250201014,1.000000000000000
S13396,250250202001,1.000000000000000
S13398,250250202001,1.000000000000000
S13400,250250202001,1.000000000000000
S13403,250250202001,1.000000000000000
S13396,250250202002,1.000000000000000
S13398,250250202002,1.000000000000000
S13400,250250202002,1.000000000000000
S13403,250250202002,1.000000000000000
S13396,250092083012,1.000000000000000
S13398,250092083012,1.000000000000000
S13400,250092083012,1.000000000000000
S13403,250092083012,1.000000000000000
S13396,250092083021,1.000000000000000
S13398,250092083021,1.000000000000000
S13400,250092083021,1.000000000000000
S13403,250092083021,1.000000000000000
S13396,250092083022,0.999268117839080
S13398,250092083022,0.999281709817869
S13400,250092083022,0.999281709817869
S13403,250092083022,0.999281709817869
S13396,250092083023,1.000000000000000
S13398,250092083023,1.000000000000000
S13400,250092083023,1.000000000000000
S13403,250092083023,1.000000000000000
S13396,250251606023,1.000000000000000
S13398,250251606023,1.000000000000000
S13400,250251606023,1.000000000000000
S13403,250251606023,1.000000000000000
S13396,250251606014,1.000000000000000
S13398,250251606014,1.000000000000000
S13400,250251606014,1.000000000000000
S13403,250251606014,1.000000000000000
S13396,250251606021,1.000000000000000
S13398,250251606021,1.000000000000000
S13400,250251606021,1.000000000000000
S13403,250251606021,1.000000000000000
S13396,250251606022,1.000000000000000
S13398,250251606022,1.000000000000000
S13400,250251606022,1.000000000000000
S13403,250251606022,1.000000000000000
S13396,250251606024,1.000000000000000
S13398,250251606024,1.000000000000000
S13400,250251606024,1.000000000000000
S13403,250251606024,1.000000000000000
S13396,250251606025,1.000000000000000
S13398,250251606025,1.000000000000000
S13400,250251606025,1.000000000000000
S13403,250251606025,1.000000000000000
S13396,250251701011,1.000000000000000
S13398,250251701011,1.000000000000000
S13400,250251701011,1.000000000000000
S13403,250251701011,1.000000000000000
S13396,250251701012,1.000000000000000
S13398,250251701012,1.000000000000000
S13400,250251701012,1.000000000000000
S13403,250251701012,1.000000000000000
S13396,250251701013,1.000000000000000
S13398,250251701013,1.000000000000000
S13400,250251701013,1.000000000000000
S13403,250251701013,1.000000000000000
S13396,250251701021,1.000000000000000
S13398,250251701021,1.000000000000000
S13400,250251701021,1.000000000000000
S13403,250251701021,1.000000000000000
S13396,250251701022,1.000000000000000
S13398,250251701022,1.000000000000000
S13400,250251701022,1.000000000000000
S13403,250251701022,1.000000000000000
S13396,250251701023,1.000000000000000
S13398,250251701023,1.000000000000000
S13400,250251701023,1.000000000000000
S13403,250251701023,1.000000000000000
S13396,250251701024,1.000000000000000
S13398,250251701024,1.000000000000000
S13400,250251701024,1.000000000000000
S13403,250251701024,1.000000000000000
S13396,250251702001,1.000000000000000
S13398,250251702001,1.000000000000000
S13400,250251702001,1.000000000000000
S13403,250251702001,1.000000000000000
S13396,250251702002,1.000000000000000
S13398,250251702002,1.000000000000000
S13400,250251702002,1.000000000000000
S13403,250251702002,1.000000000000000
S13396,250251702003,1.000000000000000
S13398,250251702003,1.000000000000000
S13400,250251702003,1.000000000000000
S13403,250251702003,1.000000000000000
S13396,250251702004,1.000000000000000
S13398,250251702004,1.000000000000000
S13400,250251702004,1.000000000000000
S13403,250251702004,1.000000000000000
S13396,250251703011,1.000000000000000
S13398,250251703011,1.000000000000000
S13400,250251703011,1.000000000000000
S13403,250251703011,1.000000000000000
S13396,250251703012,1.000000000000000
S13398,250251703012,1.000000000000000
S13400,250251703012,1.000000000000000
S13403,250251703012,1.000000000000000
S13396,250251703013,1.000000000000000
S13398,250251703013,1.000000000000000
S13400,250251703013,1.000000000000000
S13403,250251703013,1.000000000000000
S13396,250251703014,1.000000000000000
S13398,250251703014,1.000000000000000
S13400,250251703014,1.000000000000000
S13403,250251703014,1.000000000000000
S13396,250251703021,1.000000000000000
S13398,250251703021,1.000000000000000
S13400,250251703021,1.000000000000000
S13403,250251703021,1.000000000000000
S13396,250251703022,1.000000000000000
S13398,250251703022,1.000000000000000
S13400,250251703022,1.000000000000000
S13403,250251703022,1.000000000000000
S13396,250251703023,0.995596537241456
S13398,250251703023,0.995507383521382
S13400,250251703023,0.995507383521382
S13403,250251703023,0.995507383521382
S13396,250251704001,0.994174943686179
S13398,250251704001,0.994309893290340
S13400,250251704001,0.994309893290340
S13403,250251704001,0.994309893290340
S13388,250092232002,1.000000000000000
S13389,250092232002,1.000000000000000
S13398,250092232002,1.000000000000000
S13400,250092232002,1.000000000000000
S13403,250092232002,1.000000000000000
S13388,250092231002,0.999816538704222
S13389,250092231002,0.999816538704222
S13398,250092231002,0.999999996404473
S13400,250092231002,0.999999996404473
S13403,250092231002,0.999999996404473
S13388,250092231003,0.999819280546340
S13389,250092231003,0.999819280546340
S13398,250092231003,1.000000000002250
S13400,250092231003,1.000000000002250
S13403,250092231003,1.000000000002250
S13388,250092232001,0.999999971901081
S13389,250092232001,0.999999971901081
S13398,250092232001,0.993435613323804
S13400,250092232001,0.993435613323804
S13403,250092232001,0.993435613323804
S13388,250092232003,0.994970749331525
S13389,250092232003,0.994970749331525
S13398,250092232003,0.995637417515327
S13400,250092232003,0.995637417515327
S13403,250092232003,0.995637417515327
S13388,250092233001,0.999725214604133
S13389,250092233001,0.999725214604133
S13398,250092233001,1.000000003858056
S13400,250092233001,1.000000003858056
S13403,250092233001,1.000000003858056
S13388,250092233002,0.999997513612770
S13389,250092233002,0.999997513612770
S13396,250092233002,0.000211181141991
S13398,250092233002,1.000000002967781
S13400,250092233002,1.000000002967781
S13403,250092233002,1.000000002967781
S13388,250092233003,1.000000000120407
S13389,250092233003,1.000000000120407
S13398,250092233003,0.997081495649287
S13400,250092233003,0.997081495649287
S13403,250092233003,0.997081495649287
S13396,250092102002,1.000000000000000
S13398,250092102002,1.000000000000000
S13400,250092102002,1.000000000000000
S13403,250092102002,1.000000000000000
S13396,250092102003,1.000000000000000
S13398,250092102003,1.000000000000000
S13400,250092102003,1.000000000000000
S13403,250092102003,1.000000000000000
S13396,250092103011,1.000000000000000
S13398,250092103011,1.000000000000000
S13400,250092103011,1.000000000000000
S13403,250092103011,1.000000000000000
S13396,250092103012,1.000000000000000
S13398,250092103012,1.000000000000000
S13400,250092103012,1.000000000000000
S13403,250092103012,1.000000000000000
S13396,250092103021,1.000000000000000
S13398,250092103021,1.000000000000000
S13400,250092103021,1.000000000000000
S13403,250092103021,1.000000000000000
S13396,250092103022,1.000000000000000
S13398,250092103022,1.000000000000000
S13400,250092103022,1.000000000000000
S13403,250092103022,1.000000000000000
S13396,250092103023,1.000000000000000
S13398,250092103023,1.000000000000000
S13400,250092103023,1.000000000000000
S13403,250092103023,1.000000000000000
S13396,250092103024,1.000000000000000
S13398,250092103024,1.000000000000000
S13400,250092103024,1.000000000000000
S13403,250092103024,1.000000000000000
S13396,250092104011,1.000000000000000
S13398,250092104011,1.000000000000000
S13400,250092104011,1.000000000000000
S13403,250092104011,1.000000000000000
S13396,250092104012,0.999722276410263
S13398,250092104012,0.999652371958282
S13400,250092104012,0.999652371958282
S13403,250092104012,0.999652371958282
S13396,250092104021,1.000000000000000
S13398,250092104021,1.000000000000000
S13400,250092104021,1.000000000000000
S13403,250092104021,1.000000000000000
S13396,250092104022,1.000000000000000
S13398,250092104022,1.000000000000000
S13400,250092104022,1.000000000000000
S13403,250092104022,1.000000000000000
S13396,250092105004,1.000000000000000
S13398,250092105004,1.000000000000000
S13400,250092105004,1.000000000000000
S13403,250092105004,1.000000000000000
S13396,250092105001,1.000000000000000
S13398,250092105001,1.000000000000000
S13400,250092105001,1.000000000000000
S13403,250092105001,1.000000000000000
S13396,250092105002,1.000000000000000
S13398,250092105002,1.000000000000000
S13400,250092105002,1.000000000000000
S13403,250092105002,1.000000000000000
S13396,250092105003,1.000000000000000
S13398,250092105003,1.000000000000000
S13400,250092105003,1.000000000000000
S13403,250092105003,1.000000000000000
S13396,250092106001,1.000000000000000
S13398,250092106001,1.000000000000000
S13400,250092106001,1.000000000000000
S13403,250092106001,1.000000000000000
S13396,250092106002,1.000000000000000
S13398,250092106002,1.000000000000000
S13400,250092106002,1.000000000000000
S13403,250092106002,1.000000000000000
S13396,250092107001,1.000000000000000
S13398,250092107001,1.000000000000000
S13400,250092107001,1.000000000000000
S13403,250092107001,1.000000000000000
S13396,250092107002,1.000000000000000
S13398,250092107002,1.000000000000000
S13400,250092107002,1.000000000000000
S13403,250092107002,1.000000000000000
S13396,250092107003,1.000000000000000
S13398,250092107003,1.000000000000000
S13400,250092107003,1.000000000000000
S13403,250092107003,1.000000000000000
S13396,250092107004,1.000000000000000
S13398,250092107004,1.000000000000000
S13400,250092107004,1.000000000000000
S13403,250092107004,1.000000000000000
S13396,250092108001,1.000000000000000
S13398,250092108001,1.000000000000000
S13400,250092108001,1.000000000000000
S13403,250092108001,1.000000000000000
S13396,250092108002,1.000000000000000
S13398,250092108002,1.000000000000000
S13400,250092108002,1.000000000000000
S13403,250092108002,1.000000000000000
S13396,250092108003,1.000000000000000
S13398,250092108003,1.000000000000000
S13400,250092108003,1.000000000000000
S13403,250092108003,1.000000000000000
S13396,250092108004,1.000000000000000
S13398,250092108004,1.000000000000000
S13400,250092108004,1.000000000000000
S13403,250092108004,1.000000000000000
S13396,250092109001,1.000000000000000
S13398,250092109001,1.000000000000000
S13400,250092109001,1.000000000000000
S13403,250092109001,1.000000000000000
S13396,250092109002,1.000000000000000
S13398,250092109002,1.000000000000000
S13400,250092109002,1.000000000000000
S13403,250092109002,1.000000000000000
S13396,250092109003,1.000000000000000
S13398,250092109003,1.000000000000000
S13400,250092109003,1.000000000000000
S13403,250092109003,1.000000000000000
S13396,250092111001,0.999195361110861
S13398,250092111001,0.999175662571299
S13400,250092111001,0.999175662571299
S13403,250092111001,0.999175662571299
S13396,250092111002,0.991347879406067
S13398,250092111002,0.991537378638563
S13400,250092111002,0.991537378638563
S13403,250092111002,0.991537378638563
S13396,250092111003,0.997959523936191
S13398,250092111003,0.998061228215886
S13400,250092111003,0.998061228215886
S13403,250092111003,0.998061228215886
S13396,250092112011,0.998309579769830
S13398,250092112011,0.998313125241799
S13400,250092112011,0.998313125241799
S13403,250092112011,0.998313125241799
S13396,250092112012,0.999453645496509
S13398,250092112012,0.999452692340183
S13400,250092112012,0.999452692340183
S13403,250092112012,0.999452692340183
S13396,250092101003,1.000000000000000
S13398,250092101003,1.000000000000000
S13400,250092101003,1.000000000000000
S13403,250092101003,1.000000000000000
S13396,250092101004,1.000000000000000
S13398,250092101004,1.000000000000000
S13400,250092101004,1.000000000000000
S13403,250092101004,1.000000000000000
S13396,250092102001,1.000000000000000
S13398,250092102001,1.000000000000000
S13400,250092102001,1.000000000000000
S13403,250092102001,1.000000000000000
S13396,250092044003,1.000000000000000
S13398,250092044003,1.000000000000000
S13400,250092044003,1.000000000000000
S13403,250092044003,1.000000000000000
S13396,250092043003,0.994675956406155
S13398,250092043003,0.994743993347103
S13400,250092043003,0.994743993347103
S13403,250092043003,0.994743993347103
S13396,250092044001,1.000000000000000
S13398,250092044001,1.000000000000000
S13400,250092044001,1.000000000000000
S13403,250092044001,1.000000000000000
S13396,250092044002,1.000000000000000
S13398,250092044002,1.000000000000000
S13400,250092044002,1.000000000000000
S13403,250092044002,1.000000000000000
S13396,250092044004,0.998926371593945
S13398,250092044004,0.999569773122765
S13400,250092044004,0.999569773122765
S13403,250092044004,0.999569773122765
S13396,250092045001,0.927341898116626
S13398,250092045001,0.926682015661678
S13400,250092045001,0.926682015661678
S13403,250092045001,0.926682015661678
S13396,250092045002,1.000000000000000
S13398,250092045002,1.000000000000000
S13400,250092045002,1.000000000000000
S13403,250092045002,1.000000000000000
S13396,250092045003,1.000000000000000
S13398,250092045003,1.000000000000000
S13400,250092045003,1.000000000000000
S13403,250092045003,1.000000000000000
S13396,250092046001,0.996044613302683
S13398,250092046001,0.996024237845766
S13400,250092046001,0.996024237845766
S13403,250092046001,0.996024237845766
S13396,250092046002,1.000000000000000
S13398,250092046002,1.000000000000000
S13400,250092046002,1.000000000000000
S13403,250092046002,1.000000000000000
S13396,250092046003,0.983878249524357
S13398,250092046003,0.983791439805393
S13400,250092046003,0.983791439805393
S13403,250092046003,0.983791439805393
S13396,250092046004,1.000000000000000
S13398,250092046004,1.000000000000000
S13400,250092046004,1.000000000000000
S13403,250092046004,1.000000000000000
S13396,250092046005,1.000000000000000
S13398,250092046005,1.000000000000000
S13400,250092046005,1.000000000000000
S13403,250092046005,1.000000000000000
S13396,250092047011,1.000000000000000
S13398,250092047011,1.000000000000000
S13400,250092047011,1.000000000000000
S13403,250092047011,1.000000000000000
S13396,250092047012,1.000000000000000
S13398,250092047012,1.000000000000000
S13400,250092047012,1.000000000000000
S13403,250092047012,1.000000000000000
S13396,250092047013,1.000000000000000
S13398,250092047013,1.000000000000000
S13400,250092047013,1.000000000000000
S13403,250092047013,1.000000000000000
S13396,250092047014,1.000000000000000
S13398,250092047014,1.000000000000000
S13400,250092047014,1.000000000000000
S13403,250092047014,1.000000000000000
S13396,250092047021,1.000000000000000
S13398,250092047021,1.000000000000000
S13400,250092047021,1.000000000000000
S13403,250092047021,1.000000000000000
S13396,250092047022,1.000000000000000
S13398,250092047022,1.000000000000000
S13400,250092047022,1.000000000000000
S13403,250092047022,1.000000000000000
S13396,250092047023,1.000000000000000
S13398,250092047023,1.000000000000000
S13400,250092047023,1.000000000000000
S13403,250092047023,1.000000000000000
S13396,250092047024,1.000000000000000
S13398,250092047024,1.000000000000000
S13400,250092047024,1.000000000000000
S13403,250092047024,1.000000000000000
S13396,250092051001,1.000000000000000
S13398,250092051001,1.000000000000000
S13400,250092051001,1.000000000000000
S13403,250092051001,1.000000000000000
S13396,250092051002,1.000000000000000
S13398,250092051002,1.000000000000000
S13400,250092051002,1.000000000000000
S13403,250092051002,1.000000000000000
S13396,250092051003,1.000000000000000
S13398,250092051003,1.000000000000000
S13400,250092051003,1.000000000000000
S13403,250092051003,1.000000000000000
S13396,250092051004,1.000000000000000
S13398,250092051004,1.000000000000000
S13400,250092051004,1.000000000000000
S13403,250092051004,1.000000000000000
S13396,250092051005,1.000000000000000
S13398,250092051005,1.000000000000000
S13400,250092051005,1.000000000000000
S13403,250092051005,1.000000000000000
S13396,250092052001,1.000000000000000
S13398,250092052001,1.000000000000000
S13400,250092052001,1.000000000000000
S13403,250092052001,1.000000000000000
S13396,250092052002,1.000000000000000
S13398,250092052002,1.000000000000000
S13400,250092052002,1.000000000000000
S13403,250092052002,1.000000000000000
S13396,250092052003,1.000000000000000
S13398,250092052003,1.000000000000000
S13400,250092052003,1.000000000000000
S13403,250092052003,1.000000000000000
S13396,250092052004,1.000000000000000
S13398,250092052004,1.000000000000000
S13400,250092052004,1.000000000000000
S13403,250092052004,1.000000000000000
S13396,250092052005,1.000000000000000
S13398,250092052005,1.000000000000000
S13400,250092052005,1.000000000000000
S13403,250092052005,1.000000000000000
S13396,250092053001,1.000000000000000
S13398,250092053001,1.000000000000000
S13400,250092053001,1.000000000000000
S13403,250092053001,1.000000000000000
S13396,250092053002,1.000000000000000
S13398,250092053002,1.000000000000000
S13400,250092053002,1.000000000000000
S13403,250092053002,1.000000000000000
S13396,250092112021,1.000000000000000
S13398,250092112021,1.000000000000000
S13400,250092112021,1.000000000000000
S13403,250092112021,1.000000000000000
S13396,250092112022,1.000000000000000
S13398,250092112022,1.000000000000000
S13400,250092112022,1.000000000000000
S13403,250092112022,1.000000000000000
S13396,250092113001,1.000000000000000
S13398,250092113001,1.000000000000000
S13400,250092113001,1.000000000000000
S13403,250092113001,1.000000000000000
S13396,250092113002,1.000000000000000
S13398,250092113002,1.000000000000000
S13400,250092113002,1.000000000000000
S13403,250092113002,1.000000000000000
S13396,250092113003,1.000000000000000
S13398,250092113003,1.000000000000000
S13400,250092113003,1.000000000000000
S13403,250092113003,1.000000000000000
S13396,250092113004,1.000000000000000
S13398,250092113004,1.000000000000000
S13400,250092113004,1.000000000000000
S13403,250092113004,1.000000000000000
S13396,250092114011,1.000000000000000
S13398,250092114011,1.000000000000000
S13400,250092114011,1.000000000000000
S13403,250092114011,1.000000000000000
S13396,250092114012,1.000000000000000
S13398,250092114012,1.000000000000000
S13400,250092114012,1.000000000000000
S13403,250092114012,1.000000000000000
S13396,250092114013,1.000000000000000
S13398,250092114013,1.000000000000000
S13400,250092114013,1.000000000000000
S13403,250092114013,1.000000000000000
S13396,250092114021,1.000000000000000
S13398,250092114021,1.000000000000000
S13400,250092114021,1.000000000000000
S13403,250092114021,1.000000000000000
S13396,250092053003,1.000000000000000
S13398,250092053003,1.000000000000000
S13400,250092053003,1.000000000000000
S13403,250092053003,1.000000000000000
S13396,250092053004,1.000000000000000
S13398,250092053004,1.000000000000000
S13400,250092053004,1.000000000000000
S13403,250092053004,1.000000000000000
S13396,250092054001,1.000000000000000
S13398,250092054001,1.000000000000000
S13400,250092054001,1.000000000000000
S13403,250092054001,1.000000000000000
S13396,250092054002,1.000000000000000
S13398,250092054002,1.000000000000000
S13400,250092054002,1.000000000000000
S13403,250092054002,1.000000000000000
S13396,250092054003,1.000000000000000
S13398,250092054003,1.000000000000000
S13400,250092054003,1.000000000000000
S13403,250092054003,1.000000000000000
S13396,250092055001,1.000000000000000
S13398,250092055001,1.000000000000000
S13400,250092055001,1.000000000000000
S13403,250092055001,1.000000000000000
S13396,250092172021,0.999776114266848
S13398,250092172021,0.999776114266848
S13400,250092172021,0.999776114266848
S13403,250092172021,0.999776114266848
S13396,250092172011,1.000000000000000
S13398,250092172011,1.000000000000000
S13400,250092172011,1.000000000000000
S13403,250092172011,1.000000000000000
S13396,250092172012,1.000000000000000
S13398,250092172012,1.000000000000000
S13400,250092172012,1.000000000000000
S13403,250092172012,1.000000000000000
S13396,250092172022,0.978345561498860
S13398,250092172022,0.978766066527241
S13400,250092172022,0.978766066527241
S13403,250092172022,0.978766066527241
S13396,250092172023,1.000000000000000
S13398,250092172023,1.000000000000000
S13400,250092172023,1.000000000000000
S13403,250092172023,1.000000000000000
S13396,250092172024,1.000000000000000
S13398,250092172024,1.000000000000000
S13400,250092172024,1.000000000000000
S13403,250092172024,1.000000000000000
S13396,250092173001,1.000000000000000
S13398,250092173001,1.000000000000000
S13400,250092173001,1.000000000000000
S13403,250092173001,1.000000000000000
S13396,250092173002,1.000000000000000
S13398,250092173002,1.000000000000000
S13400,250092173002,1.000000000000000
S13403,250092173002,1.000000000000000
S13396,250092173003,0.986210333152946
S13398,250092173003,0.984709781397520
S13400,250092173003,0.984709781397520
S13403,250092173003,0.984709781397520
S13396,250092173004,1.000000000000000
S13398,250092173004,1.000000000000000
S13400,250092173004,1.000000000000000
S13403,250092173004,1.000000000000000
S13396,250092173005,1.000000000000000
S13398,250092173005,1.000000000000000
S13400,250092173005,1.000000000000000
S13403,250092173005,1.000000000000000
S13396,250092174011,1.000000000000000
S13398,250092174011,1.000000000000000
S13400,250092174011,1.000000000000000
S13403,250092174011,1.000000000000000
S13396,250092174012,1.000000000000000
S13398,250092174012,1.000000000000000
S13400,250092174012,1.000000000000000
S13403,250092174012,1.000000000000000
S13396,250092174013,1.000000000000000
S13398,250092174013,1.000000000000000
S13400,250092174013,1.000000000000000
S13403,250092174013,1.000000000000000
S13396,250092174021,0.981682275266530
S13398,250092174021,0.981442281342352
S13400,250092174021,0.981442281342352
S13403,250092174021,0.981442281342352
S13396,250092174022,0.792196651434564
S13398,250092174022,0.792673856209182
S13400,250092174022,0.792673856209182
S13403,250092174022,0.792673856209182
S13396,250092174023,0.996295027469385
S13398,250092174023,0.996393235557076
S13400,250092174023,0.996393235557076
S13403,250092174023,0.996393235557076
S13396,250092175001,1.000000000000000
S13398,250092175001,1.000000000000000
S13400,250092175001,1.000000000000000
S13403,250092175001,1.000000000000000
S13396,250092175002,1.000000000000000
S13398,250092175002,1.000000000000000
S13400,250092175002,1.000000000000000
S13403,250092175002,1.000000000000000
S13396,250092175003,1.000000000000000
S13398,250092175003,1.000000000000000
S13400,250092175003,1.000000000000000
S13403,250092175003,1.000000000000000
S13396,250092175004,1.000000000000000
S13398,250092175004,1.000000000000000
S13400,250092175004,1.000000000000000
S13403,250092175004,1.000000000000000
S13396,250092175005,1.000000000000000
S13398,250092175005,1.000000000000000
S13400,250092175005,1.000000000000000
S13403,250092175005,1.000000000000000
S13396,250092176011,1.000000000000000
S13398,250092176011,1.000000000000000
S13400,250092176011,1.000000000000000
S13403,250092176011,1.000000000000000
S13396,250092176012,1.000000000000000
S13398,250092176012,1.000000000000000
S13400,250092176012,1.000000000000000
S13403,250092176012,1.000000000000000
S13388,250092176021,0.000178801870470
S13389,250092176021,0.000178801870470
S13396,250092176021,1.000000006856594
S13398,250092176021,1.000000006856594
S13400,250092176021,1.000000006856594
S13403,250092176021,1.000000006856594
S13396,250092176022,1.000000000000000
S13398,250092176022,1.000000000000000
S13400,250092176022,1.000000000000000
S13403,250092176022,1.000000000000000
S13396,250092176023,1.000000000000000
S13398,250092176023,1.000000000000000
S13400,250092176023,1.000000000000000
S13403,250092176023,1.000000000000000
S13388,250092181001,1.000000000960809
S13389,250092181001,1.000000000960809
S13396,250092181001,0.999004005378372
S13398,250092181001,0.998940355153618
S13400,250092181001,0.998940355153618
S13403,250092181001,0.998940355153618
