OBJECTID,Program,PROJIS,Notes,TFPC,Subregion,Municipality,Project Proponent,Project Name,MPO Evaluation Score,Year Programmed,Highway Division,Adjusted TFPC,Funding 2025,Funding 2026,Funding 2027,Funding 2028,Funding 2029,Funding Other,Funding Notes,Associated TIPs,Infrastructure or Service,Project Type,Year Added to Universe,Date of Last Update,Flag for Retirement?,Programmed Cost,Advertise Date,Programmed?,Origin Date,GlobalID,Geometry Notes,To_Score,Design Status,Version Last Updated,Shape__Length,CreationDate,Creator,EditDate,Editor,Response
1,Bridge_On_system_NHS,612989,"The project replaces the deck of the Cambridge Street Bridge in Boston’s Charlestown neighborhood. Cambridge Street travels under Interstate 93 and the bridge traverses the tracks for the MBTA Orange Line, commuter rail, and Amtrak. This state-of-good-repair investment improves multimodal accessibility with upgraded pedestrian and bicycle facilities in addition to a new westbound bus lane for improved bus connections between Sullivan Square, Charlestown, and Somerville.","$15,400,000",ICC,Boston,Boston,"Boston- Bridge Preservation, B-16-066 (38D), Cambridge Street over MBTA",53.1,2027,6,"$16,632,000",$-,$-,"$16,632,000",$-,$-,,,,Infrastructure,Complete Streets,,04/05/2023,,"$16,632,000",02/26/2027,Y,,37e5f393-d59f-4b98-a300-a5b4ba3f7a87,,,Scope to DE,0.1,82.608318349263,12/26/2024 9:12:25 PM,sstrumwasser_CTPS,1/10/2025 6:48:29 PM,ajacobsen_CTPS,
2,Multiple,609246,"This project will reconstruct 1.9 miles of Western Avenue (Route 107) in Lynn between Centre Street and Eastern Avenue. Work will include roadway pavement reconstruction, drainage improvements, improved design for traffic operations and safety, new signs and pavement markings, and bicycle and ADA-compliant pedestrian improvements. This project includes improvements to bus stop locations throughout the corridor and bus-priority elements will be considered during the design phase. A key goal of this project is to enhance safety along the corridor, as this segment of Western Avenue has three 2017–19 top-200 crash clusters, four 2017–19 all-mode crash clusters, one 2010–19 bicycle crash cluster, and one 2010-19 pedestrian crash cluster, making it a high-priority safety improvement location statewide. This project is anticipated to be funded over three fiscal years, with funding beginning in FFY 2027.","$40,980,000",ICC,Lynn,Lynn,Reconstruction of Western Avenue (Route 107),74.9,2028-30,4,"$45,897,600",$-,$-,$-,"$15,000,000","$20,000,000",,,,Infrastructure,Complete Streets,,12/06/2018,,"$45,897,600",01/14/2028,Y,,29fde229-dfed-4063-908b-71879bd646cd,,,PRC Approved,0.1,3188.85723727699,12/26/2024 9:12:25 PM,sstrumwasser_CTPS,1/10/2025 6:48:29 PM,ajacobsen_CTPS,
3,Roadway_Reconstruction,608158,"This project will reconstruct Canton Street and install pedestrian and bicycle facilities where none currently exist. A sidewalk will be constructed along the southbound side of the roadway and a shared-use path along along the northbound side. The project will improve visibility at five curves along the corridor to improve stopping sight distances, and it includes the addition of apron turn lanes and medians for improved navigation. High visibility crosswalks and beacons will be added at seven locations.","$20,406,113",TRIC,"Norwood, Westwood",Westwood,Reconstruction of Canton Street to University Drive,53.3,2028-29,3,"$22,854,847",$-,$-,$-,"$12,854,847","$10,000,000",,,,Infrastructure,Complete Streets,,09/28/2023,,"$22,854,847",,Y,,bf9f7afc-5db6-4f92-b769-0dc301261b56,,,25% Design,0.1,3485.14003010223,12/26/2024 9:12:25 PM,sstrumwasser_CTPS,1/10/2025 6:48:29 PM,ajacobsen_CTPS,
4,"Roadway
Reconstruction",610545,"This Complete Streets project redesigns Route 129 Main Street in downtown Wakefield to integrate comprehensive multimodal facilities through the addition of shared-use-paths, median refuges, curb bump outs, and other geometric improvements. The project improves safety for all users with upgrades to lighting and turn radii, including for emergency response vehicles.","$16,460,693",NSPC,Wakefield,Wakefield,Wakefield- Comprehensive Downtown Transportation Improvement Project,61.8,2028,4,"$18,435,976",$-,$-,$-,"$18,435,976",$-,,,,Infrastructure,Complete Streets,,06/01/2023,,"$18,435,976",05/19/2028,Y,,f4001465-264f-4e31-9fb1-918d839f7b31,,,PRC Approved,0.1,2250.61371109719,12/26/2024 9:12:25 PM,sstrumwasser_CTPS,1/10/2025 6:48:29 PM,ajacobsen_CTPS,
5,Bicycle and Pedestrian,609204,"This project will construct the Belmont Community Path between the existing Fitchburg Cutoff Path and Belmont Center, creating a direct off-street connection between the heart of Belmont, the Alewife MBTA station, and destinations beyond in Cambridge, Somerville, and Boston. The project proposes a 12-foot paved facility with two-foot grass shoulders and additional landscaping along the length of the path that will buffer the new facility from the adjacent railroad tracks and neighboring properties. The project includes an underpass beneath the commuter rail tracks at Channing Road and Alexander Avenue to provide a safe connection between the Winnbrook neighborhood that lies on the north side of the tracks with the bike lanes on Concord Avenue and the adjacent new school serving students in grades 7-12.","$19,711,298",ICC,Belmont,Belmont,"Community Path, Belmont Component of the Mass Central Rail Trail (Phase 1)",64.6,2026,4,"$20,499,750",$-,"$8,000,000","$12,499,750",$-,$-,,,,Infrastructure,Bicycle and Pedestrian,,01/05/2022,,"$20,499,750",02/13/2026,Y,,191e5647-1a15-4038-af45-84b7a463839a,,,25% Design,0.1,1890.23844603213,12/26/2024 9:12:25 PM,sstrumwasser_CTPS,1/10/2025 6:48:29 PM,ajacobsen_CTPS,
6,"Roadway
Reconstruction",606453,"This roadway improvement project will enhance safety and mobility for people walking and biking along the Boylston Street corridor. The project will improve traffic signals and crosswalks, replace street lighting, and reconstruct sidewalks and ramps to achieve ADA compliance throughout the corridor. This project will also construct additional improvements to the Muddy River crossing at the western end of the corridor, including along Park Drive to the Landmark Center driveway and at the intersection of Brookline Avenue and Pilgrim Road. These improvements will include the addition of segments of separated bicycle lanes and cycle track, improved signals and crosswalks, and reconstructed sidewalks to shorten pedestrian crossings. The scope of work of this project has been adjusted to coordinate with and reflect recent and upcoming developments along the corridor.","$8,331,781",ICC,Boston,Boston,"Improvements on Boylston Street, from Intersection of Brookline Avenue and Park Drive to Ipswich Street",60,2026,6,"$8,665,052",$-,"$8,665,052",$-,$-,$-,,,,Infrastructure,Complete Streets,,01/29/2021,,"$8,665,052",03/25/2026,Y,,b1165782-75bb-40bb-b76a-45932e3096bf,,Yes (rescore),25% Design,0.1,1383.56723203299,12/26/2024 9:12:25 PM,sstrumwasser_CTPS,1/10/2025 6:48:29 PM,ajacobsen_CTPS,
7,"Roadway
Reconstruction",612963,"BRMPO issued a full corridor study in 2011. The project includes roadway rehabilitation along 1.5 miles of Route 126, improved pedestrian and bicycle accommodations with full bilateral sidewalks and a shared-use path, and improvements to the bridge over Hopping Brook (B-06-017). An existing traffic signal at Maple Street will be upgraded and a new signal installed at Pearl Street. The project not only improves drainage throughout the project area but will incorporate improvements for better conveyance of Stall Brook under Route 126 for riverine flood mitigation. This project is funded across two federal fiscal years starting in FFY 2029.","$10,950,000",SWAP,Bellingham,Bellingham,"Bellingham - Roadway Rehabilitation of Route 126 (Hartford Road), from 800 North of the I-495 NB off ramp to Medway T/L, including B-06-017",54.3,2029,3,"$12,702,000",$-,$-,$-,$-,"$8,340,000",,Funding in 2030,,Infrastructure,Complete Streets,,06/24/2024,,"$8,340,000",01/26/2029,Y,,ce59e3fc-6b3a-492e-b9bb-d2ece6bd530d,,,PRC Approved,0.1,2583.73448312563,12/26/2024 9:12:25 PM,sstrumwasser_CTPS,1/10/2025 6:48:29 PM,ajacobsen_CTPS,
8,Bicycle and Pedestrian,610666,"This project will construct a new 2.1-mile-long multi-use linear park running the length of Swampscott and connecting with the existing Marblehead Rail Trail and the larger East Coast Greenway. This project will provide safe, accessible connections to the Town’s schools, recreation areas, MBTA commuter rail station, and natural resources for people walking and bicycling. The project will feature a 10-foot-wide trail with a two-foot sloping shoulder on each side. The trail will cross Paradise Road (Route 1A) with a pedestrian bridge using the existing railroad abutments from the former rail line. Trail amenities will be located at the Swampscott Middle School, including bathrooms, vehicle parking for trail users, bicycle parking, and a public bike repair station.","$7,700,000",NSTF,Swampscott,Swampscott,Rail Trail Construction,66.4,2027,4,"$8,624,000",$-,$-,$-,"$8,624,000",$-,,,,Infrastructure,Bicycle and Pedestrian,,12/19/2019,,"$8,624,000",2/11/2028,Y,,bbba81f8-0dab-4c79-bfaa-db5b02ba4fa0,,,PRC Approved,0.1,3063.88086890151,12/26/2024 9:12:25 PM,sstrumwasser_CTPS,1/10/2025 6:48:29 PM,ajacobsen_CTPS,
9,"Intersection
Improvements",608940,"This project aims to address the safety concerns and crash incidents that contribute to the intersection’s inclusion on the state’s HSIP eligibility list as a high-crash location while also seeking to alleviate traffic congestion in the area. The project scope includes the installation of a new traffic signal system, reconfiguring the intersection to address documented safety issues, consolidating pavement area, and the simplification of turning movements. Proposed pedestrian improvements include replacement of sidewalks along the north side of Route 20 and the east side of Boston Post Road. New sidewalk is proposed on the south side of Route 20, the west side of Boston Post Road, and on both sides of Wellesley Street within the immediate intersection limits. The proposed traffic signal system includes protected pedestrian crossings and crosswalks are proposed on all approaches to the intersection. The project also includes the addition of bicycle lanes and improvements to a school bus stop on adjacent Windsor Way.","$3,113,273",MWRC,Weston,Weston,Intersection Improvements Boston Post Road (Route 20) at Wellesley Street,50.6,2026,6,"$3,237,804",$-,"$3,237,804",$-,$-,$-,,,,Infrastructure,Intersection Improvements,,03/26/2024,,"$3,237,804",04/17/2026,Y,,8b3804cb-bde6-4e10-b066-374576444db8,,,75% Design,0.1,515.80220445852,12/26/2024 9:12:25 PM,sstrumwasser_CTPS,1/10/2025 6:48:29 PM,ajacobsen_CTPS,
10,Railroad Grade Crossings,S12977,"This project provides design funding for an initial stage of a major intersection improvement project at Route 126 and 135 and the MBTA and CSX railroad tracks. Design funding will be used to develop and identify alternatives to address congestion at the location, including possibilty of grade crossing removal. This project would advance the design for a separate project #606109, and is also listed in the MPO’s Long Range Transportation Plan, Destination 2050.","$1,400,000",MWRC,Framingham,Framingham,Framingham- Preliminary Design of Intersection Improvements at Route 126/135/MBTA & CSX Railroad,N/A,2026,3,"$1,400,000",$-,"$1,400,000",$-,$-,$-,,,,Design,Intersection Improvements,,,,"$1,400,000",,N,,fa1bf681-fdcf-4aec-9f17-0edd4cb96466,,,Preliminary Design,0.1,248.489013446353,12/26/2024 9:12:25 PM,sstrumwasser_CTPS,1/10/2025 6:48:29 PM,ajacobsen_CTPS,
11,Bridge On-system NHS,S12978,"This project provides design funding for an initial stage of improvements at the Interstate 95 and Route 4/225 Interchange in Lexington. The design will investigate and develop improvements at the interchange that, when implemented, will enable further traffic-calming work to be conducted on Route 4/225, Hartwell Avenue, and Wood Street. This project is listed in the MPO’s Long Range Transportation Plan, Destination 2050.","$1,650,000",MAGIC,Lexington,Lexington,Lexington- Design of Safety Improvements at the Interstate 95 and Route 4/225 Interchange,N/A,2026,4,"$1,650,000",$-,"$1,650,000",$-,$-,$-,,,,Design,Intersection Improvements,2024,,,"$1,650,000",2030-32,Scoring,,7ac07ee0-78ba-4faf-a182-86dae5d325da,,Yes,Preliminary Design,0.1,9504.11928254687,12/26/2024 9:12:25 PM,sstrumwasser_CTPS,1/10/2025 6:48:29 PM,ajacobsen_CTPS,
12,"Roadway
Reconstruction",612738,"This project will reconstruct and elevate Argilla Road between the Crane Estate driveway and Crane Beach parking lot entrance in order to protect against sunny day and King Tide coastal flood conditions through 2100. The project will widen an existing culvert and introduce new culverts in order to improve horizontal transmission of floodwaters and the marsh beneath the roadway, limiting contamination of sensitive environmental areas and further reducing the possibility for floodwaters to overtop the roadway. The project will incorporate a stabilized shoulder and embankment using native plantings to mitigate scouring and erosion while providing a safer shoulder to improve access without damaging the nearby marsh. The project also incorporates intersection safety and geometry improvements at the driveway to the Crane Estate. This project will be funded across two federal fiscal years starting in FFY 2029.","$4,628,419",NSTF,Ipswich,Ipswich,Argilla Roadway Reconstruction and Adaptation (Crane Estate to Crane Beach),37.9,2029-30,4,"$5,368,966",$-,$-,$-,$-,"$3,000,000",,Funding in 2030,,Infrastructure,Complete Streets,,05/12/2022,,"$6,600,000",05/11/2029,Y,,6624c5c6-fed2-42cf-9ded-1d9571db0d69,,,PRC Approved,0.1,862.200295584057,12/26/2024 9:12:25 PM,sstrumwasser_CTPS,1/10/2025 6:48:29 PM,ajacobsen_CTPS,
13,Transit Grant Program,S12697,"This project will expand upon the existing Pleasant Street Shuttle in Watertown, which launched in September 2021 as a partnership between the Town of Watertown and the Watertown TMA. The service runs along a 1.5-mile stretch of Pleasant Street that has no transit service. The primary goal of the project is to provide peak-hour shuttle services connecting businesses and residential locations to major transit hubs in Watertown and Cambridge. This expansion will allow the existing 60-minute headways to be reduced to 30 minutes and will support the transition of the service to an all-electric vehicle fleet. This project is funded through the third round of grants available through the MPO’s Community Connections Program.","$1,002,198",ICC,Watertown,Watertown,Pleasant Street Shuttle Service Expansion,78,2023-2025,6,"$1,002,198","$228,939",$-,$-,$-,$-,,Funding in 2024,2023-2027; 2024-2028,Service,Community Connections,,,,"$1,002,198",,Y,,59d952b3-d7dd-4a4d-80f0-2d0fcce32b6d,,,N/A,0.1,2511.57035901984,12/26/2024 9:12:25 PM,sstrumwasser_CTPS,1/10/2025 6:48:29 PM,ajacobsen_CTPS,
14,Safe_Routes_to_School,609531,"This project will provide a fully accessible safe walking route with safe roadway crossings for pedestrians and children walking to Stratton Elementary School in Arlington on Hemlock Street between Pine Street and Dickson Avenue, and Dickson Avenue.","$2,133,673",ICC,Arlington,MassDOT,Stratton School Improvements (SRTS),N/A,2025,4,"$2,133,673","$2,133,673",$-,$-,$-,$-,,,,Infrastructure,Safe Routes to School,,04/26/2024,,"$2,133,673",04/04/2025,Y,,364406a5-75e8-4e33-8b75-637a6ea2d7ff,,,100% Design,0.1,1091.87175755292,12/26/2024 9:12:25 PM,sstrumwasser_CTPS,1/10/2025 6:48:29 PM,ajacobsen_CTPS,
15,"Roadway
Reconstruction",605743,"In Ipswich, the project will reconstruct the roadway between Mineral Street and Poplar Street (3,200 feet) to improve the roadway surface. Minor geometric improvements at intersection and pedestrian crossings will be included. Sidewalks and wheelchair ramps will be improved in selected areas for ADA compliance. The drainage system is undersized and will be upgraded.","$10,859,906",NSTF,Ipswich,Ipswich,Resurfacing and Related Work on Central and South Main Streets,48,2027-28,4,"$11,728,698",$-,$-,"$6,000,000","$5,728,698",$-,,,,Infrastructure,Complete Streets,,07/12/2024,,"$11,728,698",03/26/2027,Y,,b923d033-0259-43d5-adaf-ac1b7cf6da16,,Yes (rescore),25% Design,0.1,901.125917723698,12/26/2024 9:12:25 PM,sstrumwasser_CTPS,1/10/2025 6:48:29 PM,ajacobsen_CTPS,
16,"Safety
Improvements",609532,"The project will include corridor-wide safety improvements targeted at reducing incidents for all users. Standard safety countermeasures such as improved signage, lighting, traffic-calming streetscape elements, curb extensions, signal upgrades (where applicable) and other countermeasures may be incorporated. In addition, it is expected that the corridor’s pavement, sidewalks and bus transit amenities will be improved or replaced.","$9,430,303",ICC,Chelsea,MassDOT,"Targeted Safety Improvements and Related Work on Broadway, from Williams Street to City Hall Avenue",83,2026,6,"$9,807,515",$-,"$9,807,515",$-,$-,$-,,,,Infrastructure,Intersection Improvements,,04/01/2024,,"$9,807,515",01/16/2026,Y,,b6cf7d3c-6866-4a2f-bc3b-d3a4a59bda0c,,,75% Design,0.1,842.01499806127,12/26/2024 9:12:25 PM,sstrumwasser_CTPS,1/10/2025 6:48:29 PM,ajacobsen_CTPS,
17,"Roadway
Reconstruction",608051,"This project includes the addition of five-foot bicycle lanes along both sides of the roadway along the Route 38 corridor. Sidewalks will also be provided along both sides of the roadway between Route 62 and Route 129. In addition, improved traffic signals and the reconstruction of turn lanes will enhance pedestrian safety and improve vehicular flow. This project was bisected at its midpoint by Project# 607327, Bridge Replacement, W-38-002, Route 38 (Main Street) over the B&M Railroad. The project is funded using $12,662,437 in statewide highway funds in FFY 2023 of the FFY 2023–27 TIP.","$37,452,645",NSPC,Wilmington,Wilmington,"Reconstruction of Route 38 (Main Street), from Route 62 to the Woburn City Line",59,2025,4,"$37,452,645","$37,452,645",$-,$-,$-,$-,,Unable to find the discrepancy here,,Infrastructure,Complete Streets,,01/19/2024,,"$37,978,347",06/27/2025,Y,,059e77b2-1b58-47a0-a383-d01d545292f6,,,100% Design,0.1,3441.19255951018,12/26/2024 9:12:25 PM,sstrumwasser_CTPS,1/10/2025 6:48:29 PM,ajacobsen_CTPS,
18,"Roadway
Reconstruction",606226,"The reconstruction of Rutherford Avenue from City Square to Sullivan Square will make the road a multimodal urban boulevard corridor. This project will be funded over five years, starting in FFY 2028. The total project cost is estimated to be $197,759,449 and the total funding in the FFYs 2025-29 TIP is $78,500,000. The City of Boston will contribute $25,000,000 in local matching funding towards the project.","$176,570,937",ICC,Boston,Boston,Reconstruction of Rutherford Avenue,59,2027-2028,6,"$197,759,449",$-,$-,$-,"$33,500,000","$45,000,000",,funding in 2030 and beyond,,Infrastructure,Major Infrastructure,,10/05/2020,,"$197,759,449",01/14/2028,Y,,74eb514f-2154-4224-b6a6-7af583fc8a25,,Yes (rescore),25% Design,0.1,7616.09650075701,12/26/2024 9:12:25 PM,sstrumwasser_CTPS,1/10/2025 6:48:29 PM,ajacobsen_CTPS,
19,Bicycle and Pedestrian,611982,"This project will enhance bicycle and pedestrian travel in Medford by creating a shared-use path connection under Route 28 (Fellsway) along the Mystic River. This connection will be similar to a shared-use boardwalk on the opposite side of the Mystic River in Somerville, which also runs under Route 28. Once complete, this project will be a critical connection between existing riverfront pathways along the Mystic River in Medford, including the Wellington Greenway on the east side of Route 28 and the path system within the Mystic River State Reservation on the west side of Route 28.","$6,061,917",ICC,Medford,MassDOT,Shared Use Path Connection at the Route 28/Wellington Underpass,N/A,2026,4,"$6,061,917","$6,061,917",$-,$-,$-,$-,,,,Infrastructure,Bicycle and Pedestrian,,10/31/2024,,"$6,061,917",6/27/2025,Y,,83b8f112-6dfe-4167-8c10-5f17bbd69bd2,,,75% Design,0.1,227.940573983493,12/26/2024 9:12:25 PM,sstrumwasser_CTPS,1/10/2025 6:48:29 PM,ajacobsen_CTPS,
20,"Roadway
Reconstruction",611983,"This project will improve safety along Park and Pearl Streets for all users, with a specific emphasis on improving conditions for people walking and bicycling. Smart signalization and geometric reconstruction will mitigate vehicular congestion while providing clear pedestrian paths of travel and shorter crosswalk distances via newly constructed ramps and sidewalks. This project may implement a priority bus and bike lane, beginning along Park Street at Williams Street up to the eventual surface renovation of Upper Broadway to the Revere city line, the location of an MPO-funded project in FFY 2022. Signals will allow for preferential movements of safety vehicles and MBTA buses through each intersection.","$10,451,525",ICC,Chelsea,Chelsea,Park Street & Pearl Street Reconstruction,69.9,2027,6,"$11,287,647",$-,$-,"$11,287,647",$-,$-,,,,Infrastructure,Complete Streets,,01/28/2021,,"$11,287,647",04/09/2027,Y,,dbb03a95-b9dd-4a2e-afe9-3f08c613317e,,,PRC Approved,0.1,778.015027373856,12/26/2024 9:12:25 PM,sstrumwasser_CTPS,1/10/2025 6:48:29 PM,ajacobsen_CTPS,
21,"Roadway
Reconstruction",605168,"The project improves multimodal access between Hingham Center, residential areas, and Hingham Harbor by extending the existing buffered, shared-use bike path from Rockland Street to the Hingham inner harbor. In addition, improvements to reduce vehicular accidents will be incorporated through the establishment of turn lanes and a small roundabout at the intersection of Route 3A and Summer Street.","$27,633,108",SSC,Hingham,Hingham,"Intersection Improvements at Route 3A, from Otis Street/Cole Road including Summer Street and Rotary, Rockland Street to George Washington Boulevard",57,2025,5,"$28,738,432",$-,"$28,738,432",$-,$-,$-,,,,Infrastructure,Complete Streets,,04/29/2024,,"$28,738,432",01/16/2026,Y,,f50efbe5-47d9-4194-b21c-f8ef2b8479b7,,,75% Design,0.1,3442.27777264389,12/26/2024 9:12:25 PM,sstrumwasser_CTPS,1/10/2025 6:48:29 PM,ajacobsen_CTPS,
22,Bicycle and Pedestrian,610544,"The project includes construction of a new 12-foot-wide multi-use paved path along the abandoned railbed between two existing segments of the Independence Greenway in Peabody. The project also includes a connection to the existing Border to Boston trailhead at Lowell Street. The work includes full-depth pavement construction, minor drainage improvements, vegetative privacy screening, new and reset granite curb, new cement concrete sidewalk and hot mix asphalt, signal upgrades at the intersections of Lowell and Bourbon Streets and Route 1 northbound and Lowell Street, a new two-span steel pedestrian bridge, and various curb, walking, and parking improvements to the existing parking lot at 215 Newbury Street.","$13,966,099",NSTF,Peabody,Peabody,Multi-Use Path Construction of Independence Greenway at Interstate 95 and Route 1,53,2025,4,"$13,966,099","$13,966,099",$-,$-,$-,$-,,,,Infrastructure,Bicycle and Pedestrian,,9/12/2024,,"$13,966,099",09/29/2025,Y,,b868560f-1078-4ad3-aeab-47ba9ed5b599,,,75% Design,0.1,2064.67380109564,12/26/2024 9:12:25 PM,sstrumwasser_CTPS,1/10/2025 6:48:29 PM,ajacobsen_CTPS,
23,Non-Interstate Pavement,S12979,"This project will design a reconfiguration of Broadway in Arlington between Alewife Brook Parkway and Massachusetts Avenue for improved access by persons who walk, bike, roll, or use transit. The design will also investigate methods for improving stormwater management and mitigating urban heat island impacts. This project may be ready to advertise for construction as early as FFY 2030.","$1,395,000",ICC,Arlington,Arlington,Arlington- Broadway Complete Streets Design,80.1,2025,4,"$1,395,000","$1,395,000",$-,$-,$-,$-,,,,Design,Complete Streets,,,,"$1,395,000",,Y,,1d5d258c-14fe-4cba-a132-d1dcc7b9ffa0,,,N/A,0.1,1617.70200730708,12/26/2024 9:12:25 PM,sstrumwasser_CTPS,1/10/2025 6:48:29 PM,ajacobsen_CTPS,
24,Railroad Crossings,608436,"The primary purpose of the project is to improve the safety features for the roadway corridors of Cherry Street and Main Street in order to establish a Federal Railroad Administration Quiet Zone surrounding the railroad crossings on those two roadways. This goal will primarily be accomplished through the installation of roadway medians and the enhancement of existing railroad crossing signals and gates. In addition, the project addresses a critical gap in the pedestrian sidewalk network through the construction of new sidewalks. The project’s other goals include improving the existing roadway condition through pavement reconstruction and enhancing stormwater drainage in the project area.","$1,175,303",MWRC,Ashland,Ashland,Rehabilitation and Rail Crossing Improvements on Cherry Street,38,2028,3,"$1,316,339",$-,$-,$-,"$1,316,339",$-,,,,Infrastructure,Intersection Improvements,,08/19/2020,,"$1,316,339",01/14/2028,Y,,94452315-0493-44af-ba8e-b700bec640d6,,,25% Design,0.1,278.378386852392,12/26/2024 9:12:25 PM,sstrumwasser_CTPS,1/10/2025 6:48:29 PM,ajacobsen_CTPS,
25,Bicycle and Pedestrian,613088,This project will construct a 1.1 mile shared-use path connecting Coytemore Lea Park in Malden’s Oak Grove neighborhood with the Northern Strand Community Trail and Malden River via downtown Malden. The project will replace existing sidewalk infrastructure and adjust roadway widths to accommodate a new 11-foot-wide shared-use facility within the existing right-of-way.,"$4,337,613",ICC,Malden,Malden,Spot Pond Brook Greenway,73,2027,4,"$4,858,127",$-,$-,$-,"$4,858,127",$-,,,,Infrastructure,Bicycle and Pedestrian,,12/20/2022,,"$4,684,622",,Y,,08f0a0fc-df2e-4fd7-9448-11f626ac74ad,,,PRC Approved,0.1,2052.01658650181,12/26/2024 9:12:25 PM,sstrumwasser_CTPS,1/10/2025 6:48:29 PM,ajacobsen_CTPS,
26,"Roadway
Reconstruction",609257,"This Complete Streets project involves the reconstruction of Beacham Street to reduce vehicular collisions and improve bicycle travel. This project also includes the implementation of a shared-use bike path with a buffer along 0.65 miles of the Beacham Street corridor, a major connection between Boston, Somerville, and Cambridge, and Chelsea and East Boston. To promote pedestrian safety, upgrades to traffic signals, pavement markings, and sidewalk conditions will be incorporated to reduce conflict with vehicular traffic and provide an ADA-compliant travel route.","$11,610,600",ICC,Everett,Everett,"Rehabilitation of Beacham Street, from Route 99 to Chelsea City Line",54,2027,4,"$12,539,448",$-,$-,"$12,539,448",$-,$-,,,,Infrastructure,Complete Streets,,05/08/2024,,"$12,539,448",12/18/2026,Y,,46738978-1a84-4a99-b2ce-9ccc6bc34f4b,,,25% Design,0.1,1031.01817981247,12/26/2024 9:12:25 PM,sstrumwasser_CTPS,1/10/2025 6:48:29 PM,ajacobsen_CTPS,
27,Bicycle and Pedestrian,610691,This project will extend the Cochituate Rail Trail in Natick from its current terminus at Mechanic Street southward via a shared-use bridge to connect to the Natick Center Commuter Rail Station and Route 27.,"$6,690,044",MWRC,Natick,Natick,"Cochituate Rail Trail Extension, from MBTA Station to Mechanic Street",67,2028,3,"$7,492,849",$-,$-,$-,"$7,492,849",$-,,,,Infrastructure,Bicycle and Pedestrian,,09/04/2024,,"$7,492,849",12/03/2027,Y,,45e47103-b61f-4fd8-a268-7c9ffdb89ea0,,,25% Design,0.1,445.523197249458,12/26/2024 9:12:25 PM,sstrumwasser_CTPS,1/10/2025 6:48:29 PM,ajacobsen_CTPS,
28,"Safety
Improvements",610823,"This project will signalize the off-ramps for Interstate 93 at Willard Street and Ricciuti Drive to improve safety for all roadway users. The design of the project is currently at 75 percent. Construction of a small shared-use path connection is proposed on Willard Street to connect to future bicycle accommodations planned by the City of Quincy along Ricciuti Drive to provide connections to Quincy Quarries and multifamily residential developments. In addition to the shared-use path, the project will also upgrade all sidewalks to meet current ADA standards and improve the safety of pedestrian crossings.","$1,812,839",ICC,Quincy,Quincy,Intersection Improvements at Willard Street and Ricciuti Drive,41.1,2026,6,"$1,885,353",$-,"$1,885,353",$-,$-,$-,,,,Infrastructure,Intersection Improvements,,06/12/2024,,"$1,885,353",,Y,,80d4abd9-1137-46ef-93f7-ddd48c5d3842,,,75% Design,0.1,317.378174725338,12/26/2024 9:12:25 PM,sstrumwasser_CTPS,1/10/2025 6:48:29 PM,ajacobsen_CTPS,
29,"Roadway
Reconstruction",609252,"This project is focused on making key safety improvements for pedestrians and bicyclists. Existing sidewalks on Essex Street will be reconstructed to ADA/AAB standards and will be complemented by the addition of new on-street bicycle facilities. Pedestrian safety will be improved through the construction of curb bump-outs at intersections to reduce crosswalk length. In addition, operational improvements such as signal updates and pavement markings will be established to enhance safety.","$18,941,000",ICC,Lynn,Lynn,Rehabilitation of Essex Streeet,66,2026; 2027,4,"$19,698,640",$-,"$10,000,000","$9,698,640",$-,$-,,,,Infrastructure,Complete Streets,,12/06/2018,,"$19,698,640",09/29/2026,Y,,39419c5c-464c-406b-9154-a47b9b5e926e,,,PRC Approved,0.1,1574.49924663829,12/26/2024 9:12:25 PM,sstrumwasser_CTPS,1/10/2025 6:48:29 PM,ajacobsen_CTPS,
30,"Roadway
Reconstruction",608954,"This project will improve pavement and roadway conditions along a 3.7-mile segment of Route 30 and make geometric and safety improvements at intersections along the corridor. A key goal of the project is to create a corridor that better serves all users, especially those who are walking and bicycling. To that end, this project will construct a 10-foot off-road shared-use path along the full length of the project. The path will run along the south side of the roadway from the Natick town line to the intersection at Newton Street, crossing to the north side at Newton Street to continue to the end of the project limits. This path will connect with other proposed bicycle and pedestrian accommodations in the area, including on the Route 30 bridge over the Charles River (Project# 110980, funded by the MPO in FFY 2024) and on Route 30 in Newton (Project# 610674, funded by MassDOT in FFY 2023).","$18,518,252",MWRC,Weston,Weston,Reconstruction on Route 30,49.2,2026,6,"$19,999,712",$-,$-,"$19,999,712",$-,$-,,,,Infrastructure,Complete Streets,,09/22/2022,,"$19,999,712",05/08/2027,Y,,f356ecd3-9c70-4f71-a071-f7604656c1b5,,,25% Design,0.1,5926.6507262631,12/26/2024 9:12:25 PM,sstrumwasser_CTPS,1/10/2025 6:48:29 PM,ajacobsen_CTPS,
31,"Intersection
Improvements",605857,"This project includes traffic signal upgrades and associated geometric improvements at the intersection of Route 1 with University Avenue and Everett Street. Related improvements include constructing an additional travel lane in each direction on Route 1, upgrading of traffic signals, lengthening of left-turn lanes on Route 1, upgrading of pedestrian crossings at each leg of the intersection, and upgrading of bicycle amenities (loop detectors) at the intersection. Rehabilitation of sidewalks, curbing, median structures, lighting, and guard rails are also proposed.","$26,573,400",TRIC,Norwood,Norwood,Intersection Improvements at Route 1 and University Avenue/Everett Street,55,2026,5,"$27,636,336",$-,"$27,636,336",$-,$-,$-,,,,Infrastructure,Intersection Improvements,,01/05/2021,,"$27,636,336",09/26/2026,Y,,244675aa-a25d-44c3-a1d9-5bda235838a8,,Yes (rescore),25% Design,0.1,653.536297243931,12/26/2024 9:12:25 PM,sstrumwasser_CTPS,1/10/2025 6:48:29 PM,ajacobsen_CTPS,
32,Non-Interstate Pavement,S12980,"This line item funds design for complete streets, traffic safety, and transit improvements along Route 20, Granger Boulevard in Marlborough between Mechanic Street and Main Street. This project is expected to be advertised for construction as early as FFY 2030 under Project #612285.","$1,215,000",MWRC,Marlborough,Marlborough,Marlborough- Reconstruction of Granger Boulevard [DESIGN ONLY],79.9,2025,3,"$1,215,000","$1,215,000",$-,$-,$-,$-,,,,Design,Complete Streets,,,,"$1,215,000",,Y,,7716c418-0696-4eb1-bb41-fe10a4b0d953,,,Preliminary Design,0.1,1368.60478702104,12/26/2024 9:12:25 PM,sstrumwasser_CTPS,1/10/2025 6:48:29 PM,ajacobsen_CTPS,
33,Bicycle and Pedestrian,S12981,"This project will design more than three miles of new shared-use pathways in the communities of Norfolk, Walpole, and Wrentham. Construction of this project would be delivered under Project #613644 and is expected to be advertised for construction as early as FFY 2030. Depending on the findings of design development, implementation may commence under separate phases of the project over multiple years.","$1,550,000",TRIC_and_SWAP,"Norfolk, Wrentham, Walpole","Norfolk, Wrentham, Walpole",Shared-Use Path Installation (Metacomet Greenway) [Design Only],65,2025,5,"$1,550,000","$1,550,000",$-,$-,$-,$-,,,,Design,Bicycle and Pedestrian,,,,"$1,555,000",,Y,,a303cdb5-dcf5-4c80-ae01-9dc36a368090,,,Preliminary Design,0.1,7508.34406552614,12/26/2024 9:12:25 PM,sstrumwasser_CTPS,1/10/2025 6:48:29 PM,ajacobsen_CTPS,
34,Flex to FTA,S12986,"This project includes the addition of a turn track at Reading Station and improvements to the siding at Wilbur Interlocking on the Lowell Line to enable 30-minute headways in the short term and higher frequencies with electrified rolling stock. Improvements would reduce conflicts with freight traffic and the Amtrak Downeaster while facilitating bus integration. This project was funded for $14 million in FFY 2024 of the FFY 2024–28 TIP, with a total contribution by the Boston Region MPO to this project of $20 million.","$6,000,000",NSPC,"Reading, Woburn",MBTA,Rail Transformation Early Action Items - Reading Station And Wilbur Interlocking,N/A,2025,4,"$6,000,000","$6,000,000",$-,$-,$-,$-,,"14,000,000 programmed as S12821 in FFY 2024",2024-2028,Infrastructure,Transit Transformation,,,,"$20,000,000",,Y,,ff1c7815-c027-4c07-b384-967fe7b40bc3,,,N/A,0.1,58.175440327908,12/26/2024 9:12:25 PM,sstrumwasser_CTPS,1/10/2025 6:48:29 PM,ajacobsen_CTPS,
35,Multiple,610932,"This project will reconstruct Washington Street in Brookline between Boylston Street and Beacon Street. Washington Street is currently constrained with a narrow right of way that accommodates two lanes of traffic, on-street parking in both directions, bicycling, and significant volumes of pedestrians. Sidewalks are currently in poor condition, and the area contains two HSIP bicycle crash clusters and one pedestrian crash cluster. The project will reconstruct sidewalks along both sides of the entire corridor and will provide protected bicycle facilities in both directions that are separated from vehicular traffic for a vast majority of the corridor. Other multimodal improvements include the provision of dedicated bus pull-out space outside of the travel lanes. The project will also replace the existing signals along Washington Street’s length and will reconstruct the roadway surface.","$25,888,631",ICC,Brookline,Brookline,Rehabilitation of Washington Street,62.4,2027-28,6,"$28,995,267",$-,$-,$-,"$10,000,000","$18,995,267",,,,Infrastructure,Complete Streets,,09/24/2020,,"$28,995,267",04/07/2028,Y,,72637c76-fa93-42d2-9ad3-165d438d6b60,,,PRC Approved,0.1,1849.54080089148,12/26/2024 9:12:25 PM,sstrumwasser_CTPS,1/10/2025 6:48:29 PM,ajacobsen_CTPS,
36,Bicycle and Pedestrian,S12964,"The City of Revere will install new Bluebikes stations at Griswold Fields at Washington and Malden, and at North Marshall and Salem Street. The project will also procure an additional 40 pedal bicycles for the Bluebikes network. The North Marshall and Salem Street site is adjacent to the Northern Strand Community Trail, which connects Everett to Lynn with 11 miles of continuous off-road paved surface. The City of Revere has two trailheads, and its main trail head is 1/10 of a mile from the city’s second Amazon Distribution Center.","$169,000",ICC,Revere,Revere,Revere- Bluebikes Expansion to Northern Strand and Griswold Park,63.5,2025,6,"$169,000","$169,000",$-,$-,$-,$-,,,,Infrastructure,Community Connections,,,,"$169,000",,Y,,7ee300f4-4d4d-44e9-8897-2015bc6c80f0,,,N/A,0.1,74.5220956249077,12/26/2024 9:12:25 PM,sstrumwasser_CTPS,1/10/2025 6:48:29 PM,ajacobsen_CTPS,
37,Bicycle and Pedestrian,S12982,"Construction cost expected to be $14,300,000.","$850,000",MWRC,Framingham,Framingham,Chris Walsh Trail Phase 2,79.9,2025,3,"$850,000","$850,000",$-,$-,$-,$-,,,,Infrastructure,Bicycle and Pedestrian,,,,"$850,000",,Y,,71e2cca4-864a-4692-9fca-7b15fcb71366,,,Preliminary Design,0.1,652.313780006704,12/26/2024 9:12:25 PM,sstrumwasser_CTPS,1/10/2025 6:48:29 PM,ajacobsen_CTPS,
38,Non-Interstate Pavement,S12983,This project will design improvements to various intersections and a rail grade crossing in downtown Sherborn to improve safety for all roadway users. Construction for this project is expected to advertise as early as FFY 2030.,"$900,000",SWAP,Sherborn,Sherborn,Reconstruction Of Route 27 And Route 16 [Design Only],81.8,2025,3,"$900,000","$900,000",$-,$-,$-,$-,,,,Design,Intersection Improvements,,,,"$900,000",,Y,,d1ac3e2d-ba5c-42e1-8925-709775d3fe97,,,Preliminary Design,0.1,1571.28183268868,12/26/2024 9:12:25 PM,sstrumwasser_CTPS,1/10/2025 6:48:29 PM,ajacobsen_CTPS,
39,Bicycle and Pedestrian,S12966,"This project will implement a new separated bicycle lane along Canal Street from Medford Street to Centre Street in Malden. The onroad bicycle lanes on this moderately trafficked street will connect users to commercial sites, recreational facilities, public assets, and transit facilities. The project further expands the developing Malden Bike Network and provides connectivity to the planned Spot Pond Brook Greenway project (#613088).","$81,250",ICC,Malden,Malden,Canal Street Bicycle Lanes,51.2,2025,4,"$81,250","$81,250",$-,$-,$-,$-,,,,Infrastructure,Community Connections,,,,"$81,250",,Y,,9d79b10f-4f7a-4f5e-80e9-46ec20aee083,,,N/A,0.1,815.876666640364,12/26/2024 9:12:25 PM,sstrumwasser_CTPS,1/10/2025 6:48:29 PM,ajacobsen_CTPS,
40,"Intersection
Improvements",S12984,"This project will design the signalization of the intersection of Route 16 and Whitney Street in Holliston. The project will also develop safety improvements for users of the Upper Charles River Rail Trail where it crosses Route 16 near by, and extend sidewalk along Route 16 westward to Locust Avenue. This project is expected to advertise for construction as early as FFY 2030.","$250,000",MWRC,Holliston,Holliston,Intersection Improvements At Route 16 And Whitney Street [Design Only],42.8,2025,3,"$250,000","$250,000",$-,$-,$-,$-,,,,Design,Intersection Improvements,,,,"$250,000",,Y,,8bc7bed6-b901-4fc7-8e12-827bc5091b2a,,,Preliminary Design,0.1,280.759522424171,12/26/2024 9:12:25 PM,sstrumwasser_CTPS,1/10/2025 6:48:29 PM,ajacobsen_CTPS,
41,Flex to FTA,S12985,"Building on Phase 1, Phase 2 of the Columbus Avenue Bus Lanes project includes bus-only lanes, transit signal priority, improvements to bus stops and shelters along Columbus Avenue and Tremont Street, and enhanced pedestrian and bicycle connections into MBTA Orange Line stations at Jackson Square, Roxbury Crossing, and Ruggles. New project elements include green infrastructure to promote traffic calming and reduce impervious surfaces. This project was initially funded for $14.8 million by the Boston Region MPO in the FFY 2021–25 TIP, $11.75 million in the FFY 2024–28 TIP, and now an additional $7.5 million in the FFY 2025–29 TIP for a total MPO contribution of $34.05 million.","$7,500,000",ICC,Boston,MBTA,Columbus Avenue Bus Lanes Phase II,N/A,2025,6,"$7,500,000","$7,500,000",$-,$-,$-,$-,,,,Infrastructure,Transit Transformation,,,,"$7,500,000",,Y,,006ec2f5-81e1-42da-a009-9d0ebb399d39,,,N/A,0.1,3665.60612087969,12/26/2024 9:12:25 PM,sstrumwasser_CTPS,1/10/2025 6:48:29 PM,ajacobsen_CTPS,
42,"Roadway
Reconstruction",608045,"This project supports enhanced vehicular safety and traffic flow through the implementation of a road diet, additional roadway reconstruction, and enhanced signalization on the Route 16 (East Main Street) corridor from Route 109 (Medway Road) to Beaver Street. In addition, the project also addresses pedestrian and bicyclist safety through the addition of pavement markings for shareduse bike lanes and the construction of new six-foot sidewalks along both sides of the roadway.","$13,027,466",SWAP,Milford,MassDOT,"Rehabilitation of Route 16, from Route 109 to Beaver Street",50,2026,3,"$13,548,565",$-,"$13,548,565",$-,$-,$-,,,,Infrastructure,Complete Streets,,10/13/2023,,"$13,548,565",09/29/2026,Y,,32a6380c-891b-45fe-8a44-5857fdb298fc,,,25% Design,0.1,2254.39285847877,12/26/2024 9:12:25 PM,sstrumwasser_CTPS,1/10/2025 6:48:29 PM,ajacobsen_CTPS,
43,Bicycle and Pedestrian,613319,"Phase 3 of the Bruce Freeman Rail Trail (BFRT) spans approximately 1.3 miles from Eaton Road W in Framingham to the Sudbury Diamond Railroad Crossing. The proposed trail will be a 10-foot, paved shared-use path along the former railroad corridor with twofoot-dense graded crushed stone shoulders. Sidewalks and pedestrian curb ramps at the at-grade intersection of the trail and Route 20 are proposed to be updated to create an ADA compliant and accessible crossing at the existing signalized intersection of Nobscot Road/Route 20. A parking lot is also being proposed along Nobscot Road, approximately 550 feet south of Route 20. Other work includes fixing or replacing culverts and stream crossings where necessary and implementing safety fencing along the trail where necessary. This project is funded across two federal fiscal years starting in FFY 2029.","$7,350,000",MAGIC,Sudbury,Sudbury,"Bike Path Construction of Bruce Freeman Rail Trail, from the Sudbury Diamond Railroad Crossing to Eaton Road West",50.5,2029-30,3,"$8,526,000",$-,$-,$-,$-,"$4,263,000",,Funding in 2030,,Infrastructure,Bicycle and Pedestrian,,07/09/2024,,"$8,526,000",12/08/2028,Y,,a9a7e2cd-a7f3-4005-b0aa-70d4a5294731,,,25% Design,0.1,4113.25803728597,12/26/2024 9:12:25 PM,sstrumwasser_CTPS,1/10/2025 6:48:29 PM,ajacobsen_CTPS,
44,Multiple,607981,"This project will remove the existing McCarthy Viaduct along McGrath Boulevard in Somerville and replace it with an at-grade urban boulevard, approximately 1.5 miles long, from Broadway in the north to Third Street in the south. The project will result in more conventional intersection configurations at Washington Street and Somerville Avenue, which are currently under or next to the viaduct. Removing the viaduct will physically reconnect the neighborhoods of Somerville with more direct vehicle, pedestrian, bicycle, and transit networks. The project will enhance transit access along the corridor, improving bus operations and the bus rider experience with the installation of floating/in-lane bus stops, transit signal priority, and bus queue-jump lanes at key intersections. New sidewalks and bicycle facilities will be provided for the length of the proposed McGrath Boulevard and will connect with the extended Somerville Community Path, creating access to the regional bicycle network. The proposed facilities will provide direct intermodal connections to existing bus routes and the new Green Line station in East Somerville. This project is anticipated to be funded over four fiscal years, with the first year of funding in FFY 2027.","$88,250,000",ICC,Somerville,Somerville,McGrath Boulevard Construction,72.2,2027-30,4,"$95,310,000",$-,$-,"$30,000,000","$30,000,000","$30,310,000",,Funding in 2030,,Infrastructure,Major Infrastructure,,10/21/2024,,"$90,310,000",04/02/2027,Y,,8b61ddb4-1001-4170-9d05-2612ed6876c9,,,25% Design,0.1,2124.80368333483,12/26/2024 9:12:25 PM,sstrumwasser_CTPS,1/10/2025 6:48:29 PM,ajacobsen_CTPS,
45,"Roadway
Reconstruction",609437,"This project aims to improve mobility for vehicles, bicycles, and pedestrians between Salem and Peabody and create separated bicycle facilities between the two municipalities that do not currently exist today. In addition to off-street bicycle facilities, major improvements to the corridor include incorporating Complete Streets design elements such as ADA/AAB-compliant sidewalks, pedestrian ramps, and crosswalks. This project will add a new traffic signal at the intersection of Boston Street and Aborn Street and will upgrade existing traffic signals at the intersections of Boston Street and Essex Street, Boston Street and Bridge Street/Proctor Street/Goodhue Street, and Boston Street and Grove Street/Nichols Street.","$24,187,705",NSTF,"Salem, Peabody",Salem,Boston Street Improvements,67.8,2026,4,"$26,122,721",$-,$-,"$26,122,721",$-,$-,,,,Infrastructure,Complete Streets,,01/26/2024,,"$26,122,721",03/12/2027,Y,,9a16584a-6a27-4744-aef5-629bd0637f4e,,,75% Design,0.1,1754.66201060236,12/26/2024 9:12:25 PM,sstrumwasser_CTPS,1/10/2025 6:48:29 PM,ajacobsen_CTPS,
46,"Intersection
Improvements",608067,"The intersection of U.S. Route 3 (Cambridge Street) at South Bedford Street and Bedford Road has been identified as a high-crash location in the Boston region. The existing geometry and traffic operations can often present challenges for motorists, pedestrians, and bicyclists. This project will reconstruct the intersection and all traffic signal equipment. Geometry enhancements will be made to accommodate exclusive turn lanes for all approaches to the intersection. The project will include reconstruction of the sidewalk along the east side of Cambridge Street and both sides of the Bedford Road westbound approach, and new sidewalk will be constructed on the south side of South Bedford Street. Bicycle accommodations consisting of five-foot wide bicycle lanes (with two-foot wide buffers where feasible) will be provided, as will ADA-compliant MBTA bus stops on Cambridge Street.","$3,438,311",NSPC,"Burlington, Woburn",Woburn,Intersection Reconstruction at Route 3 (Cambridge Road) & Bedford Road and South Bedford Street,52,2025,4,"$3,438,311","$3,438,311",$-,$-,$-,$-,,,,Infrastructure,Intersection Improvements,,01/22/2024,,"$3,438,311",09/29/2025,Y,,7d55c032-9033-43ef-a2e3-0addaaa8bc3e,,,25% Design,0.1,121.772125808972,12/26/2024 9:12:25 PM,sstrumwasser_CTPS,1/10/2025 6:48:29 PM,ajacobsen_CTPS,
47,"Roadway
Reconstruction",610662,"This project will improve safety and congestion within the Woburn Common area by making safety and operational improvements on Pleasant Street, reconfiguring the Woburn Common rotary, and reconstructing and realigning roadways. The project will also reconstruct sidewalks, add bike lanes, and upgrade or add signals in the area. This project will be funded across two federal fiscal years starting in FFY 2029.","$16,095,000",NSPC,Woburn,Woburn,"Roadway and Intersection Improvements at Woburn Common, Route 38 (Main Street), Winn Street, Pleasant Street, and Montvale Avenue",75,2027,4,"$18,670,200",$-,$-,$-,$-,"$9,335,200",,Funding in 2030,,Infrastructure,Complete Streets,,12/19/2019,,"$18,670,200",01/05/2029,Y,,c42ce762-3c28-4eea-9d13-b47a8b99326e,,,PRC Approved,0.1,890.574947490364,12/26/2024 9:12:25 PM,sstrumwasser_CTPS,1/10/2025 6:48:29 PM,ajacobsen_CTPS,
48,Transit Grant Program,S12963,"The Cities of Chelsea and Revere propose a microtransit service that will provide regional, low-cost, on-demand transportation across a 6.5 square mile zone in Chelsea and Revere. The service will offer convenient pick-up and drop-off services that align with riders’ schedules, filling first- and last-mile gaps in the existing transit system and ensuring accessibility to critical destinations, such as grocery stores, healthcare facilities, places of employment, and educational institutions. The applicants estimate 58 passenger trips per day with electric vehicles. As a Microtransit Pilot Project, the project is proposed for funding across three years with $499,649 in Year 1, $450,278 in Year 2, and $463,807 in Year 3.","$1,413,734",ICC,"Chelsea, Revere","Chelsea, Revere",Chelsea and Revere Regional On-Demand Microtransit Pilot Project,53.75,2025-27,6,"$1,413,734","$499,649","$450,278","$463,807",$-,$-,,,,Service,Community Connections,,,,"$1,413,375",,Y,,87737543-6fee-4b6f-9ebe-def194ebb0f2,Linked geometry: Chelsea and Revere,,N/A,0.1,402.176225439,12/26/2024 9:12:25 PM,sstrumwasser_CTPS,1/10/2025 6:48:29 PM,ajacobsen_CTPS,
49,Flex to FTA,S12975,"This project updates 15 MBTA Pedal and Park facilities systemwide to provide a more inclusive, accessible, efficient, and user-friendly standard of bike and micromobility parking, wayfinding, and bike maintenance equipment. The project improves Pedal and Park facilities at transit stations in nine municipalities.","$2,500,000",Multiple,"Boston, Braintree, Cambridge, Malden, Quincy, Revere, Salem, Somerville, Westwood",MBTA,MBTA-Systemwide Pedal and Park Modernization,N/A,2025,"4, 6","$2,500,000","$2,500,000",$-,$-,$-,$-,,,,Infrastructure,Transit Transformation,,,,"$2,500,000",,Y,,6db1923e-f580-4e45-8914-af401c390ce8,,,N/A,0.1,2210.29525723047,12/26/2024 9:12:25 PM,sstrumwasser_CTPS,1/10/2025 6:48:29 PM,ajacobsen_CTPS,
50,Transit Grant Program,S12694,,"$680,911",ICC,Newton,Newton,NewMo Microtransit Service Expansion,87,2025,6,"$680,911",$-,$-,$-,$-,$-,,,,Service,Community Connections,,,,"$680,911",,Y,,a1df53a9-a5bf-44da-9a7a-1e58dca346e0,,,N/A,0.1,356.954608446434,12/26/2024 9:12:25 PM,sstrumwasser_CTPS,1/10/2025 6:48:29 PM,ajacobsen_CTPS,
51,Flex to FTA,S12701,"This project will expand MetroWest RTA’s existing CatchConnect microtransit service in Framingham, Natick, and Wellesley to include the municipalities of Hudson and Marlborough. This added service region will allow consumers to connect to MWRTA fixed-route services in the area, including the Route 7 traveling north and south to Framingham and the Route 7C travelling east and west through downtown Marlborough. CatchConnect service allows riders to book on-demand trips via an existing mobile application or telephone. The first year of funding for this project was in Federal Fiscal Year 2023 with $141,250 in funding.","$450,163",MWRC,"Marlborough, Hudson",MWRTA,CatchConnect Microtransit Service Expansion (Marlborough and Hudson Expansion),59,2023-2025,3,"$450,163","$159,488",$-,$-,$-,$-,,Funding in 2023 and 2024,2023-2027; 2024-2028,Service,Community Connections,,,,"$450,163",,Y,,85793454-31aa-46e8-a7f4-790fd5f27c9c,"Linked geometry: marlborough, hudson",,N/A,0.1,227.851991368714,12/26/2024 9:12:25 PM,sstrumwasser_CTPS,1/10/2025 6:48:29 PM,ajacobsen_CTPS,
52,Bicycle and Pedestrian,S12958,"The City of Boston proposes the installation of 1,600 bike racks (3,200 bike parking spaces). These racks are fabricated to slide over existing parking meter poles as part of an ongoing effort by the City to replace all 6,000 single-space parking meters in Boston with multi-space meter kiosks. This project would dramatically increase bicycle parking in Boston’s busiest commercial and job centers.","$590,348",ICC,Boston,Boston,"Boston BlueBikes Station Replacement and Electrification, 12 Stations",76.5,2025,6,"$590,348","$590,348",$-,$-,$-,$-,,,,Infrastructure,Community Connections,,,,"$590,348",,Y,,26ac5161-3dc6-4b3d-be1b-0daaf01baf77,Linked geometry: city of Boston,,N/A,0.1,353.70592224596,12/26/2024 9:12:25 PM,sstrumwasser_CTPS,1/10/2025 6:48:29 PM,ajacobsen_CTPS,
53,Bicycle and Pedestrian,S12967,"The Town of Scituate will procure 25 bicycle racks providing 50 spaces in North Scituate Village and Scituate Harbor, which are commercial hubs and public open-space facilities. The town centers are hubs for pedestrians and are linked by sidewalks to various areas of open space and recreation, along with shops, grocery stores, and co-working spaces.","$22,800",SSC,Scituate,Scituate,Installation of 25 Bicycle Racks,45.5,2025,5,"$22,800","$22,800",$-,$-,$-,$-,,,,Infrastructure,Community Connections,,,,"$22,800",,Y,,28ef3f76-5b84-4b5c-816f-a41b33dd96e3,Linked geometry: town of Scituate,,N/A,0.1,145.439131666945,12/26/2024 9:12:25 PM,sstrumwasser_CTPS,1/10/2025 6:48:29 PM,ajacobsen_CTPS,
54,Transit Grant Program,S12968,This project will incorporate cashless payment for ADA and dial-a-ride customers of CATA’s services to improve accessibility for the system.,"$65,000",NSTF,"Gloucester, Rockport, Essex, Ipswich, Hamilton",CATA,CATA- Fare Upgrades for ADA and Dial-a-Ride Customers,N/A,2025,4,"$65,000","$65,000",$-,$-,$-,$-,,,,Service,Transit Transformation,,,,"$65,000",,Y,,9f8c4815-6096-4f44-8b25-562b623739f9,"Linked geometry: Rockport, Gloucester, Hamilton, Essex, Ipswich",,N/A,0.1,249.458163858723,12/26/2024 9:12:25 PM,sstrumwasser_CTPS,1/10/2025 6:48:29 PM,ajacobsen_CTPS,
55,Flex to FTA,S12976,,"$5,000,000",ICC,Boston,MBTA,MBTA-Nubian Square Accessibility and Operational Improvements,N/A,2025,6,"$5,000,000","$5,000,000",$-,$-,$-,$-,,,,Infrastructure,Transit Transformation,,,,"$5,000,000",,Y,,4caba47f-7fa2-4b9c-ba8f-b31cf1446f6b,,,N/A,0.1,433.100405690235,12/26/2024 9:12:25 PM,sstrumwasser_CTPS,1/10/2025 6:48:29 PM,ajacobsen_CTPS,
56,Flex to FTA,S12819,"This project includes construction of a new elevator, modernization of an existing elevator, lighting improvements, busway reconfiguration, and various state-of- good-repair improvements to Jackson Square Station on the MBTA’s Orange Line. This project was funded for $12.25 million in FFY 2024 in the FFY 2024–28 TIP, with a total funding contribution between FFYs 2024 and 2025 of $33,500,000 by the Boston Region MPO.","$33,500,000",ICC,Boston,MBTA,Jackson Square Station Accessibility Improvements,N/A,2024-2025,6,"$33,500,000","$21,250,000",$-,$-,$-,$-,,Funding in 2024,2024-2028,Infrastructure,Transit Transformation,,,,"$33,500,000",,Y,,cd5cee7b-4c58-4f42-b3e0-39133e234299,,,N/A,0.1,295.909323207917,12/26/2024 9:12:25 PM,sstrumwasser_CTPS,1/10/2025 6:48:29 PM,ajacobsen_CTPS,
57,Flex to FTA,S12974,,"$5,000,000",ICC,Cambridge,MBTA,MBTA-Central Square Station Accessibility Improvements,N/A,2025,6,"$5,000,000","$5,000,000",$-,$-,$-,$-,,,,Infrastructure,Transit Transformation,,,,"$5,000,000",,Y,,53883c40-c151-415d-82f8-90d988b3cb62,,,N/A,0.1,457.781734301863,12/26/2024 9:12:25 PM,sstrumwasser_CTPS,1/10/2025 6:48:29 PM,ajacobsen_CTPS,
58,Bicycle and Pedestrian,S12960,"The City of Cambridge proposes replacing eight Bluebikes Stations that have reached the end of their useful life. These stations include Central Square at Massachusetts Avenue and Essex Street, Lafayette Square at Massachusetts Avenue and Main Street, Lower Cambridgeport at Magazine Street, One Broadway/Kendall Square at Main Street, Harvard University Housing at Peabody Terrace, Harvard University River Houses at DeWolfe Street, Linear Park at Massachusetts Avenue and Cameron Avenue, and Porter Square Station. The City further proposes the replacement of 65 pedal bicycles that have reached the end of their useful life.","$385,456",ICC,Cambridge,Cambridge,"Cambridge BlueBikes State of Good Repair, 8 Stations and 65 Pedal Bikes",68.5,2025,6,"$385,456","$385,456",$-,$-,$-,$-,,,,Infrastructure,Community Connections,,,,"$385,456",,Y,,7562c48f-8748-4c43-bae5-b9f88f8e37f5,Linked geometry: city of Cambridge,,N/A,0.1,181.777532830305,12/26/2024 9:12:25 PM,sstrumwasser_CTPS,1/10/2025 6:48:29 PM,ajacobsen_CTPS,
59,Bicycle and Pedestrian,S12965,,"$90,878",ICC,Arlington,Arlington,Installation of 123 Bicycle Racks and Related Materials,74.5,2025,4,"$90,878","$90,878",$-,$-,$-,$-,,,,Infrastructure,Community Connections,,,,"$90,878",,Y,,d0dfe1b1-b78a-47fb-9328-3a0f6c557116,Linked geometry: town of Arlington,,N/A,0.1,197.271259993015,12/26/2024 9:12:25 PM,sstrumwasser_CTPS,1/10/2025 6:48:29 PM,ajacobsen_CTPS,
60,Bicycle and Pedestrian,S12961,"The Town of Brookline will replace three Bluebikes stations at Beacon and Centre Streets, Beacon at Tappan Street, and Brookline Village–Station Street, as the stations have reached the end of their useful life. The stations at Coolidge Corner and Brookline Village have the greatest ridership within Brookline’s network. These sites offer connections to multiple MBTA Green Line stations and bus routes, including the C and D Branches of the Green Line and the Route 66 and 65 high-frequency bus routes. The project will also replace 62 pedal bicycles that have reached the end of their useful life.","$200,000",ICC,Brookline,Brookline,"Brookline BlueBikes State of Good Repair, 3 Stations and 62 Pedal Bikes",68.5,2025,6,"$200,000","$200,000",$-,$-,$-,$-,,,,Infrastructure,Community Connections,,,,"$200,000",,Y,,f2aae68f-f787-4b0e-8563-93bedb9ec732,Linked geometry: town of Brookline,,N/A,0.1,148.580863903343,12/26/2024 9:12:25 PM,sstrumwasser_CTPS,1/10/2025 6:48:29 PM,ajacobsen_CTPS,
61,Bicycle and Pedestrian,S12962,"The City of Somerville proposes replacing 13 Bluebikes stations that have reached the end of their useful life. These stations include Somerville City Hall, Union Square Station, Beacon Street at Washington Street, Conway Park, Wilson Square, Davis Square, Ball Square, Powder House Circle/Nathan Tufts Park, Packard Avenue, Teele Square, 191 Beacon Street, Perry Park, and Broadway at Mount Pleasant Street.","$278,127",ICC,Somerville,Somerville,"Somerville Bluebikes State of Good Repair, 13 Stations",67.5,2025,4,"$278,127","$278,127",$-,$-,$-,$-,,,,Infrastructure,Community Connections,,,,"$278,127",,Y,,4b77febe-6d2e-45ed-acc5-d3bdb33f426b,Linked geometry: city of Somerville,,N/A,0.1,171.482891782729,12/26/2024 9:12:25 PM,sstrumwasser_CTPS,1/10/2025 6:48:29 PM,ajacobsen_CTPS,
62,Transit Grant Program,S12699,"This project will create a local shuttle service that will connect Stoneham residents and employees of Stoneham businesses to transportation options in surrounding communities during peak hours and within Stoneham during non-peak hours. The primary goal of this project is to fill gaps in the existing MBTA service network by creating an east-west connection across Stoneham where only north-south MBTA bus service exists today. The Town plans to use a 24-passenger bus that would operate on a 12-hour/day schedule Monday-Friday, with shorter hours on Saturday. During peak hours, the shuttle would stop at defined destinations along the route. During off-peak hours, the shuttle could go off-route based on the needs of riders. This project is funded through the third round of grants available through the MPO’s Community Connections Program and was funded for $330,189 in FFY 2023 and $261,439 in FFY 2024.","$796,817",NSPC,Stoneham,Stoneham,Stoneham Shuttle Service,72,2023-2025,4,"$796,817","$205,189",$-,$-,$-,$-,,Funding in 2024,2023-2027; 2024-2028,Service,Community Connections,,,,"$796,817",,Y,,695b264e-7314-4736-8f61-cc5b8d8a78bd,Linked geometry: town of stoneham,,N/A,0.1,170.291759705647,12/26/2024 9:12:25 PM,sstrumwasser_CTPS,1/10/2025 6:48:29 PM,ajacobsen_CTPS,
63,Transit Grant Program,S12972,"The MWRTA is requesting $1,980,000 from FFY 2025 of the Transit Transformation Program to purchase three 29-foot low-floor bus vehicles powered by compressed natural gas (CNG) for its Route 4N and Route 4S bus routes in Framingham. The MWRTA currently operates cutaway van vehicles on those routes, which at times have insufficient capacity for safe usage by riders during peak travel hours. These vehicles would be the first of their type for the MWRTA fleet and would be a step towards later adoption of other lowemission vehicles to improve service.","$1,980,000",Multiple,"Hudson, Sudbury, Wayland, Weston, Framingham, Natick, Ashland, Wellesley, Marlborough, Southborough, Sherborn, Dover, Hopkinton, Holliston",MWRTA,MWRTA-Procurement of Three 29 Foot Buses (CNG),52.2,2025,3,"$1,980,000","$1,980,000",$-,$-,$-,$-,,,,Infrastructure,Transit Transformation,,,,"$1,980,000",,Y,,8bc69c85-a771-4df9-9ad2-b1e70e85c051,,,N/A,0.1,231.046824998107,12/26/2024 9:12:25 PM,sstrumwasser_CTPS,1/10/2025 6:48:29 PM,ajacobsen_CTPS,
64,Flex to FTA,S12703,"This project will establish an on-demand microtransit service for the towns of Bolton, Boxborough, Littleton, and Stow, to be operated by the Montachusett Regional Transit Authority (MART). The primary goals of the project are to connect residents to employment centers and activity hubs in the region while providing a low-cost transportation alternative to single-occupancy vehicles. The service will utilize MART’s existing vehicle fleet and will allow riders to book trips through a mobile app. This project was funded through the FFY 2023 round of grants through the MPO’s Community Connections Program, and was funded with $479,066 in that year.","$1,316,061",MAGIC,"Bolton, Boxborough, Littleton, Stow",Montachusett RTA,Montachusett RTA Microtransit Service,57,2023-2025,3,"$1,316,061","$406,641",$-,$-,$-,$-,,Funding in 2024,2023-2027; 2024-2028,Service,Community Connections,,,,"$1,316,061",,Y,,67716bd9-21bb-4d4b-b15f-f7ac6e8765a4,"Linked geometry: bolton, boxboro, littleton, stow",,N/A,0.1,570.296936146301,12/26/2024 9:12:25 PM,sstrumwasser_CTPS,1/10/2025 6:48:29 PM,ajacobsen_CTPS,
65,Transit Grant Program,S12971,"This project will design and engineer improvements to the MetroWest Regional Transit Authority’s Blandin Hub facility, the MWRTA’s primary operations and maintenance building and a key passenger transportation hub. The Blandin Hub may be upgraded to feature an ADA-accessible driver dispatch and driver area within the operations facility. The project includes upgrades to electrical systems and HVAC energy recovery, restrooms, and driver amenities for a new training facility and expanded vehicle bays. The design will expand the customer waiting and transfer area to include a weather-enclosed waiting space in addition to other rider amenities.","$2,500,000",MWRC,Framingham,MWRTA,MWRTA-Blandin Hub Equitable Redesign Initiative,N/A,2025-26,3,"$2,500,000","$1,750,000","$750,000",$-,$-,$-,,,,Infrastructure,Transit Transformation,,,,"$2,500,000",,Y,,b6fca671-f4af-4add-bcd9-fe72e78ca63a,,,N/A,0.1,230.919620397572,12/26/2024 9:12:25 PM,sstrumwasser_CTPS,1/10/2025 6:48:29 PM,ajacobsen_CTPS,
66,Transit Grant Program,S12970,"**Cost increase of $1,800,000 for FFY 2026--might get amended for 2025. This project will replace four vehicles in CATA’s bus fleet that have reached the end of their useful life. Two vehicles reached the end of their lifecycle in 2022 and two in 2023. The vehicles will be procured using an existing option for purchase of diesel electric hybrid buses.","$2,460,000",NSTF,"Gloucester, Rockport, Essex, Ipswich, Hamilton",CATA,CATA-Vehicle Replacement (4 Vehicles),N/A,2025-26,4,"$2,460,000","$1,710,000","$750,000",$-,$-,$-,,,,Infrastructure,Transit Transformation,,,,"$2,460,000",,Y,,5dee5512-5951-4b33-b06f-a9c239a1ce42,"Linked geometry: Rockport, Gloucester, Hamilton, Essex, Ipswich",Yes (rescore),N/A,1.1,248.526278565166,12/26/2024 9:12:25 PM,sstrumwasser_CTPS,1/15/2025 4:40:20 PM,ajacobsen_CTPS,
67,Flex to FTA,S12700,,"$813,291",NSTF,"Gloucester, Rockport",CATA,CATA On Demand Microtransit Service Expansion,61.75,2023-2025,4,"$813,291","$214,776",$-,$-,$-,$-,,Funding in 2024,2023-2027; 2024-2028,Service,Transit Transformation,,,,"$813,291",,Y,,5a21a3ce-0c93-4a2c-89c3-1c714ee1efa7,Linked geometry: rockport and lanesville,,N/A,0.1,248.437136779135,12/26/2024 9:12:25 PM,sstrumwasser_CTPS,1/15/2025 4:40:20 PM,ajacobsen_CTPS,
68,Bicycle and Pedestrian,S12959,"The City of Boston proposes the installation of 1,600 bike racks (3,200 bike parking spaces). These racks are fabricated to slide over existing parking meter poles as part of an ongoing effort by the City to replace all 6,000 single-space parking meters in Boston with multi-space meter kiosks. This project would dramatically increase bicycle parking in Boston’s busiest commercial and job centers.","$379,470",ICC,Boston,Boston,Repurposing Single Space Parking Meter Poles for 1600 Bicycle Racks,82,2025,6,"$379,470","$379,470",$-,$-,$-,$-,,,,Infrastructure,Community Connections,,,,"$379,470",,Y,,4c92407f-568f-4c3b-9ff0-2180eedaa0fc,Linked geometry: city of Boston,,N/A,0.1,353.850322650809,12/26/2024 9:12:25 PM,sstrumwasser_CTPS,1/10/2025 6:48:29 PM,ajacobsen_CTPS,
69,Flex to FTA,S12807,This project will expand the MetroWest Regional Transit Authority’s (MWRTA) CatchConnect mictrotransit program within the municipalities of Framingham and Natick. The expanded service will improve weeknight mobility in evening hours between 7:30 PM and 10:30 PM Monday through Friday to provide a supplemental public transportation resource following the conclusion of traditional fixed-route service.,"$468,125",MWRC,"Framingham, Natick",MWRTA,CatchConnect Microtransit Service Expansion Phase 2 (Framingham and Natick Extended Hours),90,2024-2026,3,"$468,125","$165,625","$162,500",$-,$-,$-,,Funding in 2024,2024-2028,Service,Community Connections,,,,"$503,125",,Y,,7ec30cf4-9298-42b8-a166-2baf2d962392,Linked geometry: Framingham and Natick,,N/A,0.1,228.079632356593,12/26/2024 9:12:25 PM,sstrumwasser_CTPS,1/10/2025 6:48:29 PM,ajacobsen_CTPS,
70,Transit Grant Program,S12969,"**Cost increase of $312,500--might get amended for 2025. This project will modernize and weatherize CATA’s operating facility in Gloucester with plumbing and HVAC upgrades, fuel system storage and hose replacements, repair or replacement of facility windows and garage doors, emergency power supply replacement, and culvert repair to ensure continued access to the facility.","$1,293,000",NSTF,Gloucester,CATA,CATA-Gloucester Facility Modernization,N/A,2025,4,"$1,293,000","$1,293,000",$-,$-,$-,$-,,,2023-2027; 2024-2028,Infrastructure,Transit Transformation,,,,"$1,293,000",,Y,,0db311bd-741d-4ffb-a5af-e8da0e7febf1,,Yes (rescore),N/A,1.1,249.056966447816,12/26/2024 9:12:25 PM,sstrumwasser_CTPS,1/15/2025 4:40:20 PM,ajacobsen_CTPS,
71,Roadway Reconstruction,S13039,"Joint application for design funding may emerge, majority of pavement is in Maynard.",$-,MAGIC,"Acton, Maynard",Acton-Maynard,Route 62 Complete Streets Design (Knox Trail to Waltham Street),N/A,N/A,3,N/A,N/A,N/A,N/A,N/A,N/A,,,,Design,Complete Streets,2023,,,N/A,,N,8/20/2024 12:00:00 AM,218f1d64-d4a0-4eb3-ac48-1ef7d544e1a1,,,Preliminary Design,0.1,2186.45165664677,12/26/2024 9:12:25 PM,sstrumwasser_CTPS,1/10/2025 6:48:29 PM,ajacobsen_CTPS,
72,Bicycle and Pedestrian,S13088,Added through subregional outreach. Feasibility study currently underway.,$-,TRIC,Canton,Canton,"Warner Trail Extension, from Sharon to Blue Hills Reservation",N/A,N/A,6,N/A,N/A,N/A,N/A,N/A,N/A,,,,Infrastructure,Bicycle and Pedestrian,2021,,,N/A,,N,8/20/2024 12:00:00 AM,dfb62f89-0cef-43bb-9602-c1611ef6d8d4,,,Preliminary Design,0.1,21077.9953026779,12/26/2024 9:12:25 PM,sstrumwasser_CTPS,1/10/2025 6:48:29 PM,ajacobsen_CTPS,
73,Roadway Reconstruction,609381,"Not yet at 25% design.  Bayside Engineering handling design, Norman Brown (781-932-3201, nbrown@baysideengineering.com) is PM.  Culvert and turtle crossings.  Town may consider descoping and phasing the project due to cost, per 12/20/2022 conversation with PM.","$21,521,921",NSPC,Lynnfield,Lynnfield,LYNNFIELD- RECONSTRUCTION OF SUMMER STREET,N/A,N/A,4,N/A,N/A,N/A,N/A,N/A,N/A,,,,Infrastructure,Complete Streets,2019,04/18/2019,,N/A,,N,4/18/2019 12:00:00 AM,38005276-9155-4677-bd3b-ce24dcdcf49f,,,PRC Approved,0.1,4308.90020107873,12/26/2024 9:12:25 PM,sstrumwasser_CTPS,1/10/2025 6:48:29 PM,ajacobsen_CTPS,
74,Intersection Improvements,S13087,"Application submitted for FFY 2024-2028 TIP.  Municipality requested $50,000 against a total estimate of $500,000.  Significant funding in local mitigation fund for match.","$500,000",TRIC,Canton,Canton,CANTON- Signal Installation at Randolph Street and York Street,N/A,N/A,6,N/A,N/A,N/A,N/A,N/A,N/A,,,,Infrastructure,Intersection Improvements,2022,,,N/A,,N,8/20/2024 12:00:00 AM,eddde2f6-6109-47b7-89c8-e557578146eb,,,Preliminary Design,0.1,206.173570104754,12/26/2024 9:12:25 PM,sstrumwasser_CTPS,1/10/2025 6:48:29 PM,ajacobsen_CTPS,
75,Roadway Reconstruction,S13086,BETA is design consultant.,$-,TRIC,Medfield,Medfield,MEDFIELD- Reconstruction of Route 109 (Millis T/L to Hartford Street),N/A,N/A,3,N/A,N/A,N/A,N/A,N/A,N/A,,,,Infrastructure,Complete Streets,2021,,,N/A,,N,8/20/2024 12:00:00 AM,b8b79846-4a13-49aa-b14b-cd1f0263dd7f,,,Preliminary Design,0.1,3963.38377169151,12/26/2024 9:12:25 PM,sstrumwasser_CTPS,1/10/2025 6:48:29 PM,ajacobsen_CTPS,
76,Roadway Reconstruction,S13085,"Emerged in discussions following application of Randolph and York Street Signal Installation for FFY 2024-2028 STIP.  Sidewalk installation, bike lanes, crosswalks, roadway rehabilitation, signal improvements at the Route 138 and, potentially, York Street intersection.  Crosswalks near Ponkapoag Pond trailhead.",$-,TRIC,Canton,Canton,"CANTON- Lower Randolph Reconstruction (Route 138, Turnpike Avenue to Colts Crossing)",N/A,N/A,6,N/A,N/A,N/A,N/A,N/A,N/A,,,,Infrastructure,Complete Streets,2023,,,N/A,,N,8/20/2024 12:00:00 AM,66801af2-743d-4cb3-bafc-479f79f16b67,,,Preliminary Design,0.1,1543.7506147517,12/26/2024 9:12:25 PM,sstrumwasser_CTPS,1/10/2025 6:48:29 PM,ajacobsen_CTPS,
77,Bicycle and Pedestrian,S13084,Project at conceptual stage.,$-,SWAP,Sherborn,Sherborn,Upper Charles River Trail Extension to Framingham City Line,N/A,N/A,3,N/A,N/A,N/A,N/A,N/A,N/A,,,,Infrastructure,Bicycle and Pedestrian,2021,,,N/A,,N,8/20/2024 12:00:00 AM,ae858859-89cb-4b10-8eb3-5fd2fe9eaaac,,,Preliminary Design,0.1,2485.12929208504,12/26/2024 9:12:25 PM,sstrumwasser_CTPS,1/10/2025 6:48:29 PM,ajacobsen_CTPS,
78,Roadway Reconstruction,S13049,"Added through subregional outreach. Project is municipal priority, as it's tied to necessary below-grade sewer work.10/12/22: MaPIT is showing that a project was initiated back on 7.14.2020 for this stretch for resurfacing and related work, assuming $600K in total cost (likely lowball).",$-,MWRC,Holliston,Holliston,Reconstruction of Concord Street (Route 126),N/A,N/A,3,N/A,N/A,N/A,N/A,N/A,N/A,,,,Infrastructure,Complete Streets,2021,,,N/A,,N,8/20/2024 12:00:00 AM,7b3875fe-1fcb-4f4f-96a7-0b2b386a61d8,,,Preliminary Design,0.1,2878.54422907237,12/26/2024 9:12:25 PM,sstrumwasser_CTPS,1/10/2025 6:48:29 PM,ajacobsen_CTPS,
79,Safety Improvements,613259,"Added via PRC notification email.  25% design expected within 2024, may apply for funding through FFY 2026-30 TIP.","$2,078,680",ICC,Chelsea,Chelsea,CHELSEA- INTERSECTION IMPROVEMENTS AT EVERETT AVENUE AND 3RD STREET,N/A,N/A,6,N/A,N/A,N/A,N/A,N/A,N/A,,,,Infrastructure,Intersection Improvements,2023,07/06/2023,,N/A,,N,6/1/2023 12:00:00 AM,d2cfd97b-d4c4-42ec-a1b7-8f2d1eeff3d2,,,PRC Approved,0.1,137.157911060145,12/26/2024 9:12:25 PM,sstrumwasser_CTPS,1/10/2025 6:48:29 PM,ajacobsen_CTPS,
80,Bicycle_and_Pedestrian,S13048,Sought funding for FFY 2025 Project Design Pilot.,"$9,000,000",MAGIC,Hudson,Hudson,Mass Central Rail Trail Extension,N/A,N/A,3,N/A,N/A,N/A,N/A,N/A,N/A,,,,Infrastructure,Bicycle and Pedestrian,,,,N/A,,N,8/20/2024 12:00:00 AM,c5cf1c73-a005-4361-ab51-77b66f53e432,,,N/A,0.1,2955.63005851874,12/26/2024 9:12:25 PM,sstrumwasser_CTPS,1/10/2025 6:48:29 PM,ajacobsen_CTPS,
81,Bicycle and Pedestrian,613258,Design funding is a separate line item in the TIP.  This project is the Border to Boston Trail section for Salem and Peabody.,"$1,021,556",NSTF,"Peabody, Salem","Peabody, Salem",Harmony Grove Multi-Use Path Construction,N/A,N/A,4,N/A,N/A,N/A,N/A,N/A,N/A,,,,Infrastructure,Bicycle and Pedestrian,2022,06/01/2023 ,,N/A,,N,6/1/2023 12:00:00 AM,0188b3f2-ea03-4dde-a437-f5edcaecca7b,,,PRC Approved,0.1,765.489618400289,12/26/2024 9:12:25 PM,sstrumwasser_CTPS,1/10/2025 6:48:29 PM,ajacobsen_CTPS,
82,Roadway Reconstruction,S13047,,$-,MWRC,Wellesley,Wellesley,Route 135 Reconstruction (Natick Town Line to Weston Road),N/A,N/A,6,N/A,N/A,N/A,N/A,N/A,N/A,,,,Infrastructure,Complete Streets,2022,,,N/A,,N,8/20/2024 12:00:00 AM,85e6f3f3-73f1-4640-bb2d-0db4972b7f89,,,Preliminary Design,0.1,1904.27533980055,12/26/2024 9:12:25 PM,sstrumwasser_CTPS,1/10/2025 6:48:29 PM,ajacobsen_CTPS,
83,Intersection Improvements,S13046,Based on 3/3/2023 meeting with Lynn.,"$3,000,000",Inner Core,"Lynn, Saugus",Lynn,Intersection Safety Improvements at Boston Street at Hesper &amp; Hamilton Streets,N/A,N/A,4,N/A,N/A,N/A,N/A,N/A,N/A,,,,Infrastructure,Intersection Improvements,2023,,,N/A,,N,8/20/2024 12:00:00 AM,5b7a2327-3821-4702-b922-65cf1af442b8,,,Preliminary Design,0.1,61.0329388578362,12/26/2024 9:12:25 PM,sstrumwasser_CTPS,1/10/2025 6:48:29 PM,ajacobsen_CTPS,
84,Transit Grant Program,S13044,Current constraint is distance from existing Bluebikes network and operating costs.,$-,MAGIC,Lexington,Lexington,Lexington Bikeshare Pilot Program,N/A,N/A,4,N/A,N/A,N/A,N/A,N/A,N/A,,,,Service,Community Connections,2023,,,N/A,,N,8/20/2024 12:00:00 AM,8ad461a1-eb4c-4624-85ed-75bd4da9a912,linked geometry: lexington,,N/A,0.1,149.07849187968,12/26/2024 9:12:25 PM,sstrumwasser_CTPS,1/10/2025 6:48:29 PM,ajacobsen_CTPS,
85,Transit Grant Program,S13043,Application in 2024-2028 TIP.,"$369,911",MAGIC,Concord,Concord,Concord Workforce Shuttle,N/A,N/A,4,N/A,N/A,N/A,N/A,N/A,N/A,,,,Service,Community Connections,2022,,,N/A,,N,8/20/2024 12:00:00 AM,e731fbc2-f241-4509-94ee-70456f14d1e3,linked geometry: concord,,N/A,0.1,99.8709711507354,12/26/2024 9:12:25 PM,sstrumwasser_CTPS,1/10/2025 6:48:29 PM,ajacobsen_CTPS,
86,Capacity,607727,"Project is not programmed in Destination 2040. Is on a regionally-significant roadway, and would expand the interchange. If this project is programmed in the TIP and adds roadway capacity, this project will need to be included in Destination 2050.","$23,000,000",NSTF,Beverly,Beverly,BEVERLY- INTERCHANGE RECONSTRUCTION AT ROUTE 128/EXIT 19 AT BRIMBAL AVENUE (PHASE II),N/A,N/A,4,N/A,N/A,N/A,N/A,N/A,N/A,,,,Infrastructure,Major Infrastructure,2021,04/07/2014,,N/A,,N,4/7/2014 12:00:00 AM,c525642b-1296-454d-a470-6b98d771f819,,,PRC Approved,0.1,2424.41694610363,12/26/2024 9:12:25 PM,sstrumwasser_CTPS,1/10/2025 6:48:29 PM,ajacobsen_CTPS,
87,Intersection Improvements,S13041,"Per discussion on 11/9/23.  Town has had significant design progress internally, still working to move forward with it.","$2,000,000",MAGIC,Acton,Acton,ACTON- Intersection Improvements at Hayward Road and Route 27,N/A,N/A,3,N/A,N/A,N/A,N/A,N/A,N/A,,,,Infrastructure,Intersection Improvements,2023,,,N/A,,N,8/20/2024 12:00:00 AM,edbc7d18-9b3e-4921-812b-6912a2b1c271,,,Preliminary Design,0.1,100.981695143652,12/26/2024 9:12:25 PM,sstrumwasser_CTPS,1/10/2025 6:48:29 PM,ajacobsen_CTPS,
88,Roadway Reconstruction,612739,North Road to match line near Loomis Street.  SRTS project completed in the area under 608000.,"$10,899,448",MAGIC,Bedford,Bedford,Roadway Reconstruction of Route 4/225 (The Great Road),N/A,N/A,4,N/A,N/A,N/A,N/A,N/A,N/A,,,,Infrastructure,Complete Streets,2022,05/12/2022,,N/A,,N,8/20/2024 12:00:00 AM,da64ecea-3320-43fa-bc75-1441ff552826,,,PRC Approved,0.1,2845.86040659409,12/26/2024 9:12:25 PM,sstrumwasser_CTPS,1/10/2025 6:48:29 PM,ajacobsen_CTPS,
89,Intersection Improvements,S13050,First discussed on 5/28/24 during discussion with Evan White in Ashland DPW.,$-,MWRC,Ashland,Ashland,ASHLAND- Intersection Improvements at Fountain and Union Street,N/A,N/A,3,N/A,N/A,N/A,N/A,N/A,N/A,,,,Infrastructure,Intersection Improvements,2024,,,N/A,,N,8/20/2024 12:00:00 AM,372cca4c-490e-4aba-a4f7-856c6d7d8dcf,,,Preliminary Design,0.1,51.1430853058463,12/26/2024 9:12:25 PM,sstrumwasser_CTPS,1/10/2025 6:48:29 PM,ajacobsen_CTPS,
90,Roadway Reconstruction,612605,PNF entered in Jan 2022,"$13,047,281",SSC,Rockland,Rockland,ROCKLAND- CORRIDOR IMPROVEMENTS ON VFW DRIVE/WEYMOUTH STREET,N/A,N/A,5,N/A,N/A,N/A,N/A,N/A,N/A,,,,Infrastructure,Complete Streets,2021,02/10/2022,,N/A,,N,2/10/2022 12:00:00 AM,6e45d775-32bc-41c9-ad2a-95a97f981f33,,,PRC Approved,0.1,2667.52082386862,12/26/2024 9:12:25 PM,sstrumwasser_CTPS,1/10/2025 6:48:29 PM,ajacobsen_CTPS,
91,Safety Improvements,609288,,"$14,000,000",Inner Core,Newton,MassDOT,NEWTON- TRAFFIC SIGNAL AND SAFETY IMPROVEMENTS AT INTERCHANGE 127 (NEWTON CORNER),N/A,N/A,6,N/A,N/A,N/A,N/A,N/A,N/A,,,,Infrastructure,Major Infrastructure,2019,12/06/2018,,N/A,,N,12/6/2018 12:00:00 AM,70df2ce8-6dde-45f1-833e-251f9f49e560,,,PRC Approved,0.1,4492.95047429907,12/26/2024 9:12:25 PM,sstrumwasser_CTPS,1/10/2025 6:48:29 PM,ajacobsen_CTPS,
92,Bicycle and Pedestrian,612602,Meant to connect into Project 608954.  District 6 priority to ensure that the shared-use-path there ties in to the rest of the bicycle network and concludes at a logical terminus.,"$1,050,000",MWRC,Weston,MassDOT,Shared Use Path Connection on Route 30,N/A,N/A,6,N/A,N/A,N/A,N/A,N/A,N/A,,,,Infrastructure,Bicycle and Pedestrian,2022,02/10/2022,,N/A,,N,2/10/2022 12:00:00 AM,aa5211cc-e4a7-4f55-9c0d-c9fd4434d341,,,PRC Approved,0.1,5926.6507262631,12/26/2024 9:12:25 PM,sstrumwasser_CTPS,1/10/2025 6:48:29 PM,ajacobsen_CTPS,
93,Capacity,611999,,"$2,397,600",ICC,"Revere, Saugus","Revere, Saugus",REVERE- SAUGUS- ROADWAY WIDENING ON ROUTE 1 NORTH (PHASE 2),N/A,N/A,4,N/A,N/A,N/A,N/A,N/A,N/A,,,,Infrastructure,Major Infrastructure,2021,01/28/2021,Y,N/A,,N,1/28/2021 12:00:00 AM,41ab7d2a-8000-4179-8b7d-dcebdcb53491,,,PRC Approved,0.1,55316.2705188768,12/26/2024 9:12:25 PM,sstrumwasser_CTPS,1/10/2025 6:48:29 PM,ajacobsen_CTPS,
94,Bridge Inspections,612601,,"$97,538,787",ICC,"Boston, Chelsea",Boston,"BOSTON- CHELSEA- BRIDGE REHABILITATION, B-16-019, MERIDIAN STREET OVER THE CHELSEA RIVER",N/A,N/A,6,N/A,N/A,N/A,N/A,N/A,N/A,,,,Infrastructure,Major Infrastructure,2021,02/10/2022,,N/A,,N,2/10/2022 12:00:00 AM,8c3da975-3b78-4383-b1ff-24fcf81fac0f,,,PRC Approved,0.1,595.006273440809,12/26/2024 9:12:25 PM,sstrumwasser_CTPS,1/10/2025 6:48:29 PM,ajacobsen_CTPS,
95,Intersection Improvements,613704,,"$6,183,000",TRIC,Randolph,Randolph,"RANDOLPH- INTERSECTION IMPROVEMENTS AT ROUTE 28, ROUTE 139, AND NORTH STREET",N/A,N/A,6,N/A,N/A,N/A,N/A,N/A,N/A,,,,Infrastructure,Intersection Improvements,2024,05/31/2024,,N/A,,N,5/31/2024 12:00:00 AM,a69c7cbc-e876-4133-b67e-df555e778863,,,PRC Approved,0.1,167.437368453424,12/26/2024 9:12:25 PM,sstrumwasser_CTPS,1/10/2025 6:48:29 PM,ajacobsen_CTPS,
96,Bicycle and Pedestrian,613096,Project Info # is being reserved for this project's construction.  Recent earmark recipient for design under FFY22 House THUD bill (Rep. Lori Trahan).  Design line item added to FFY23-27 in AM2 and is retaining a project ID # S12749.,"$2,232,174",MAGIC,Stow,Stow,Shared Use Path Construction on Track Road along Assabet River Rail Trail,N/A,N/A,3,N/A,N/A,N/A,N/A,N/A,N/A,,,,Infrastructure,Bicycle and Pedestrian,2022,06/16/2023,,N/A,,N,12/20/2022 12:00:00 AM,142e2596-5d72-4933-8b8c-3fef7934dddf,,,Scope to DE,0.1,5370.35704210495,12/26/2024 9:12:25 PM,sstrumwasser_CTPS,1/10/2025 6:48:29 PM,ajacobsen_CTPS,
97,Roadway Reconstruction,609280,,"$2,520,000",MWRC,Framingham,MassDOT,"FRAMINGHAM- ROUNDABOUT CONSTRUCTION AT SALEM END ROAD, BADGER ROAD AND GATES STREET",N/A,N/A,3,N/A,N/A,N/A,N/A,N/A,N/A,,,,Infrastructure,Intersection Improvements,2019,12/06/2018,,N/A,,N,12/6/2018 12:00:00 AM,bff8a655-fbeb-436e-905e-fc253789b8b6,,,PRC Approved,0.1,266.199138208032,12/26/2024 9:12:25 PM,sstrumwasser_CTPS,1/10/2025 6:48:29 PM,ajacobsen_CTPS,
98,Roadway Reconstruction,612737,,"$12,061,330",NSTF,Rockport,Rockport,ROCKPORT- ROADWAY RECONSTRUCTION OF ROUTE 127A (THATCHER ROAD),N/A,N/A,4,N/A,N/A,N/A,N/A,N/A,N/A,,,,Infrastructure,Complete Streets,2023,01/23/2023,,N/A,,N,9/15/2022 12:00:00 AM,ff819524-8240-4b9f-8278-2889c2bb1ee4,,,PRC Approved,0.1,1117.63758169921,12/26/2024 9:12:25 PM,sstrumwasser_CTPS,1/10/2025 6:48:29 PM,ajacobsen_CTPS,
99,Roadway Reconstruction,602310,Updated 75% design submission needed for project to move forward. Last scored for FFYs 2020-24 TIP.,"$5,183,121",NSTF,Danvers,Danvers,"Reconstruction on Collins Street, from Sylvan Street to Centre and Holten Streets, Includes Rehab of D-03-023",N/A,N/A,4,N/A,N/A,N/A,N/A,N/A,N/A,,,,Infrastructure,Complete Streets,2017 or earlier,03/05/2010,Y,N/A,,N,10/7/1997 12:00:00 AM,2f5ff676-6f0d-40a6-8b60-692c9e1e3280,,,75% Design,0.1,1482.89507150905,12/26/2024 9:12:25 PM,sstrumwasser_CTPS,1/10/2025 6:48:29 PM,ajacobsen_CTPS,
100,Roadway Reconstruction,608406,Milton also in ICC subregion.,"$3,665,146",TRIC,Milton,MassDOT,"Reconstruction on Granite Avenue, from Neponset River to Squantum Street (5,000 feet)",N/A,N/A,6,N/A,N/A,N/A,N/A,N/A,N/A,,,,Infrastructure,Complete Streets,2017 or earlier,02/10/2017,,N/A,,N,12/11/2015 12:00:00 AM,141017a7-0989-47c7-a892-074405023d45,,,25% Design,0.1,2320.39848556684,12/26/2024 9:12:25 PM,sstrumwasser_CTPS,1/10/2025 6:48:29 PM,ajacobsen_CTPS,
101,Roadway Reconstruction,S13019,"Pedestrian crossings, bike lanes, street trees. Design through Toole with some facilitation from MassDOT.  Three options were pushed through and endorsed by the Select Board. Town met with District 6 to run through this.  Should be in PRC soon.","$3,500,000",ICC,Brookline,Brookline,Boylston Street (High Street to Brington Road) Complete Streets Improvements,N/A,N/A,6,N/A,N/A,N/A,N/A,N/A,N/A,,,,Infrastructure,Complete Streets,2022,,,N/A,,N,8/20/2024 12:00:00 AM,46f06c5b-b491-4103-9228-f4e6bbcae0af,,,Preliminary Design,0.1,1616.05717539584,12/26/2024 9:12:25 PM,sstrumwasser_CTPS,1/10/2025 6:48:29 PM,ajacobsen_CTPS,
102,Capacity,612004,,"$38,218,334",ICC,"Everett, Somerville",DCR,Mystic River Bicycle and Pedestrian Crossing,N/A,N/A,4,N/A,N/A,N/A,N/A,N/A,N/A,,,,Infrastructure,Bicycle and Pedestrian,2021,07/06/2023,,N/A,,N,1/28/2021 12:00:00 AM,6b0ed084-cb62-46e0-ad8f-df3c4706b745,,,75% Design,0.1,372.809393962647,12/26/2024 9:12:25 PM,sstrumwasser_CTPS,1/10/2025 6:48:29 PM,ajacobsen_CTPS,
103,Roadway Reconstruction,S13017,"Resulted from FFY 2012 Addressing Priority Corridors MPO Study.  Entirety of Morton from Gallivan to Arborway. Nearer term safety improvements proposed in 2027.  Still among City of Boston's priorities because of the Shattuck Redevelopment. High likelihood of LRTP status. Shea Circle no longer exists after the Forest Hills redesign, western terminus is now Circuit Drive.",$-,ICC,Boston,MassDOT,"Improvements on Morton Street (Route 203), from West of Gallivan Boulevard to Shea Circle",N/A,N/A,6,N/A,N/A,N/A,N/A,N/A,N/A,,,,Infrastructure,Complete Streets,2018,,,N/A,,N,8/20/2024 12:00:00 AM,4d3351e8-deef-4f5c-9c93-ee99d68c543e,,,Preliminary Design,0.1,6072.3153806616,12/26/2024 9:12:25 PM,sstrumwasser_CTPS,1/10/2025 6:48:29 PM,ajacobsen_CTPS,
104,Roadway Reconstruction,608449,Last scored for FFYs 2020-24 TIP.,"$31,036,006",ICC,Boston,Boston,"Roadway Improvements along Commonwealth Avenue (Route 30), from Alcorn Street to Warren/Kelton (Phase 3 and Phase 4)",N/A,N/A,6,N/A,N/A,N/A,N/A,N/A,N/A,,,,Infrastructure,Complete Streets,2017 or earlier,09/28/2017,,N/A,,N,2/11/2016 12:00:00 AM,6951c1c7-1986-425e-a32b-1619751d249f,,,25% Design,0.1,6574.21177828621,12/26/2024 9:12:25 PM,sstrumwasser_CTPS,1/10/2025 6:48:29 PM,ajacobsen_CTPS,
105,Roadway Reconstruction,S13016,,,ICC,Boston,Boston,RECONSTRUCTION OF ALBANY STREET,N/A,N/A,6,N/A,N/A,N/A,N/A,N/A,N/A,,,,Infrastructure,Complete Streets,2021,,,N/A,,N,8/20/2024 12:00:00 AM,165e9ab1-cb49-487f-9285-cd013aabe398,,,Preliminary Design,0.1,1908.29552046156,12/26/2024 9:12:25 PM,sstrumwasser_CTPS,1/10/2025 6:48:29 PM,ajacobsen_CTPS,
106,Intersection Improvements,610820,Milton also in ICC subregion.  Preliminary design.,"$1,799,330",TRIC,Milton,Milton,"MILTON- ADAMS STREET IMPROVEMENTS, FROM RANDOLPH AVENUE TO ELIOT STREET",N/A,N/A,6,N/A,N/A,N/A,N/A,N/A,N/A,,,,Infrastructure,Complete Streets,2020,04/30/2020,,N/A,,N,4/30/2020 12:00:00 AM,74ab46b1-8c6e-4b0f-8e8c-30bb33650d9b,,,PRC Approved,0.1,160.463251993775,12/26/2024 9:12:25 PM,sstrumwasser_CTPS,1/10/2025 6:48:29 PM,ajacobsen_CTPS,
107,Roadway Reconstruction,S13015,"Resulted from FFY 2012 Addressing Priority Corridors MPO Study.  Entirety of Gallivan.  A portion of this corridor is included in project 610650 for Safety Improvements, and is funded in FFY 2027 of the Statewide Highway Program.","$80,000,000",ICC,Boston,MassDOT,"Reconstruction of Gallivan Boulevard (Route 203), from Neponset Circle to East of Morton Street Intersection",N/A,N/A,6,N/A,N/A,N/A,N/A,N/A,N/A,,,,Infrastructure,Complete Streets,2018,,,N/A,,N,8/20/2024 12:00:00 AM,d6bf7525-e388-4811-b85a-3b1e9ea6dc80,,,PRC Approved,0.1,4484.12147849166,12/26/2024 9:12:25 PM,sstrumwasser_CTPS,1/10/2025 6:48:29 PM,ajacobsen_CTPS,
108,Roadway Reconstruction,S13059,PNF submitted (12/27/16),$-,NSTF,Manchester-by-the-Sea,Manchester-by-the-Sea,Pine Street - Central Street (Route 127) to Rockwood Heights Road,N/A,N/A,4,N/A,N/A,N/A,N/A,N/A,N/A,,,,Infrastructure,Complete Streets,2017 or earlier,,,N/A,,N,8/20/2024 12:00:00 AM,b26493a0-167d-4bcc-999e-4294fc3c21c0,,,Preliminary Design,0.1,2112.69170673654,12/26/2024 9:12:25 PM,sstrumwasser_CTPS,1/10/2025 6:48:29 PM,ajacobsen_CTPS,
109,Transit Grant Program,S13058,Significant paratransit consideration.  Losing Merrimack Valley interdistrict service as North Reading falls between the MBTA and MVRTA.,$-,NSPC,North Reading,North Reading,North Reading Human Services Transportation,N/A,N/A,4,N/A,N/A,N/A,N/A,N/A,N/A,,,,Service,Community Connections,2022,,,N/A,,N,8/20/2024 12:00:00 AM,067c84f6-6240-4a6a-897c-d2ebda90e8c9,linked geometry: north reading,,N/A,0.1,384.317649155241,12/26/2024 9:12:25 PM,sstrumwasser_CTPS,1/10/2025 6:48:29 PM,ajacobsen_CTPS,
110,Bicycle and Pedestrian,S13057,,$-,NSPC,"Stoneham, Wakefield","Stoneham, Wakefield",Mystic Highlands Greenway Project,N/A,N/A,4,N/A,N/A,N/A,N/A,N/A,N/A,,,,Infrastructure,Bicycle and Pedestrian,2021,,,N/A,,N,8/20/2024 12:00:00 AM,f59c143e-6c30-47ad-b726-a813de1c97a2,,,Preliminary Design,0.1,30881.355790457,12/26/2024 9:12:25 PM,sstrumwasser_CTPS,1/10/2025 6:48:29 PM,ajacobsen_CTPS,
111,Intersection Improvements,S13056,Project at conceptual stage.,$-,NSPC,Stoneham,Stoneham,"STONEHAM- Intersection Improvements at Main Street (Route 28), Franklin Street, and Central Street",N/A,N/A,4,N/A,N/A,N/A,N/A,N/A,N/A,,,,Infrastructure,Intersection Improvements,2020,,,N/A,,N,8/20/2024 12:00:00 AM,67e35001-460c-49cb-9b9f-dece0f897932,,,Preliminary Design,0.1,189.202107039475,12/26/2024 9:12:25 PM,sstrumwasser_CTPS,1/10/2025 6:48:29 PM,ajacobsen_CTPS,
112,Roadway Reconstruction,S13055,,$-,NSPC,Winchester,Winchester,WINCHESTER- Town Center Complete Streets Improvements,N/A,N/A,4,N/A,N/A,N/A,N/A,N/A,N/A,,,,Infrastructure,Complete Streets,2021,,,N/A,,N,8/20/2024 12:00:00 AM,69e78466-bd5d-4fbe-982e-3c6ab622561b,,,Preliminary Design,0.1,1952.86281935868,12/26/2024 9:12:25 PM,sstrumwasser_CTPS,1/10/2025 6:48:29 PM,ajacobsen_CTPS,
113,Roadway Reconstruction,S13054,,$-,NSPC,Stoneham,Stoneham,"STONEHAM- Reconstruction of South Main Street, from Town Center to South Street",N/A,N/A,4,N/A,N/A,N/A,N/A,N/A,N/A,,,,Infrastructure,Complete Streets,2021,,,N/A,,N,8/20/2024 12:00:00 AM,1627e529-f474-42d6-a421-eb52ca14c527,,,Preliminary Design,0.1,1490.27284073626,12/26/2024 9:12:25 PM,sstrumwasser_CTPS,1/10/2025 6:48:29 PM,ajacobsen_CTPS,
114,Roadway Reconstruction,S13053,Project at conceptual stage.,"$8,000,000",NSPC,Reading,Reading,Reading Downtown Improvement Project,N/A,N/A,4,N/A,N/A,N/A,N/A,N/A,N/A,,,,Infrastructure,Complete Streets,2020,,,N/A,,N,8/20/2024 12:00:00 AM,cab2c316-6dc1-4e31-a925-e76bba13b1da,,,Preliminary Design,0.1,2195.27188352696,12/26/2024 9:12:25 PM,sstrumwasser_CTPS,1/10/2025 6:48:29 PM,ajacobsen_CTPS,
115,Intersection Improvements,613878,Added through subregional outreach. Was S13051.,"$7,757,316",MWRC,Weston,Weston,Intersection Improvements at Route 20 and Highland Street,N/A,N/A,6,N/A,N/A,N/A,N/A,N/A,N/A,,,,Infrastructure,Intersection Improvements,2021,10/02/2024,,N/A,2029,Scoring,8/20/2024 12:00:00 AM,94e34887-e795-4a50-abb9-4ca01de4e05c,,Yes,PRC Approved,0.1,203.223689536951,12/26/2024 9:12:25 PM,sstrumwasser_CTPS,1/10/2025 6:48:29 PM,ajacobsen_CTPS,
116,Roadway Reconstruction,604862,High priority for District 3,$-,SWAP,Bellingham,MassDOT,"BELLINGHAM- RAMP CONSTRUCTION & RELOCATION, I-495 AT ROUTE 126 (HARTFORD AVENUE)",N/A,N/A,3,N/A,N/A,N/A,N/A,N/A,N/A,,,,Infrastructure,Major Infrastructure,2017 or earlier,12/14/2006,,N/A,,N,12/14/2006 12:00:00 AM,7bc06dd6-7e01-4565-aea5-d76e0bb1aa59,,,PRC Approved,0.1,2937.95026717836,12/26/2024 9:12:25 PM,sstrumwasser_CTPS,1/10/2025 6:48:29 PM,ajacobsen_CTPS,
117,Bridge Inspections,612978,"Historic-eligible, needs replacement as it is 1850's era.  Dover awarded an earmark to design.","$12,953,780",TRIC,"Dover, Needham","Dover, Needham","Bridge Replacement, D-10-003=N-04-008, Centre Street over the Charles River",N/A,N/A,6,N/A,N/A,N/A,N/A,N/A,N/A,,,,Infrastructure,Complete Streets,2022,09/15/2022,,N/A,,N,9/15/2022 12:00:00 AM,3c3ea25f-07c4-4b49-8bed-78c069ed0c35,,,PRC Approved,0.1,107.081239711408,12/26/2024 9:12:25 PM,sstrumwasser_CTPS,1/10/2025 6:48:29 PM,ajacobsen_CTPS,
118,Bicycle and Pedestrian,608948,Project may be completed by DCR.,"$1,714,186",SWAP,"Bellingham, Franklin","Bellingham, Franklin",Southern New England Trunkline Trail Construction,N/A,N/A,3,N/A,N/A,N/A,N/A,N/A,N/A,,,,Infrastructure,Bicycle and Pedestrian,2021,05/12/2020,,N/A,,N,5/12/2020 12:00:00 AM,3d9abc96-e53e-4db1-9897-6a1631d0a8e1,,,25% Design,0.1,7547.58083532213,12/26/2024 9:12:25 PM,sstrumwasser_CTPS,1/10/2025 6:48:29 PM,ajacobsen_CTPS,
119,Capacity,606109,"Subject of an FFY23 RCN design grant submission.  Included in Destination 2050 LRTP.
Funded in FFY 2026 for Design. To be scored in FFY 2026-30 TIP.","$115,000,000",MWRC,Framingham,Framingham,FRAMINGHAM- INTERSECTION IMPROVEMENTS @ ROUTE 126/135/MBTA & CSX RAILROAD,N/A,N/A,3,N/A,N/A,N/A,N/A,N/A,N/A,,,,Infrastructure,Major Infrastructure,2019,05/13/2010,,N/A,,N,5/13/2010 12:00:00 AM,e605a61a-f10a-4e3a-9e44-a0b7836d8d0b,,,PRC Approved,0.1,248.489013446353,12/26/2024 9:12:25 PM,sstrumwasser_CTPS,1/10/2025 6:48:29 PM,ajacobsen_CTPS,
120,Roadway Reconstruction,S13060,Project at conceptual stage.,"$800,000",NSTF,Wenham,Wenham,Roadway Reconstruction on Larch Row and Dodges Row,N/A,N/A,4,N/A,N/A,N/A,N/A,N/A,N/A,,,,Infrastructure,Complete Streets,2019,,,N/A,,N,8/20/2024 12:00:00 AM,73d06223-e78b-496d-8442-7cdbc815ff1f,,,Preliminary Design,0.1,4464.66427551425,12/26/2024 9:12:25 PM,sstrumwasser_CTPS,1/10/2025 6:48:29 PM,ajacobsen_CTPS,
121,Roadway Reconstruction,612614,This project reconstructs Route 138 from Randolph Street to the Stoughton Town Line.  It includes sidewalks and bicycle accommodations.,"$24,687,600",TRIC,Canton,MassDOT,Roadway Reconstruction and Related Work on Route 138,N/A,N/A,6,N/A,N/A,N/A,N/A,N/A,N/A,,,,Infrastructure,Complete Streets,2023,02/10/2022,,N/A,,N,2/10/2022 12:00:00 AM,5099a390-97dc-4e4a-ae08-5b79d13e23a3,,,PRC Approved,0.1,9353.04985572892,12/26/2024 9:12:25 PM,sstrumwasser_CTPS,1/10/2025 6:48:29 PM,ajacobsen_CTPS,
122,Roadway Reconstruction,610702,"MassDOT agreed to fund design after 25% design approved. As of October 2022, the project remains in preliminary design.","$3,120,110",MAGIC,Littleton,Littleton,LITTLETON- INTERSECTION IMPROVMENTS AT ROUTE 119 (GREAT ROAD) AND BEAVER BROOK ROAD,N/A,N/A,3,N/A,N/A,N/A,N/A,N/A,N/A,,,,Infrastructure,Intersection Improvements,2020,04/30/2020,,N/A,,N,4/30/2020 12:00:00 AM,0d9abc12-1dd3-4516-b7e4-ba0f22991fdc,,,PRC Approved,0.1,165.909620829567,12/26/2024 9:12:25 PM,sstrumwasser_CTPS,1/10/2025 6:48:29 PM,ajacobsen_CTPS,
123,Roadway Reconstruction,613712,,"$11,902,600",ICC,Winthrop,Winthrop,"WINTHROP- ROADWAY RECONSTRUCTION ON MAIN STREET, FROM WINTHROP STREET TO THE BOSTON TOWN LINE",N/A,N/A,6,N/A,N/A,N/A,N/A,N/A,N/A,,,,Infrastructure,Complete Streets,2024,05/31/2024,,N/A,,N,5/31/2024 12:00:00 AM,a58301da-82a2-475c-b880-477276a09868,,,PRC Approved,0.1,997.105674778638,12/26/2024 9:12:25 PM,sstrumwasser_CTPS,1/10/2025 6:48:29 PM,ajacobsen_CTPS,
124,Roadway Reconstruction,609290,Short-term improvements being initiated.,"$7,000,000",ICC,Cambridge,DCR,"CAMBRIDGE- INTERSECTION IMPROVEMENTS AT FRESH POND PARKWAY/GERRYS LANDING ROAD, FROM BRATTLE STREET TO MEMORIAL DRIVE",N/A,N/A,6,N/A,N/A,N/A,N/A,N/A,N/A,,,,Infrastructure,Major Infrastructure,2019,12/06/2018,,N/A,,N,12/6/2018 12:00:00 AM,895d5191-7bbf-4564-a4f8-211b751713de,,,PRC Approved,0.1,2501.32066371727,12/26/2024 9:12:25 PM,sstrumwasser_CTPS,1/10/2025 6:48:29 PM,ajacobsen_CTPS,
125,Roadway Reconstruction,608497,25% design anticipated July 2022.,"$9,832,500",SWAP,Wrentham,Wrentham,WRENTHAM- CORRIDOR IMPROVEMENTS ON ROUTE 1,N/A,N/A,5,N/A,N/A,N/A,N/A,N/A,N/A,,,,Infrastructure,Complete Streets,2020,02/12/2016,,N/A,,N,2/12/2016 12:00:00 AM,eeb99685-eeed-4444-ac7b-82d8e9817b78,,,PRC Approved,0.1,4243.07447841678,12/26/2024 9:12:25 PM,sstrumwasser_CTPS,1/10/2025 6:48:29 PM,ajacobsen_CTPS,
126,Safety Improvements,609315,,"$2,135,440",NSTF,Essex,Essex,ESSEX- RESURFACING AND TARGETED SAFETY IMPROVEMENTS ON ROUTE 133 (JOHN WISE AVENUE),N/A,N/A,4,N/A,N/A,N/A,N/A,N/A,N/A,,,,Infrastructure,Intersection Improvements,2019,04/18/2019,,N/A,,N,4/18/2019 12:00:00 AM,9af009de-a5cd-4a1c-bc10-8891239ccfe3,,,PRC Approved,0.1,3649.10353186563,12/26/2024 9:12:25 PM,sstrumwasser_CTPS,1/10/2025 6:48:29 PM,ajacobsen_CTPS,
127,Bridge Inspections,612947,"Per 10.11 email with C Quigley, the project received a PRC and a PROJIS ID in September 2022 after a PNF was submitted 8/2022.","$4,453,950",NSTF,Marblehead,Marblehead,MARBLEHEAD- VILLAGE STREET BRIDGE REPLACEMENT M-04-001,N/A,N/A,4,N/A,N/A,N/A,N/A,N/A,N/A,,,,Infrastructure,Complete Streets,2019,09/15/2022,,N/A,,Scoring,9/15/2022 12:00:00 AM,65bb8dca-f4ee-4c7e-ad85-40eb9c8fc38f,,Yes,PRC Approved,0.1,38.3257037176005,12/26/2024 9:12:25 PM,sstrumwasser_CTPS,1/10/2025 6:48:29 PM,ajacobsen_CTPS,https://docs.google.com/spreadsheets/d/1XmOQNdiiucoXcieVkf2Czz-21iyfsqBCv0X2_ndaN14/edit?usp=sharing
128,Bicycle and Pedestrian,S13029,akoumoutsos@tooledesign.com reached out 3/16/2023 to discuss initiation and funding through MassDOT,$-,ICC,Belmont,Belmont,Belmont Community Path Phase 2,N/A,N/A,4,N/A,N/A,N/A,N/A,N/A,N/A,,,,Infrastructure,Bicycle and Pedestrian,2023,,,N/A,,N,8/20/2024 12:00:00 AM,1e3fc09c-02a0-458f-8c9c-7a8ba813615d,,,Preliminary Design,0.1,1526.51871367923,12/26/2024 9:12:25 PM,sstrumwasser_CTPS,1/10/2025 6:48:29 PM,ajacobsen_CTPS,
129,Intersection Improvements,612740,Added through subregional outreach. Town has advanced design outside of TIP process. District supports project.  Budget has increased from original $5M estimate in 2021.,"$11,902,600",TRIC,Foxborough,Foxborough,FOXBOROUGH- INTERSECTION IMPROVEMENTS AT ROUTE 140/WALNUT STREET AND ROUTE 140/I-95 (SB RAMP),N/A,N/A,5,N/A,N/A,N/A,N/A,N/A,N/A,,,,Infrastructure,Intersection Improvements,2021,05/12/2022,,N/A,,N,5/12/2022 12:00:00 AM,4032ddfc-9029-41ca-b53f-4162bf2c2347,,,PRC Approved,0.1,2125.89811980849,12/26/2024 9:12:25 PM,sstrumwasser_CTPS,1/10/2025 6:48:29 PM,ajacobsen_CTPS,
130,Roadway Reconstruction,613144,"In 2022, the project received PRC approval for a design-only contract.  The project may seek funding through the TIP.  The project has expanded to be an interchange reconstruction, and the Hartwell Avenue component may emerge separately.  The estimated construction cost for this project is likely to increase.Preliminary design funding for this project is programmed in FFY 2026.","$150,000",MAGIC,Lexington,Lexington,LEXINGTON- SAFETY IMPROVEMENTS AT ROUTE I-95 AND ROUTE 4/225 INTERCHANGE (DESIGN ONLY),N/A,N/A,4,N/A,N/A,N/A,N/A,N/A,N/A,,,,Infrastructure,Major Infrastructure,2019,12/20/2022,,N/A,,N,12/20/2022 12:00:00 AM,b416640d-ee1c-4003-b101-318ec7ae0314,,,PRC Approved,0.1,5261.04480413009,12/26/2024 9:12:25 PM,sstrumwasser_CTPS,1/10/2025 6:48:29 PM,ajacobsen_CTPS,
131,Roadway Reconstruction,S13026,"Project at conceptual stage with schematics, needs full design - investigating roundabout.  Key East/West connection.",,ICC,Revere,Revere,"Reconstruction of Ocean Ave, Revere Street, and Revere Beach Boulevard",N/A,N/A,4,N/A,N/A,N/A,N/A,N/A,N/A,,,,Infrastructure,Complete Streets,2020,,,N/A,,N,8/20/2024 12:00:00 AM,340707cb-4f14-428c-a040-ce214156ea9d,,,Preliminary Design,0.1,8650.48332843224,12/26/2024 9:12:25 PM,sstrumwasser_CTPS,1/10/2025 6:48:29 PM,ajacobsen_CTPS,
132,Bicycle and Pedestrian,611932,,"$1,750,700",SWAP,Hopkinton,Hopkinton,"Campus Trail Connector, Shared Use Trail Construction",N/A,N/A,3,N/A,N/A,N/A,N/A,N/A,N/A,,,,Infrastructure,Bicycle and Pedestrian,2020,09/24/2020,,N/A,,N,9/24/2020 12:00:00 AM,a1941e62-03de-461d-924b-52c03ce4b524,,,PRC Approved,0.1,2818.66068897657,12/26/2024 9:12:25 PM,sstrumwasser_CTPS,1/10/2025 6:48:29 PM,ajacobsen_CTPS,
133,Roadway Reconstruction,S13025,,$-,ICC,Newton,Newton,"Reconstruction of Washington Street, from Church Street to Chestnut Street",N/A,N/A,6,N/A,N/A,N/A,N/A,N/A,N/A,,,,Infrastructure,Complete Streets,2020,,,N/A,,N,8/20/2024 12:00:00 AM,7157ed86-dea5-4523-b397-da66ff9cff2a,,,Preliminary Design,0.1,3004.22974764561,12/26/2024 9:12:25 PM,sstrumwasser_CTPS,1/10/2025 6:48:29 PM,ajacobsen_CTPS,
134,Roadway_Improvements,613818,Phase 3: formerly part of S13024,"$8,176,241.40",ICC,Malden,Malden,"MALDEN- IMPROVEMENTS ON CENTRE STREET (ROUTE 60), FROM PEARLS STREET TO FRANKLIN STREET (PHASE 3)",N/A,N/A,4,N/A,N/A,N/A,N/A,N/A,N/A,,,,Infrastructure,Complete Streets,2024,10/02/2024,,N/A,,N,8/20/2024 12:00:00 AM,d47352d2-33eb-423a-a0fd-58470dcaca71,,,PRC Approved,0.1,2890.44416598526,12/26/2024 9:12:25 PM,sstrumwasser_CTPS,1/10/2025 6:48:29 PM,ajacobsen_CTPS,
135,Roadway Reconstruction,S13023,Evaluated for design funding for FFY 2025-29 TIP. Continuation of concept that Medford recently completed on Rivers Edge Drive.,"$7,250,000",ICC,Malden,Malden,Commercial Street Reconstruction (Centre Street to Medford City Line),N/A,N/A,4,N/A,N/A,N/A,N/A,N/A,N/A,,,,Infrastructure,Complete Streets,2024,,,N/A,,N,8/20/2024 12:00:00 AM,b77c4673-9f67-444d-9adf-1e88fd4157cf,,,Preliminary Design,0.1,1437.41757895389,12/26/2024 9:12:25 PM,sstrumwasser_CTPS,1/10/2025 6:48:29 PM,ajacobsen_CTPS,
136,Capacity,87790,"Project not programmed in Destination 2040. It is on a regionally-significant roadway and adds roadway capacity. If programmed in the TIP, this project would also need to be included in Destination 2050.Last scored for FFYs 2020-24 TIP. Regional priority, potential discretionary grant project via MassDOT for State Highway funding.",$-,TRIC,"Canton, Westwood",MassDOT,CANTON- DEDHAM- NORWOOD- INTERCHANGE IMPROVEMENTS AT I-95/I-93/UNIVERSITY AVENUE/I-95 WIDENING INCLUDING 10 BRIDGES AND 9 MULTI-USE PATH/PEDESTRIAN BRIDGES,N/A,N/A,6,N/A,N/A,N/A,N/A,N/A,N/A,,,,Infrastructure,Major Infrastructure,2017 or earlier,07/14/2014,,N/A,,N,8/11/2011 12:00:00 AM,3e8ac656-18a6-4671-935c-c038e20146bc,,,25% Design,0.1,11984.6599915959,12/26/2024 9:12:25 PM,sstrumwasser_CTPS,1/10/2025 6:48:29 PM,ajacobsen_CTPS,
137,Intersection Improvements,S13069,Added through subregional outreach.,$-,SSC,Hull,Hull,HULL- Intersection Improvements at George Washington Boulevard and Barnstable Road/ Logan Avenue,N/A,N/A,5,N/A,N/A,N/A,N/A,N/A,N/A,,,,Infrastructure,Intersection Improvements,2021,,,N/A,,N,8/20/2024 12:00:00 AM,7419c53b-b880-489a-9671-f6feca6766eb,,,Preliminary Design,0.1,199.559829604111,12/26/2024 9:12:25 PM,sstrumwasser_CTPS,1/10/2025 6:48:29 PM,ajacobsen_CTPS,
138,Roadway Reconstruction,611975,"Ipswich DPW noted that a bridge within the project limits has had a lane closed by MassDOT.  Structure IDs are I01005, main concern is Ipswich - 2PN which is an 1861-built historic stone arch mill bridge.  Currently functioning as a one-way.  Town had approached as a traffic safety project with the bridge as a focal point.  Pier degradation and cracking.  Structure is under evaluation for a statewide bridge preservation contract.","$5,653,500",NSTF,Ipswich,Ipswich,IPSWICH- ROADWAY IMPROVEMENTS ON COUNTY STREET INCLUDING REHABILITATION OF BRIDGE I-01-005,N/A,N/A,4,N/A,N/A,N/A,N/A,N/A,N/A,,,,Infrastructure,Complete Streets,2020,01/28/2021,,N/A,,N,1/28/2021 12:00:00 AM,4030e773-a3f4-4f36-9d08-be7b2c53dc17,,,PRC Approved,0.1,919.296559866238,12/26/2024 9:12:25 PM,sstrumwasser_CTPS,1/10/2025 6:48:29 PM,ajacobsen_CTPS,
139,Non-Interstate Pavement,607707,Still in preliminary design.,"$2,300,000",NSTF,"Beverly, Manchester-by-the-Sea",MassDOT,Resurfacing and Related Work on Route 127,N/A,N/A,4,N/A,N/A,N/A,N/A,N/A,N/A,,,,Infrastructure,Complete Streets,2018,10/01/2013,,N/A,,N,10/1/2013 12:00:00 AM,99c7167c-6e1a-41bd-910b-f1a0ee2da3cd,,,PRC Approved,0.1,17217.6826224278,12/26/2024 9:12:25 PM,sstrumwasser_CTPS,1/10/2025 6:48:29 PM,ajacobsen_CTPS,
140,Roadway Reconstruction,S13021,Potential PROTECT grant candidate based on discussion between MPO Staff and City in 2024. Recent issues with sidewalks collapsing due to erosion.,$-,ICC,Chelsea,Chelsea,Reconstruction of Marginal Street,N/A,N/A,6,N/A,N/A,N/A,N/A,N/A,N/A,,,,Infrastructure,Complete Streets,2019,,,N/A,,N,8/20/2024 12:00:00 AM,8bdf4751-2fab-4b3d-8dc9-3d9b201fbce8,,,Preliminary Design,0.1,1389.81023559434,12/26/2024 9:12:25 PM,sstrumwasser_CTPS,1/10/2025 6:48:29 PM,ajacobsen_CTPS,
141,Roadway Reconstruction,613585,"Applying for 2026-30 TIP for $13,729,343. Silver Line connection for pedestrian and bike.  Includes sidewalk extension and ADA ramp reconstruction.  Pavement reconstruction as well.","$5,654,870",ICC,"Chelsea, Everett",Everett,"Reconstruction of Vine Street and Third Street, from Chelsea Street to MBTA Station",N/A,N/A,4,N/A,N/A,N/A,N/A,N/A,N/A,,,,Infrastructure,Complete Streets,2023,10/12/2023,,N/A,,Scoring,10/12/2023 12:00:00 AM,8e2b5cc5-43dc-45f0-97e7-e64f27510cdb,,Yes,PRC Approved,0.1,1329.59863756653,12/26/2024 9:12:25 PM,sstrumwasser_CTPS,1/10/2025 6:48:29 PM,ajacobsen_CTPS,https://docs.google.com/spreadsheets/d/1XmOQNdiiucoXcieVkf2Czz-21iyfsqBCv0X2_ndaN14/edit?usp=sharing
142,Intersection Improvements,S13068,Added through subregional outreach.,$-,SSC,Cohasset,Cohasset,COHASSET- Intersection Improvements at Route 3A and King Street,N/A,N/A,5,N/A,N/A,N/A,N/A,N/A,N/A,,,,Infrastructure,Intersection Improvements,2021,,,N/A,,N,8/20/2024 12:00:00 AM,0a8e6ca1-3b51-4d90-ac05-1dd216fc55ff,,,Preliminary Design,0.1,111.473384901988,12/26/2024 9:12:25 PM,sstrumwasser_CTPS,1/10/2025 6:48:29 PM,ajacobsen_CTPS,
143,Roadway Reconstruction,S13020,Seeking funding for project design.,$-,ICC,Chelsea,Chelsea,Hawthorne Street Redesign (Park Street to Bellingham Street),N/A,N/A,6,N/A,N/A,N/A,N/A,N/A,N/A,,,,Infrastructure,Complete Streets,2023,,,N/A,,N,8/20/2024 12:00:00 AM,f8452cbc-1e2e-4a05-914c-7900d60b05c3,,,Preliminary Design,0.1,286.033288482073,12/26/2024 9:12:25 PM,sstrumwasser_CTPS,1/10/2025 6:48:29 PM,ajacobsen_CTPS,
144,Intersection Improvements,610676,RSA done in 2022,"$2,649,000",SWAP,Wrentham,Wrentham,WRENTHAM- INTERSECTION IMPROVEMENTS ON ROUTE 1A AT NORTH AND WINTER STREET,N/A,N/A,5,N/A,N/A,N/A,N/A,N/A,N/A,,,,Infrastructure,Intersection Improvements,2020,08/23/2024,,N/A,,N,12/19/2019 12:00:00 AM,1c428bc3-a672-48b6-b0a8-3e8e31b6809c,,,25% Design,0.1,204.559723135463,12/26/2024 9:12:25 PM,sstrumwasser_CTPS,1/10/2025 6:48:29 PM,ajacobsen_CTPS,
145,Bicycle and Pedestrian,S13064,"Design earmark currently programmed, construction will follow.","$140,000",NSTF,Marblehead,Marblehead,MARBLEHEAD- B2B Bikeway  - Marblehead Rail Trail,N/A,N/A,4,N/A,N/A,N/A,N/A,N/A,N/A,,,,Infrastructure,Bicycle and Pedestrian,2022,,,N/A,,N,8/20/2024 12:00:00 AM,7990fe8f-f1b0-4793-9e54-21eac841c064,,,Preliminary Design,0.1,5162.00723969337,12/26/2024 9:12:25 PM,sstrumwasser_CTPS,1/10/2025 6:48:29 PM,ajacobsen_CTPS,
146,Bridge Inspections,613592,Bridge replacement project only,"$5,593,494",NSTF,Salem,Salem,"TOPSFIELD- BRIDGE REPLACEMENT, T-06-016, ON SALEM ROAD OVER THE IPSWICH RIVER",N/A,N/A,4,N/A,N/A,N/A,N/A,N/A,N/A,,,,Infrastructure,Complete Streets,2023,10/12/2023,,N/A,,N,10/12/2023 12:00:00 AM,9c78514e-cde1-4dbb-a9ce-ea4c703dfca9,,,PRC Approved,0.1,59.6560437195363,12/26/2024 9:12:25 PM,sstrumwasser_CTPS,1/10/2025 6:48:29 PM,ajacobsen_CTPS,
147,Bicycle and Pedestrian,S13063,MVP grant issued for project design. Includes elements of the Harmony Grove Path and the Independence Greenway to the west.  Gap remains between Mt Vernon Street and Endicott Street.,$-,NSTF,"Peabody, Salem","Peabody, Salem",Riverwalk Project,N/A,N/A,4,N/A,N/A,N/A,N/A,N/A,N/A,,,,Infrastructure,Bicycle and Pedestrian,2021,,,N/A,,N,8/20/2024 12:00:00 AM,fcc68b0d-b473-4090-9c00-49a413ebaae7,,,Preliminary Design,0.1,749.300074353559,12/26/2024 9:12:25 PM,sstrumwasser_CTPS,1/10/2025 6:48:29 PM,ajacobsen_CTPS,
148,Bicycle and Pedestrian,612870,"Project was originally a new Pedestrian Bridge with a $2-3.6M price range.  Scope has increased to include improvements for a multi-use trail alongside the bridge.  Cost has increased accordingly, and is now in preliminary design. Municipality applied for Reconnecting Communities Funding for work.Project location runs between the West Concord MBTA Station and the Concord Meadows Corporate Center with a connection to the Southern Terminus of the Bruce Freeman.","$8,280,000",MAGIC,Concord,Concord,Assabet River Multi-Use Trail and Bridge Construction,N/A,N/A,4,N/A,N/A,N/A,N/A,N/A,N/A,,,,Infrastructure,Bicycle and Pedestrian,2020,08/29/2022,,N/A,,N,8/29/2022 12:00:00 AM,4e42b23d-e6ed-4ae4-b8c1-4538cef9fd1c,,,PRC Approved,0.1,304.124492596301,12/26/2024 9:12:25 PM,sstrumwasser_CTPS,1/10/2025 6:48:29 PM,ajacobsen_CTPS,
149,Roadway Reconstruction,612536,"Applying for 2026-30 TIP for $13,600,000, more than in PINFO. 5 ft sidewalks will be constructed, at minimum, along with curb ramps, high viz crosswalks, and accessible bus boarding areas. Raised bike lanes are proposed for the majority of project limits, with on-road bike lanes instead for about a fifth of the project length in order to retain street trees. This project will connect to recently completed 606635.","$10,402,402",TRIC,Needham,Needham,"NEEDHAM- RECONSTRUCTION OF HIGHLAND AVENUE, FROM WEBSTER STREET TO GREAT PLAINS AVENUE",N/A,N/A,6,N/A,N/A,N/A,N/A,N/A,N/A,,,,Infrastructure,Complete Streets,2021,10/21/2021,,N/A,,Scoring,10/21/2021 12:00:00 AM,8ad5ed54-fff4-41f1-988f-8c3503a377b4,,Yes,PRC Approved,0.1,2070.75431537973,12/26/2024 9:12:25 PM,sstrumwasser_CTPS,1/10/2025 6:48:29 PM,ajacobsen_CTPS,https://docs.google.com/spreadsheets/d/1XmOQNdiiucoXcieVkf2Czz-21iyfsqBCv0X2_ndaN14/edit?usp=sharing
150,Intersection Improvements,S13062,"Project conceptual, design candidate.  Possible roundabout.","$4,000,000",NSTF,Swampscott,Swampscott,SWAMPSCOTT- Humphrey Street at Atlantic Avenue,N/A,N/A,4,N/A,N/A,N/A,N/A,N/A,N/A,,,,Infrastructure,Intersection Improvements,2023,,,N/A,,N,8/20/2024 12:00:00 AM,9ae7c278-a31a-465b-9ca3-f414a7a0e702,,,Preliminary Design,0.1,487.237595891762,12/26/2024 9:12:25 PM,sstrumwasser_CTPS,1/10/2025 6:48:29 PM,ajacobsen_CTPS,
151,Bridge On-system NHS,610671,"Project received federal BRIC grant, may no longer seek funding through MPO.","$4,350,000",NSTF,Manchester-by-the-Sea,Manchester-by-the-Sea,"MANCHESTER-BY-THE-SEA- BRIDGE REPLACEMENT, M-02-001 (8AM), CENTRAL STREET (ROUTE 127) OVER SAW MILL BROOK",N/A,N/A,4,N/A,N/A,N/A,N/A,N/A,N/A,,,,Infrastructure,Complete Streets,2019,12/19/2019,,N/A,,N,12/19/2019 12:00:00 AM,57c4e7a9-4193-4bff-b26d-3edd3cbc1112,,,PRC Approved,0.1,80.0971353499464,12/26/2024 9:12:25 PM,sstrumwasser_CTPS,1/10/2025 6:48:29 PM,ajacobsen_CTPS,
152,Roadway Reconstruction,S13072,Project at conceptual stage.  Project #605657 recently completed near Highland Street.,$-,SWAP,Medway,Medway,MEDWAY- Improvements on Route 109 West of Highland Street (Highland Street to Bellingham Line),N/A,N/A,3,N/A,N/A,N/A,N/A,N/A,N/A,,,,Infrastructure,Complete Streets,2021,,,N/A,,N,8/20/2024 12:00:00 AM,a122dd45-0a07-4d9a-abea-c294d94c2cc0,,,Preliminary Design,0.1,1366.94876645915,12/26/2024 9:12:25 PM,sstrumwasser_CTPS,1/10/2025 6:48:29 PM,ajacobsen_CTPS,
153,Roadway Reconstruction,S13071,Priority is a shared use path under I-495 along W Main Street EB to link into existing trail networks and SUP in downtown area and commercial campuses west of I-495.  Includes a large roundabout at Lumber Street/Parkwood Drive and West Main Street due to frequent crashes.,"$15,000,000",SWAP,Hopkinton,Hopkinton,HOPKINTON- West Main Street Reconstruction and Shared Use Path,N/A,N/A,3,N/A,N/A,N/A,N/A,N/A,N/A,,,,Infrastructure,Complete Streets,2022,,,N/A,,N,8/20/2024 12:00:00 AM,58cceddd-052f-47e1-bd6b-c4833a9ee75b,,,Preliminary Design,0.1,7419.8232728251,12/26/2024 9:12:25 PM,sstrumwasser_CTPS,1/10/2025 6:48:29 PM,ajacobsen_CTPS,
154,Roadway Reconstruction,612534,,"$3,742,432",ICC,Melrose,Melrose,MELROSE- LEBANON STREET IMPROVEMENT PROJECT,N/A,N/A,4,N/A,N/A,N/A,N/A,N/A,N/A,,,,Infrastructure,Complete Streets,2020,02/10/2022,,N/A,,N,2/10/2022 12:00:00 AM,caa5b763-792b-4525-8473-4051628f55e5,,Yes,PRC Approved,0.1,1633.9375862905,12/26/2024 9:12:25 PM,sstrumwasser_CTPS,3/6/2025 7:20:12 PM,ajacobsen_CTPS,
155,Roadway Reconstruction,S13070,"Project would dovetail ongoing project 608887, rehab on Route 126 from Douglas Drive to Route 140.",$-,SWAP,Bellingham,Bellingham,BELLINGHAM- South Main Street (Route 126) - Elm Street to Douglas Drive Reconstruction,N/A,N/A,3,N/A,N/A,N/A,N/A,N/A,N/A,,,,Infrastructure,Complete Streets,2017 or earlier,,,N/A,,N,8/20/2024 12:00:00 AM,0d776c66-0896-42fd-9242-e97c7b0a66ab,,,Preliminary Design,0.1,4302.72171508883,12/26/2024 9:12:25 PM,sstrumwasser_CTPS,1/10/2025 6:48:29 PM,ajacobsen_CTPS,
156,Intersection Improvements,613282,Project had previously submitted a 25% design with revisions to account for some comments by City of Boston in 2022. Project was re-initiated in April 2023.,"$5,357,254",ICC,Boston,MassDOT,Intersection Improvements at VFW Parkway and Spring Street,N/A,N/A,6,N/A,N/A,N/A,N/A,N/A,N/A,,,,Infrastructure,Complete Streets,2022,06/01/2023,,N/A,,N,6/1/2023 12:00:00 AM,3fd63a04-5813-4619-b0ec-421405fb557d,,,PRC Approved,0.1,996.453494823508,12/26/2024 9:12:25 PM,sstrumwasser_CTPS,1/10/2025 6:48:29 PM,ajacobsen_CTPS,
157,Roadway Reconstruction,613727,"Funded with a 2023 earmark for $3,150,000","$3,149,999",SSC,Braintree,Braintree,Reconstruction of Allen Street (MA285),N/A,N/A,6,N/A,N/A,N/A,N/A,N/A,N/A,,,,Infrastructure,Complete Streets,2024,05/31/2024,,N/A,,N,5/31/2024 12:00:00 AM,1efb6b33-8c5a-44af-8076-44b83dd5c604,,,PRC Approved,0.1,749.198325023663,12/26/2024 9:12:25 PM,sstrumwasser_CTPS,1/10/2025 6:48:29 PM,ajacobsen_CTPS,
158,Roadway Reconstruction,608956,"Interim improvement completed in the area more recently, but longer term improvement still sought by Boston.","$916,883",ICC,"Boston, Brookline","Boston, Brookline",BROOKLINE- BOSTON- MOUNTFORT STREET & COMMONWEALTH AVENUE CONNECTION,N/A,N/A,6,N/A,N/A,N/A,N/A,N/A,N/A,,,,Infrastructure,Intersection Improvements,2018,12/14/2017,,N/A,,N,12/14/2017 12:00:00 AM,6849d000-810c-4b12-88a9-3b3634a5305e,,,PRC Approved,0.1,1334.35381281745,12/26/2024 9:12:25 PM,sstrumwasser_CTPS,1/10/2025 6:48:29 PM,ajacobsen_CTPS,
159,Roadway Reconstruction,S13039,"Joint application for design funding may emerge, majority of pavement is in Maynard.",$-,MAGIC,"Acton, Maynard",Acton-Maynard,Route 62 Complete Streets Design (Knox Trail to Waltham Street),N/A,N/A,3,N/A,N/A,N/A,N/A,N/A,N/A,,,,Infrastructure,Complete Streets,2023,,,N/A,,N,8/20/2024 12:00:00 AM,b4f23c86-4aa6-4ba4-8b2f-7bdd3cd3eaac,,,Preliminary Design,0.1,4433.80562065434,12/26/2024 9:12:25 PM,sstrumwasser_CTPS,1/10/2025 6:48:29 PM,ajacobsen_CTPS,
160,Roadway Reconstruction,613872,Seeking pathway for design funding. Was S13038 in universe before PRC approval.,"$12,847,235",MAGIC,Acton,Acton,"Acton - Reconstruction of Route 2A/119 (Great Road), from Davis Road to Harris Street",N/A,N/A,3,N/A,N/A,N/A,N/A,N/A,N/A,,,,Infrastructure,Complete Streets,2023,10/02/2024,,N/A,,N,8/20/2024 12:00:00 AM,b860a0b6-3989-40ad-bc20-af813a8eed53,,Yes (rescore),PRC Approved,0.1,1957.1550058277,12/26/2024 9:12:25 PM,sstrumwasser_CTPS,1/10/2025 6:48:29 PM,ajacobsen_CTPS,
161,Intersection Improvements,610553,"Project not programmed in LRTP (meets MPO roadway classification requirement). Priority for District 3 and Town of Acton.

Project has had surveying and MSA design contracts opened for it.  MassDOT appears to be tracking as a Traffic Safety improvement.","$6,689,946",MAGIC,Acton,MassDOT,ACTON- INTERSECTION IMPROVEMENTS AT ROUTE 2 AND ROUTE 27 RAMPS,N/A,N/A,3,N/A,N/A,N/A,N/A,N/A,N/A,,,,Infrastructure,Major Infrastructure,2020,05/22/2024,,N/A,,N,12/19/2019 12:00:00 AM,d45ee5d8-77a6-47b8-ac07-fb611061c4f1,,,25% Design,0.1,377.000537796893,12/26/2024 9:12:25 PM,sstrumwasser_CTPS,1/10/2025 6:48:29 PM,ajacobsen_CTPS,
162,Transit Grant Program,S13037,,$-,ICC,Waltham,Waltham,Waltham BlueBikes/Bikeshare Expansion,N/A,N/A,4,N/A,N/A,N/A,N/A,N/A,N/A,,,,Infrastructure,Community Connections,2022,,,N/A,,N,8/20/2024 12:00:00 AM,27316e07-4a4d-47a4-a30c-8e74ad2fa10c,linked geometry: waltham,,N/A,0.1,118.621050696072,12/26/2024 9:12:25 PM,sstrumwasser_CTPS,1/10/2025 6:48:29 PM,ajacobsen_CTPS,
163,Transit Grant Program,S13036,,$-,ICC,Lynn,Lynn,Transit Signal Priority - Bus Upgrades for Lynn Route 107,N/A,N/A,4,N/A,N/A,N/A,N/A,N/A,N/A,,,,Infrastructure,Community Connections,2022,,,N/A,,N,8/20/2024 12:00:00 AM,b3758f6e-0051-4138-95d1-721ce472475a,,,N/A,0.1,5799.55321167845,12/26/2024 9:12:25 PM,sstrumwasser_CTPS,1/10/2025 6:48:29 PM,ajacobsen_CTPS,
164,Bicycle and Pedestrian,S13035,Belmont is currently evaluating potential revenue streams to cover operational costs and match prior to submitting an application for this project.,"$250,000",ICC,Belmont,Belmont,Belmont BlueBikes Expansion,N/A,N/A,4,N/A,N/A,N/A,N/A,N/A,N/A,,,,Infrastructure,Community Connections,2022,,,N/A,,N,8/20/2024 12:00:00 AM,6ac56187-01b5-4a58-8e90-9dc3f9db6569,linked geometry: belmont,,N/A,0.1,121.54647084048,12/26/2024 9:12:25 PM,sstrumwasser_CTPS,1/10/2025 6:48:29 PM,ajacobsen_CTPS,
165,Bicycle and Pedestrian,S13083,Project at conceptual stage.  Feasibility analysis complete.  Pilot development will start with Hill to Pine Street through old rail bed ROW.  Includes bridge over Route 115 due to traffic concerns. Design funded in FFY 2025.,$-,SWAP,"Norfolk, Walpole, and Wrentham",Norfolk,Metacomet Greenway,N/A,N/A,5,N/A,N/A,N/A,N/A,N/A,N/A,,,,Infrastructure,Bicycle and Pedestrian,2021,,,N/A,,N,8/20/2024 12:00:00 AM,c55f49db-1bf6-43ab-93b0-725b28043c3d,,,Preliminary Design,0.1,7508.34406552614,12/26/2024 9:12:25 PM,sstrumwasser_CTPS,1/10/2025 6:48:29 PM,ajacobsen_CTPS,
166,Roadway Reconstruction,S13090,"MBTA Project Number P1332. Design and construction for center running bus lanes, separated bike lanes, enhanced bus stops, and sidewalk improvements. Cost estimate seems low.","$25,300,000",ICC,Lynn,Lynn,Lynnway Multimodal Corridor,N/A,N/A,4,N/A,N/A,N/A,N/A,N/A,N/A,,,,Infrastructure,Major Infrastructure,2022,,,N/A,,N,9/9/2024 12:00:00 AM,5c63a82d-2dd3-476e-b09a-4330ac97be1a,,,N/A,0.1,7398.24214444798,12/26/2024 9:12:25 PM,sstrumwasser_CTPS,1/10/2025 6:48:29 PM,ajacobsen_CTPS,
167,Intersection Improvements,S13033,"As discussed on 11.4.2022 with the City of Medford, the City is looking to reconfigure the ramps and adjacent local roadways to improve traffic safety following the results of a RSA along this corridor.  Includes improvements for bicycle, pedestrian, and transit access.",$-,ICC,Medford,Medford,MEDFORD- Roosevelt Circle Interchange Reconfiguration,N/A,N/A,4,N/A,N/A,N/A,N/A,N/A,N/A,,,,Infrastructure,Major Infrastructure,2022,,,N/A,,N,8/20/2024 12:00:00 AM,f2213561-d986-417b-acaa-29cfc031cfdb,,,Preliminary Design,0.1,1155.54674593559,12/26/2024 9:12:25 PM,sstrumwasser_CTPS,1/10/2025 6:48:29 PM,ajacobsen_CTPS,
168,Intersection Improvements,S13082,"Closer to the I-495 1A Ramps project, south side of town.  Recent RSA conducted.",$-,SWAP,Wrentham,Wrentham,WRENTHAM- Intersection Improvements at Route 1A and Route 121,N/A,N/A,5,N/A,N/A,N/A,N/A,N/A,N/A,,,,Infrastructure,Intersection Improvements,2023,,,N/A,,N,8/20/2024 12:00:00 AM,0ba52bf8-9e63-42db-8756-312a861299fb,,,Preliminary Design,0.1,268.081620793402,12/26/2024 9:12:25 PM,sstrumwasser_CTPS,1/10/2025 6:48:29 PM,ajacobsen_CTPS,
169,Intersection Improvements,S13081,,$-,SWAP,Wrentham,Wrentham,WRENTHAM- Intersection Improvements at Route 1 and Hawes Street,N/A,N/A,5,N/A,N/A,N/A,N/A,N/A,N/A,,,,Infrastructure,Intersection Improvements,2023,,,N/A,,N,8/20/2024 12:00:00 AM,5240d22b-d1ba-4f6f-8973-36943ce8f4b9,,,Preliminary Design,0.1,123.414905976303,12/26/2024 9:12:25 PM,sstrumwasser_CTPS,1/10/2025 6:48:29 PM,ajacobsen_CTPS,
170,Bicycle and Pedestrian,S13032,"In DCR park, City is requesting expansion of bridge to 10-12 feet in width to coordinate with shared use pathway.","$800,000",ICC,Medford,Medford,MacDonald Park Pedestrian Bridge,N/A,N/A,4,N/A,N/A,N/A,N/A,N/A,N/A,,,,Infrastructure,Bicycle and Pedestrian,2022,,,N/A,,N,8/20/2024 12:00:00 AM,5c957a92-2472-49a5-b443-020cc89fea6d,,,Preliminary Design,0.1,18.9711495473498,12/26/2024 9:12:25 PM,sstrumwasser_CTPS,1/10/2025 6:48:29 PM,ajacobsen_CTPS,
171,Intersection Improvements,S13079,Project at conceptual stage.,"$2,649,000",SWAP,Wrentham,Wrentham,WRENTHAM- Intersection Improvements at Randall Road and Route 1A,N/A,N/A,5,N/A,N/A,N/A,N/A,N/A,N/A,,,,Infrastructure,Intersection Improvements,2020,,,N/A,,N,8/20/2024 12:00:00 AM,5ad0249b-184b-4bf6-8719-0495dd2b135b,,,Preliminary Design,0.1,245.809375495412,12/26/2024 9:12:25 PM,sstrumwasser_CTPS,1/10/2025 6:48:29 PM,ajacobsen_CTPS,
172,Roadway Reconstruction,613244,,"$21,201,688",ICC,Malden,Malden,MALDEN- BROADWAY RECONSTRUCTION,N/A,N/A,4,N/A,N/A,N/A,N/A,N/A,N/A,,,,Infrastructure,Complete Streets,2022,06/29/2023,,N/A,,N,6/1/2023 12:00:00 AM,6f74660b-b3af-45ba-a230-476ffe965381,,,PRC Approved,0.1,3346.43274706748,12/26/2024 9:12:25 PM,sstrumwasser_CTPS,1/10/2025 6:48:29 PM,ajacobsen_CTPS,
173,Intersection Improvements,S13080,,$-,SWAP,Wrentham,Wrentham,WRENTHAM- Intersection Improvements at Route 1A Green St and High Street,N/A,N/A,5,N/A,N/A,N/A,N/A,N/A,N/A,,,,Infrastructure,Intersection Improvements,2023,,,N/A,,N,8/20/2024 12:00:00 AM,88da2406-ce18-4f03-885a-f8edf600468c,,,Preliminary Design,0.1,682.158995278834,12/26/2024 9:12:25 PM,sstrumwasser_CTPS,1/10/2025 6:48:29 PM,ajacobsen_CTPS,
174,Bicycle and Pedestrian,S13031,"Project in conceptual design through Toole, receipt of a MassTrails grant in 2020 for feasibility study.  Limits would be Audubon Circle to Cleveland Circle.",$-,ICC,Brookline,Brookline,Beacon Street Bridle Pathway,N/A,N/A,6,N/A,N/A,N/A,N/A,N/A,N/A,,,,Infrastructure,Bicycle and Pedestrian,2022,,,N/A,,N,8/20/2024 12:00:00 AM,8fb31e13-b997-4b4b-8509-0f8d314e4b39,,,Preliminary Design,0.1,3590.44517850366,12/26/2024 9:12:25 PM,sstrumwasser_CTPS,1/10/2025 6:48:29 PM,ajacobsen_CTPS,
175,Intersection Improvements,S13078,Project at conceptual stage.,$-,SWAP,Sherborn,Sherborn,SHERBORN- Intersection Improvements at Route 16 and Maple Street,N/A,N/A,3,N/A,N/A,N/A,N/A,N/A,N/A,,,,Infrastructure,Intersection Improvements,2021,,,N/A,,N,8/20/2024 12:00:00 AM,c420080e-8986-4526-8992-8b8e1e82cb3b,,,Preliminary Design,0.1,259.616304835162,12/26/2024 9:12:25 PM,sstrumwasser_CTPS,1/10/2025 6:48:29 PM,ajacobsen_CTPS,
176,Bicycle and Pedestrian,613594,May appear in FFY26-30 TIP.,"$4,785,788",ICC,Newton,Newton,Bridge Replacement on Christina Street,N/A,N/A,6,N/A,N/A,N/A,N/A,N/A,N/A,,,,Infrastructure,Bicycle and Pedestrian,2023,10/12/2023,,N/A,,Scoring,10/12/2023 12:00:00 AM,c201741c-1f22-46dd-af91-0afa672d0b14,,Yes,PRC Approved,0.1,55.0070994796115,12/26/2024 9:12:25 PM,sstrumwasser_CTPS,1/10/2025 6:48:29 PM,ajacobsen_CTPS,
177,Bicycle and Pedestrian,S13030,Project at conceptual stage. Final phase of the path contingent on 24-hour accessibility in order to fund project with federal dollars via the TIP.,$-,ICC,Boston,Boston,Fenway Multi-Use Path Phase III,N/A,N/A,6,N/A,N/A,N/A,N/A,N/A,N/A,,,,Infrastructure,Bicycle and Pedestrian,2021,,,N/A,,N,8/20/2024 12:00:00 AM,496c345a-d109-4599-84e6-3d2176388526,,,Preliminary Design,0.1,237.901472607177,12/26/2024 9:12:25 PM,sstrumwasser_CTPS,1/10/2025 6:48:29 PM,ajacobsen_CTPS,
178,Intersection Improvements,S13077,Project at conceptual stage.,$-,SWAP,Medway,Medway,MEDWAY- Traffic Signalization at Trotter Drive and Route 109,N/A,N/A,3,N/A,N/A,N/A,N/A,N/A,N/A,,,,Infrastructure,Intersection Improvements,2021,,,N/A,,N,8/20/2024 12:00:00 AM,c4b87a51-1405-4d4a-9781-66f45f92ad96,,,Preliminary Design,0.1,224.492076395366,12/26/2024 9:12:25 PM,sstrumwasser_CTPS,1/10/2025 6:48:29 PM,ajacobsen_CTPS,
179,Bicycle and Pedestrian,613593,"Design includes a $1,000,000 congressional earmark","$10,688,515",ICC,Arlington,Arlington,Mystic River Path Connection to the Minuteman Bikeway,N/A,N/A,4,N/A,N/A,N/A,N/A,N/A,N/A,,,,Infrastructure,Bicycle and Pedestrian,2023,10/12/2023,,N/A,,N,10/12/2023 12:00:00 AM,84651918-68d1-4a00-89a5-faf8db9832f4,,,PRC Approved,0.1,207.179211290053,12/26/2024 9:12:25 PM,sstrumwasser_CTPS,1/10/2025 6:48:29 PM,ajacobsen_CTPS,
180,Roadway Reconstruction,S13076,"Formerly under Intersection Improvements, the scope of this project is growing given a 300 unit development near to the proposed work area.",$-,SWAP,Wrentham,Wrentham,WRENTHAM- Wrentham Center Improvements,N/A,N/A,5,N/A,N/A,N/A,N/A,N/A,N/A,,,,Infrastructure,Complete Streets,2023,,,N/A,,N,8/20/2024 12:00:00 AM,c11f3375-21b4-46f9-90a4-c7eeb9e76d4e,,,Preliminary Design,0.1,1529.87787992509,12/26/2024 9:12:25 PM,sstrumwasser_CTPS,1/10/2025 6:48:29 PM,ajacobsen_CTPS,
181,Intersection Improvements,613641,Evaluated for Project Design funding in FFY 2025.,"$9,557,295",NSPC,Burlington,Burlington,BURLINGTON- INTERSECTION IMPROVEMENTS AT ROUTE 3A/CAMBRIDGE STREET AND WINN STREET,N/A,N/A,4,N/A,N/A,N/A,N/A,N/A,N/A,,,,Infrastructure,Intersection Improvements,2023,12/19/2023,,N/A,,N,12/19/2023 12:00:00 AM,e5dc5a9a-9800-4e9a-9b82-b8192f38c1b4,,Yes (rescore),PRC Approved,0.1,1761.66132681044,12/26/2024 9:12:25 PM,sstrumwasser_CTPS,1/10/2025 6:48:29 PM,ajacobsen_CTPS,
182,Roadway Reconstruction,S13075,MVP Project.  Dam removal upstream of the bridge and culvert on Route 40.  Seeking feedback from MassDOT. Strong Resilience Project candidate.,$-,SWAP,Wrentham,Wrentham,WRENTHAM- Route 140 &amp; Eagle Dam,N/A,N/A,5,N/A,N/A,N/A,N/A,N/A,N/A,,,,Infrastructure,Complete Streets,2023,,,N/A,,N,8/20/2024 12:00:00 AM,268f0068-1919-4779-855d-2222b06dd59f,,,Preliminary Design,0.1,189.678780713369,12/26/2024 9:12:25 PM,sstrumwasser_CTPS,1/10/2025 6:48:29 PM,ajacobsen_CTPS,
183,Roadway Reconstruction,608231,Pre-25% package submitted in July 2021. Not recorded in PINFO.,"$10,780,100",SSC,Weymouth,MassDOT,"WEYMOUTH- RECONSTRUCTION ON ROUTE 3A, INCLUDING PEDESTRIAN AND TRAFFIC SIGNAL IMPROVEMENTS",N/A,N/A,6,N/A,N/A,N/A,N/A,N/A,N/A,,,,Infrastructure,Complete Streets,2017 or earlier,02/12/2016,,N/A,,N,2/11/2016 12:00:00 AM,a3b7b282-ab72-4232-add0-50b19a5e1794,,,PRC Approved,0.1,3835.5478056524,12/26/2024 9:12:25 PM,sstrumwasser_CTPS,1/10/2025 6:48:29 PM,ajacobsen_CTPS,
184,Roadway Improvements,S13074,Funded through the FFY 2025 Project Design Pilot.,$-,SWAP,Sherborn,Sherborn,"SHERBORN- Improvements on Route 27 and Route 16, Sherborn Town Center Improvements (Village Way to Coolidge Street)",N/A,N/A,3,N/A,N/A,N/A,N/A,N/A,N/A,,,,Infrastructure,Complete Streets,2023,,,N/A,,N,8/20/2024 12:00:00 AM,f7e6a696-bf06-4700-8ee1-33ebc2fefa75,,,Preliminary Design,0.1,1571.28183268868,12/26/2024 9:12:25 PM,sstrumwasser_CTPS,1/10/2025 6:48:29 PM,ajacobsen_CTPS,
185,Roadway Reconstruction,S13073,Project at conceptual stage.,$-,SWAP,Millis,Millis,MILLIS- Town Center Improvements,N/A,N/A,3,N/A,N/A,N/A,N/A,N/A,N/A,,,,Infrastructure,Complete Streets,2020,,,N/A,,N,8/20/2024 12:00:00 AM,64130196-57d2-4ee2-ba1e-38a101de4071,,,Preliminary Design,0.1,11034.828187649,12/26/2024 9:12:25 PM,sstrumwasser_CTPS,1/10/2025 6:48:29 PM,ajacobsen_CTPS,
186,Roadway Reconstruction,608927,"Northern follow-up to Project 609246, which is currently programmed on the TIP for FFY 2025-29.","$38,155,000",ICC,"Lynn, Salem",MassDOT,LYNN- SALEM- RECONSTRUCTION OF ROUTE 107,N/A,N/A,4,N/A,N/A,N/A,N/A,N/A,N/A,,,,Infrastructure,Complete Streets,2020,12/14/2017,,N/A,,N,12/14/2017 12:00:00 AM,8d9536d4-d820-4126-b480-fc2dbad60fbd,,,PRC Approved,0.1,16151.3187137443,12/26/2024 9:12:25 PM,sstrumwasser_CTPS,1/10/2025 6:48:29 PM,ajacobsen_CTPS,
187,Roadway Reconstruction,612807,Added through subregional outreach.,"$3,987,500",TRIC,Medfield,Medfield,MEDFIELD- INTERSECTION IMPROVEMENTS AT ROUTE 27 AND WEST STREET,N/A,N/A,3,N/A,N/A,N/A,N/A,N/A,N/A,,,,Infrastructure,Intersection Improvements,2021,05/12/2022,,N/A,,N,5/12/2022 12:00:00 AM,43153517-c571-406a-9dab-c4ecdaac5c83,,,PRC Approved,0.1,232.454344408297,12/26/2024 9:12:25 PM,sstrumwasser_CTPS,1/10/2025 6:48:29 PM,ajacobsen_CTPS,
188,Bridge Inspections,613683,Town considering discretionary grant funding. Potential for bundling with Boylston Street work above.,"$12,898,928",ICC,Brookline,Brookline,"Pedestrian Bridge Replacement, B-27-017, Davis Path over MBTA",N/A,N/A,6,N/A,N/A,N/A,N/A,N/A,N/A,,,,Infrastructure,Complete Streets,2022,05/31/2024,,N/A,,Scoring,5/31/2024 12:00:00 AM,8722d033-2cd8-4a29-aecb-06cb55e6ec81,,Yes,PRC Approved,0.1,85.7583662799302,12/26/2024 9:12:25 PM,sstrumwasser_CTPS,1/10/2025 6:48:29 PM,ajacobsen_CTPS,
189,Intersection Improvements,613600,NTP issued: 05/01/2024,"$7,190,375",NSPC,Wilmington,Wilmington,WILMINGTON- INTERSECTION IMPROVEMENTS AT MAIN STREET (ROUTE 38) AT RICHMOND STREET (ROUTE 129),N/A,N/A,4,N/A,N/A,N/A,N/A,N/A,N/A,,,,Infrastructure,Intersection Improvements,2023,10/19/2023,,N/A,,N,10/12/2023 12:00:00 AM,ee822194-ff7d-4083-a252-dd19bd6c6b0f,,,PRC Approved,0.1,88.6509903381053,12/26/2024 9:12:25 PM,sstrumwasser_CTPS,1/10/2025 6:48:29 PM,ajacobsen_CTPS,
190,Roadway Reconstruction,609388,"Dan Wilk (daniel.wilk@state.ma.us) is MassDOT PM.  Working with Bayside Engineering as design consultant. MassDOT may fund this for construction in full, and Wenham is paying for design.  Bayside currently responding to 25% comments.  Drainage for abutters is holding this up.","$4,941,812",NSTF,Wenham,Wenham,Safety Improvements on Route 1A,N/A,N/A,4,N/A,N/A,N/A,N/A,N/A,N/A,,,,Infrastructure,Complete Streets,2019,02/08/2024,,N/A,,Scoring,4/18/2019 12:00:00 AM,afc12c65-f088-4f2c-90c2-80be105bcaac,,Yes,75% Design,0.1,2832.55647058045,12/26/2024 9:12:25 PM,sstrumwasser_CTPS,1/10/2025 6:48:29 PM,ajacobsen_CTPS,
191,Roadway Reconstruction,612990,"Project is not programmed in Destination 2040. It is on a regionally significant roadway and would add roadway capacity. If it is programmed in the TIP, it will need to be programmed in Destination 2050.","$12,067,500",NSTF,Salem,MassDOT,"SALEM- RECONSTRUCTION OF BRIDGE STREET (ROUTE 107), FROM FLINT STREET TO WASHINGTON STREET",N/A,N/A,4,N/A,N/A,N/A,N/A,N/A,N/A,,,,Infrastructure,Complete Streets,2017 or earlier,09/18/2024,,N/A,,N,9/15/2022 12:00:00 AM,413b0f04-57ca-4b7e-959a-8a79e2dfd2e8,,,25% Design,0.1,838.461486086102,12/26/2024 9:12:25 PM,sstrumwasser_CTPS,1/10/2025 6:48:29 PM,ajacobsen_CTPS,
192,Roadway Reconstruction,613117,They replaced it with 613117 and extended the limits further north to Royal Ave and further south to Franklin Terrace. They've done some interim improvements in the limits so I don't know when this will progress.,"$16,049,369",SSC,Holbrook,Holbrook,"Corridor Improvements on North and South Franklin Streets (Route 37), from Franklin Terrace to Royal Avenue",N/A,N/A,5,N/A,N/A,N/A,N/A,N/A,N/A,,,,Infrastructure,Complete Streets,2024,12/20/2022,,N/A,,N,12/20/2022 12:00:00 AM,6278d4c3-f2e6-4197-bfff-75b1e6202e22,,,PRC Approved,0.1,2288.10067721236,12/26/2024 9:12:25 PM,sstrumwasser_CTPS,1/10/2025 6:48:29 PM,ajacobsen_CTPS,
193,Intersection Improvements,S13028,Intersection improvement at Merrymount Parkway and Furnace Brook Parkway.  Parks Department is leading the work.  Will include bridge replacement.,$-,ICC,Quincy,Quincy,QUINCY- Merrymount Parkway Phase II,N/A,N/A,6,N/A,N/A,N/A,N/A,N/A,N/A,,,,Infrastructure,Intersection Improvements,2022,,,N/A,,N,8/20/2024 12:00:00 AM,ea22b469-8b3e-4892-a7b8-f1987f870c3c,,,Preliminary Design,0.1,756.101488336809,12/26/2024 9:12:25 PM,sstrumwasser_CTPS,1/10/2025 6:48:29 PM,ajacobsen_CTPS,
194,Roadway Reconstruction,609446,"MassDOT deactivated due to inactivity, but keeping it on the radar on our side because it's a fairly vulnerable numbered coastal route.","$7,565,512",ICC,Winthrop,Winthrop,Reconstruction and Improvements on Route 145 (Pleasant and Main Street Project),N/A,N/A,6,N/A,N/A,N/A,N/A,N/A,N/A,,,,Infrastructure,Complete Streets,2019,,,N/A,,N,,e5694e4b-c566-4977-93f2-576ad4149246,,,Preliminary Design,0.1,2077.21488181893,12/26/2024 9:12:25 PM,sstrumwasser_CTPS,1/10/2025 6:48:29 PM,ajacobsen_CTPS,
195,Intersection Improvements,S13034,"Project is in conceptual design stage.  The priority is to reconfigure the loop ramps at the General Edwards Bridge to facilitate redevelopment of the area, for which there are already parcel developments planned.  The reconfiguration will entail construction of a new roundabout and improved pedestrian crossings to improve access to the riverfront and Point of Pines area along Revere.  Per the City, this reconfiguration is intended to work with the Lynnway Multimodal Corridor improvements, but will also not impact construction for the General Edwards Bridge replacement.","$12,000,000",ICC,Revere,Revere,Route 1A Improvement and Reconfiguration,N/A,N/A,4,N/A,N/A,N/A,N/A,N/A,N/A,,,,Infrastructure,Intersection Improvements,2022,,,N/A,,N,,a950036a-9acd-4f2a-9c8f-8db4f8b60804,,,Preliminary Design,0.1,2568.79555686325,12/26/2024 9:12:25 PM,sstrumwasser_CTPS,1/10/2025 6:48:29 PM,ajacobsen_CTPS,
196,Roadway Reconstruction,S13089,Includes redevelopment of existing gravel squares in front of Nantasket Beach for additional facilities/recreational zones/open space.,$-,SSC,Hull,Hull,Nantasket Avenue Redesign,N/A,N/A,5,N/A,N/A,N/A,N/A,N/A,N/A,,,,Infrastructure,Complete Streets,2023,,,N/A,,N,,81f888d2-5a07-4084-afe9-48634ab16c39,,,Preliminary Design,0.1,1966.72607489215,12/26/2024 9:12:25 PM,sstrumwasser_CTPS,1/10/2025 6:48:29 PM,ajacobsen_CTPS,
197,Roadway Reconstruction,S13129,,$-,NSPC,Salem,Salem,Reconstruction of Broad Street and Dalton Street,N/A,N/A,4,N/A,N/A,N/A,N/A,N/A,N/A,,,,Infrastructure,Complete Streets,2024,,,N/A,,N,,27fa5235-6a49-4d93-8102-2357d45bbbe8,,Yes (rescore),Preliminary Design,0.1,888.273359858087,12/26/2024 9:12:25 PM,sstrumwasser_CTPS,1/10/2025 6:48:29 PM,ajacobsen_CTPS,
198,Roadway Reconstruction,613885,Project goes from 200 ft west of John Powers lane to the intersection of Mechanic street including culvert replacement. Expected to apply for 26-30 TIP.,"$7,498,625",MAGIC,Bolton,Bolton,Reconstruction of Route 117 (Main Street),N/A,N/A,3,N/A,N/A,N/A,N/A,N/A,N/A,N/A,N/A,N/A,Infrastructure,Complete Streets,2023,10/02/2024,,N/A,N/A,Scoring,,c04d7f05-6dd8-408f-a6bb-16c9b38ff4fa,,Yes,PRC Approved,0.1,344.128133449992,12/26/2024 9:12:25 PM,sstrumwasser_CTPS,1/10/2025 6:48:29 PM,ajacobsen_CTPS,https://docs.google.com/spreadsheets/d/1XmOQNdiiucoXcieVkf2Czz-21iyfsqBCv0X2_ndaN14/edit?usp=sharing
199,Roadway Reconstruction,613695,"The Hartwell Street intersection with Bedford Street will be reconstructed to reduce congestion, and improve multimodal travel through the intersection. The improvement at the I-95 ramps will include traffic control at the northbound and southbound ramps at Bedford Street to improve safety for vehicles, pedestrians and bicyclists, and ramp reduction onto I-95, thereby reducing crash risk.","$32,255,718.23",MAGIC,Lexington,Lexington,Roadway Reconstruction on Hartwell Avenue and Bedford Street,N/A,N/A,4,N/A,N/A,N/A,N/A,N/A,N/A,N/A,N/A,N/A,Infrastructure,Complete Streets,2024,05/31/2024,N,N/A,N/A,Scoring,,8756e0ed-8c2f-42dd-bba9-4d3673d40d37,,Yes,PRC Approved,0.1,2709.40885915903,12/26/2024 9:12:25 PM,sstrumwasser_CTPS,1/10/2025 6:48:29 PM,ajacobsen_CTPS,https://docs.google.com/spreadsheets/d/1XmOQNdiiucoXcieVkf2Czz-21iyfsqBCv0X2_ndaN14/edit?usp=sharing
200,Roadway_Reconstruction,S13143,Going for PRC Approval in late 2024,,ICC,Boston,Boston,Reconstruction of Flora Street,N/A,N/A,6,N/A,N/A,N/A,N/A,N/A,N/A,,,,Infrastructure,Complete Streets,2024,,,N/A,N/A,N,,bbbc262c-e741-4136-bc9f-54ac5d848e0d,,,Preliminary Design,0.1,604.694283387102,12/26/2024 9:12:25 PM,sstrumwasser_CTPS,1/10/2025 6:48:29 PM,ajacobsen_CTPS,
201,Roadway_Reconstruction,613685,,"$1,534,800",TRIC,Dedham,MassDOT,Pedestrian Improvements on Elm Street,N/A,N/A,6,N/A,N/A,N/A,N/A,N/A,N/A,N/A,,,Infrastructure,Complete Streets,2024,05/31/2024,,N/A,N/A,N,,f7e0efdf-cd5c-4d86-b5e7-07f6e9f04a0f,,,PRC Approved,0.1,350.853971382741,12/26/2024 9:12:25 PM,sstrumwasser_CTPS,1/10/2025 6:48:29 PM,ajacobsen_CTPS,
202,Roadway_Reconstruction,613816,Phase 1. Formerly part of S13024,"$5,393,158.10",ICC,Malden,Malden,"MALDEN- IMPROVEMENTS ON EASTERN AVENUE (ROUTE 60), FROM BROADWAY STREET TO LYNN STREET (PHASE 1)",N/A,N/A,4,N/A,N/A,N/A,N/A,N/A,N/A,,,,Infrastructure,Complete Streets,2024,10/02/2024,,N/A,,N,8/20/2024 12:00:00 AM,395a9893-dbcd-499c-bb7a-bcacbdec55c7,,Yes (rescore),Preliminary Design,0.1,1156.22940875734,12/26/2024 9:12:25 PM,sstrumwasser_CTPS,1/10/2025 6:48:29 PM,ajacobsen_CTPS,
203,Roadway_Improvements,613817,Phase 2: formerly part of S13024,"$5,373,715.60",ICC,Malden,Malden,"MALDEN- IMPROVEMENTS ON EASTERN AVENUE (ROUTE 60), FROM FRANKLIN STREET TO BROADWAY STREET (PHASE 2)",N/A,N/A,4,N/A,N/A,N/A,N/A,N/A,N/A,,,,Infrastructure,Complete Streets,2024,10/02/2024,,N/A,,N,8/20/2024 12:00:00 AM,210d1141-bdd5-41da-b046-83dfd70e6bd7,,,PRC Approved,0.1,1655.01762026681,12/26/2024 9:12:25 PM,sstrumwasser_CTPS,1/10/2025 6:48:29 PM,ajacobsen_CTPS,
204,Intersection_Improvements,608569,Priority for District 6.,"$2,900,000",ICC,Quincy,Quincy,QUINCY- INTERSECTION IMPROVEMENTS AT ROUTE 3A (SOUTHERN ARTERY) AND BROAD STREET,N/A,N/A,6,N/A,N/A,N/A,N/A,N/A,N/A,,,,Infrastructure,Intersection Improvements,2020,06/09/2016,,N/A,N/A,N,,c0ce3736-c069-4f86-b884-02dcc0662ecc,,,PRC Approved,0.1,64.3374625773593,12/26/2024 9:12:25 PM,sstrumwasser_CTPS,1/10/2025 6:48:29 PM,ajacobsen_CTPS,
205,Bicycle_and_Pedestrian,607738,"Local concerns about permitting.  Previously programmed in FY23-27, dropped due to public opposition.  Failed to achieve 2/3rds majority in town meeting on 11.14.2022.","$10,359,562",MAGIC,Bedford,Bedford,"Minuteman Bikeway Extension, from Loomis Street to Concord Road (Route 62)",,,4,,,,,,,,,2023-2027,Infrastructure,Bicycle and Pedestrian,,02/23/2022,Y,,N/A,N,,ce4c8512-a8f6-49d3-8e3b-972315944da7,,,100% Design,0.1,3192.95833941175,12/26/2024 9:12:25 PM,sstrumwasser_CTPS,1/10/2025 6:48:29 PM,ajacobsen_CTPS,
206,Bicycle_and_Pedestrian,613926,"This portion reached PRC Approval in Dec 24, next section to border not yet approved","	$17,482,300.00",MAGIC,Hudson,Hudson,"Bike Path Construction of Mass Central Rail Trail, from Felton Street to Priest Street",N/A,N/A,3,N/A,N/A,N/A,N/A,N/A,N/A,,,,Infrastructure,Bicycle and Pedestrian,2024,12/12/2024,,N/A,,N,8/20/2024 12:00:00 AM,ba04ce6e-fca4-4254-a78d-dd73365a39e0,,Yes (rescore),PRC Approved,0.1,1591.7126416091,12/26/2024 9:12:25 PM,sstrumwasser_CTPS,1/10/2025 6:48:29 PM,ajacobsen_CTPS,
207,Intersection_Improvements,608955,Possible earmark project for FFY 2026,"$2,389,567.50",ICC_and_TRIC,Milton,Milton,Intersection Improvements at Squantum Street at Adams Street,N/A,N/A,6,N/A,N/A,N/A,N/A,N/A,N/A,,,,,Intersection Improvements,2024,11/22/2024,,N/A,N/A,N,,96ca3d86-e100-4c3c-a20d-f4e7b3c0c324,,,75% Design,0.1,236.660763690367,12/26/2024 9:12:25 PM,sstrumwasser_CTPS,1/10/2025 6:48:29 PM,ajacobsen_CTPS,
208,Bicycle_and_Pedestrian,613568,Received a score of 78.1 when evaluated for the Design Pilot.,"$15,722,875.00",ICC,Cambridge,Cambridge,New Bridge and Shared-Use Path Construction over Fitchburg Line at Danehy Park Connector,,,6,,,,,,,,,,Infrastructure,Bicycle and Pedestrian,2024,05/31/2024,,,N/A,Scoring,,00d9b7fd-ae4d-49c8-a426-19b3b0e3b5f5,,Yes,PRC Approved,0.1,1115.12976760637,12/26/2024 9:12:25 PM,sstrumwasser_CTPS,1/10/2025 6:48:29 PM,ajacobsen_CTPS,https://docs.google.com/spreadsheets/d/11K7DqbzhrsQS5vbbHi0ubvcoxwjGmkRstfDgqMxTEpI/edit?usp=sharing
209,"Roadway
Reconstruction",613145,"This Complete Streets project redesigns Route 129 Main Street in downtown Wakefield to integrate comprehensive multimodal facilities through the addition of shared-use-paths, median refuges, curb bump outs, and other geometric improvements. The project improves safety for all users with upgrades to lighting and turn radii, including for emergency response vehicles.","$16,460,693",NSPC,Wakefield,Wakefield,South Main Street Reconstruction and Rail Trail,61.8,2028,4,"$18,435,976",$-,$-,$-,"$18,435,976",$-,,,,Infrastructure,Complete Streets,,06/01/2023,,"$18,435,976",05/19/2028,Y,,ae82aee0-bd29-4750-8cf4-d25545b18377,,,PRC Approved,0.1,2241.49996201377,12/26/2024 9:12:25 PM,sstrumwasser_CTPS,1/10/2025 6:48:29 PM,ajacobsen_CTPS,
389,Flex_to_FTA,S13151,"Design and construct a fast charging reverse pantograph station that will charge battery electric buses during their layovers at the Ashmont bus way. The scope includes all associated electrical service upgrades including transformers, switchgear, panels, charging cabinets, and the pantograph and mast. Also included is curb, sidewalk, and bus way modifications needed to create space for a charging bus while maintaining safe pedestrian and vehicular flow through the facility.","$4,000,000",ICC,Boston,MBTA,Ashmont BEB On-Route Charger,,,6,,,,,,,,,,,Transit Transformation,2024,N/A,,,N/A,Scoring,,024263b0-c115-4c01-be0e-8b1a62b74eeb,,Yes,N/A,0.1,229.018290247908,1/6/2025 8:23:54 PM,ajacobsen_CTPS,1/10/2025 6:48:29 PM,ajacobsen_CTPS,https://drive.google.com/file/d/1RyMNlLjVnA8gsBEgh89yqjJR8r1avQs2/view?usp=drive_link
390,Flex_to_FTA,S13154,"CIP ID P0174. Additional funding required to complete construction, and close-out, due to contractor cost overruns, post pandemic delays, designer errors and omissions, among other cost contributors.","$5,400,000",MWRC,Natick,MBTA,Natick Center Station Accessibility Improvements,,,3,,,,,,,,,,,Transit Transformation,2024,N/A,,,N/A,Scoring,,f256ac3c-4878-438a-ba13-4d211636b4b8,,Yes,N/A,0.1,567.297754871382,1/6/2025 8:23:54 PM,ajacobsen_CTPS,1/10/2025 6:48:29 PM,ajacobsen_CTPS,https://drive.google.com/file/d/1RyMNlLjVnA8gsBEgh89yqjJR8r1avQs2/view?usp=drive_link
391,Flex_to_FTA,S13158,Improvements to accessible connection between inbound/outbound platforms at Wellesley Square.,"$2,000,000",MWRC,Wellesley,MBTA,Wellesley Station Upgrades,,,6,,,,,,,,,,,Transit Transformation,2024,N/A,,,N/A,Scoring,,c17f10b5-dd6c-495d-b6da-9fa147580aee,,Yes,N/A,0.1,323.568690785972,1/6/2025 8:23:54 PM,ajacobsen_CTPS,1/10/2025 6:48:29 PM,ajacobsen_CTPS,https://drive.google.com/file/d/1RyMNlLjVnA8gsBEgh89yqjJR8r1avQs2/view?usp=drive_link
392,Flex_to_FTA,S13157,"CIP ID P1117. Replacement and upgrade of fire suppression systems across MBTA facilities to improve safety, address maintenance backlogs, and support efficient operations, moving from reactive to proactive maintenance. Andrew Station Busway ","$6,000,000",ICC,Boston,MBTA,Systemwide Fire Suppression Systems Repair Andrew Station Busway,,,6,,,,,,,,,,,Transit Transformation,2024,N/A,,,N/A,Scoring,,10972d70-32eb-4c8a-944f-68cb309777be,,Yes,N/A,0.1,200.978342794261,1/6/2025 8:23:54 PM,ajacobsen_CTPS,1/10/2025 6:48:29 PM,ajacobsen_CTPS,https://drive.google.com/file/d/1RyMNlLjVnA8gsBEgh89yqjJR8r1avQs2/view?usp=drive_link
393,Flex_to_FTA,S13155,CIP ID P0940. Additional funding for track and signal improvements to deliver twenty-minute clockface all-day bi-directional urban rail service on the Newburyport/Rockport Line (Boston to Beverly -EJ Line): Construct Double Track from South Salem to Salem Station (0.5 Mi.)  and Beverly Depot Pedestrian Grade Crossing Elimination.,"$15,000,000",NSTF,"Beverly, Salem",MBTA,Rail Modernization - Early Action Items: Construct Double Track from South Salem to Salem Station and Beverly Depot Pedestrian Grade Crossing Elimination,,,4,,,,,,,,,,,Transit Transformation,2024,N/A,,,N/A,Scoring,,c3e77035-8ca2-4386-9679-5abfcb39b7ca,,Yes,N/A,0.1,788.040426928785,1/6/2025 8:23:54 PM,ajacobsen_CTPS,1/10/2025 6:48:29 PM,ajacobsen_CTPS,https://drive.google.com/file/d/1RyMNlLjVnA8gsBEgh89yqjJR8r1avQs2/view?usp=drive_link
394,Flex_to_FTA,S13159,"CIP ID P0892. Perform maintenance repairs, improvements, and upgrades based on a special inspection, load rating and condition assessment report for both Saugus Drawbridge and Manchester Drawbridge.","$15,000,000",ICC,Saugus,MBTA,CAP - Saugus Drawbridge Replacement,,,4,,,,,,,,,,,Transit Transformation,2024,N/A,,,N/A,Scoring,,76cc82ac-0f4f-4f53-b136-f38d66160402,,Yes,N/A,0.1,149.202442126468,1/6/2025 8:23:54 PM,ajacobsen_CTPS,1/10/2025 6:48:29 PM,ajacobsen_CTPS,https://drive.google.com/file/d/1RyMNlLjVnA8gsBEgh89yqjJR8r1avQs2/view?usp=drive_link
404,Flex_to_FTA,S13153,CIP ID P0613. This program addresses accessibility and safety improvements throughout the MBTA bus system by funding design and construction of accessibility improvements.  The project  will improve existing assets along the MBTA,"$7,500,000",Multiple,Multiple,MBTA,Bus Priority and Accessibility Improvements,,,6,,,,,,,,,,,Transit Transformation,2024,N/A,,,N/A,Scoring,,8ae2e798-9351-4ac5-942a-35de31cf0299,Many bus stops across the region. Geometry centered on 10 Park Plaza ,Yes,N/A,0.1,323.694149495929,1/6/2025 8:49:35 PM,ajacobsen_CTPS,1/10/2025 6:48:29 PM,ajacobsen_CTPS,https://drive.google.com/file/d/1RyMNlLjVnA8gsBEgh89yqjJR8r1avQs2/view?usp=drive_link
405,Flex_to_FTA,S13152,"Capital funding to enable safe and accessible implementation of bus stop changes triggered by operational needs. This funding enables the planning, design, and construction required to implement bus stop changes mandated via Service Planning, Bus Operations, or Operational Safety departments.","$5,500,000",Multiple,Multiple,MBTA,Better Bus Project - Operational Safety Improvements at Bus Stops,,,5_6,,,,,,,,,,,Transit Transformation,2024,N/A,,,N/A,Scoring,,8ae6457a-24f7-46ed-838d-13016ad7f499,,Yes,N/A,0.1,41116.801986359,1/7/2025 3:34:57 PM,ajacobsen_CTPS,1/10/2025 6:48:29 PM,ajacobsen_CTPS,https://drive.google.com/file/d/1RyMNlLjVnA8gsBEgh89yqjJR8r1avQs2/view?usp=drive_link
407,Flex_to_FTA,S13186,,"$4,200,000",MWRC,Multiple,MWRTA,MWRTA- CNG VEHICLE PROCUREMENT PROJECT (6 29-FOOT GILLIG BUSES),,,3,,,,,,,,,,Infrastructure,Transit Transformation,,N/A,,,N/A,Scoring,,e949bb95-671d-479b-81f4-0857a07a6d1c,,Yes,N/A,0.1,231.890708464465,1/7/2025 5:42:11 PM,ajacobsen_CTPS,1/10/2025 6:48:29 PM,ajacobsen_CTPS,https://docs.google.com/spreadsheets/d/1NTSNtlYOZgQqAOgOHj9mnw2OZiUACI6opSbs_6yw9FQ/edit?usp=sharing
408,Flex_to_FTA,S13185,,"$12,500,000",MWRC,Framingham,MWRTA,BLANDIN HUB EQUITABLE REDESIGN INITIATIVE,,,3,,,,,,,,,,Infrastructure,Transit Transformation,,N/A,,,N/A,Scoring,,9f9af7f5-c4ae-48ec-a986-69352b2e141c,,Yes,N/A,0.1,231.325520777466,1/7/2025 5:44:04 PM,ajacobsen_CTPS,1/10/2025 6:48:29 PM,ajacobsen_CTPS,https://docs.google.com/spreadsheets/d/1NTSNtlYOZgQqAOgOHj9mnw2OZiUACI6opSbs_6yw9FQ/edit?usp=sharing
409,Roadway_Reconstruction,612962,"Applied for design. The project includes pavement rehabilitation along 1.5 miles of Route 85, new sidewalks and a shared use path, intersection improvements, and upgrades to the existing storm water system.","$13,153,146",MWRC,Southborough,Southborough,Southborough- Reclamation of Marlborough Road (Route 85) and Framingham Road from Marlborough C.L to Route 30 [DESIGN ONLY],,,3,,,,,,,,,,Infrastructure,Complete Streets,2024,09/15/2022,,,N/A,N,,4f4ebd03-4236-40ad-99ed-7c9fe63e30db,,Yes (rescore),PRC Approved,0.1,3565.50012871545,1/7/2025 6:15:15 PM,ajacobsen_CTPS,1/10/2025 6:48:29 PM,ajacobsen_CTPS,
410,Transit_Grant_Program,S13183,,"$473,132",ICC,Newton,Newton,"NEWTON- INSTALLATION OF 67 BIKE RACKS, 2 SHELTERS, AND 12 RRFBS",,,6,,,,,,,,,,Infrastructure,Community Connections,2024,N/A,,,N/A,Scoring,,ed0f5c40-acb3-44ee-bb37-a843200dc487,,Yes,N/A,0.1,2064.93526619116,1/8/2025 7:41:12 PM,ajacobsen_CTPS,1/10/2025 6:48:29 PM,ajacobsen_CTPS,https://docs.google.com/spreadsheets/d/1G3HZAVYaus6tOhkp_FJ3DGXCCEJRACOeGotYneNrKmg/edit?usp=sharing
411,Transit_Grant_Program,S13180,,"$780,860",ICC,Boston,Boston,"BOSTON- BLUEBIKES STATION REPLACEMENT, 20 STATIONS",,,6,,,,,,,,,,Infrastructure,Community Connections,2024,N/A,,,N/A,Scoring,,6506a7f5-c440-424c-9733-5574cab05ec5,,Yes,N/A,0.1,1063.75463582849,1/8/2025 7:41:12 PM,ajacobsen_CTPS,1/10/2025 6:48:29 PM,ajacobsen_CTPS,https://docs.google.com/spreadsheets/d/15LwTcyxIFC9wKwghlxoywwxSE5vP_9xBr-v09VA-Cic/edit?usp=sharing
412,Transit_Grant_Program,S13179,,"$238,646",ICC,Brookline,Brookline,"BROOKLINE- BLUEBIKES EXPANSION, 3 STATIONS AND 20 ELECTRIC BIKES",,,6,,,,,,,,,,Infrastructure,Community Connections,2024,N/A,,,N/A,Scoring,,98f1a580-253b-4963-9c55-a2edd2b825e2,,Yes,N/A,0.1,187.721518389551,1/8/2025 7:41:12 PM,ajacobsen_CTPS,1/10/2025 6:48:29 PM,ajacobsen_CTPS,https://docs.google.com/spreadsheets/d/15LwTcyxIFC9wKwghlxoywwxSE5vP_9xBr-v09VA-Cic/edit?usp=sharing
413,Transit_Grant_Program,S13182,,"$223,715",ICC,Cambridge,Cambridge,"CAMBRIDGE- BLUEBIKES STATION REPLACEMENT, 7 STATIONS",,,6,,,,,,,,,,Infrastructure,Community Connections,2024,N/A,,,N/A,Scoring,,43d69416-fb85-44fe-8214-71049862dfad,,Yes,N/A,0.1,438.016427989117,1/8/2025 7:41:12 PM,ajacobsen_CTPS,1/10/2025 6:48:29 PM,ajacobsen_CTPS,https://docs.google.com/spreadsheets/d/15LwTcyxIFC9wKwghlxoywwxSE5vP_9xBr-v09VA-Cic/edit?usp=sharing
414,Transit_Grant_Program,S13181,,"$107,417",ICC,Somerville,Somerville,"SOMERVILLE- BLUEBIKES STATION REPLACEMENT, 5 STATIONS",,,4,,,,,,,,,,Infrastructure,Community Connections,2024,N/A,,,N/A,Scoring,,cfbc1a18-c322-4166-b122-5819c95a40cf,,Yes,N/A,0.1,312.869055560388,1/8/2025 7:41:12 PM,ajacobsen_CTPS,1/10/2025 6:48:29 PM,ajacobsen_CTPS,https://docs.google.com/spreadsheets/d/15LwTcyxIFC9wKwghlxoywwxSE5vP_9xBr-v09VA-Cic/edit?usp=sharing
415,Transit_Grant_Program,S13184,,"$6,250",NSTF,Marblehead,Marblehead,MARBLEHEAD- INSTALLATION OF 22 BIKE RACKS,,,4,,,,,,,,,,,,,N/A,,,N/A,Scoring,,0a4a5f88-5441-4de7-8ca3-1af90460c955,,Yes,N/A,0.1,1376.62336746336,1/8/2025 7:41:12 PM,ajacobsen_CTPS,1/10/2025 6:48:29 PM,ajacobsen_CTPS,https://docs.google.com/spreadsheets/d/1G3HZAVYaus6tOhkp_FJ3DGXCCEJRACOeGotYneNrKmg/edit?usp=sharing
416,Transit_Grant_Program,S13194,"New stations at Washington Park, Chelsea High School, and Eastern St/Chelsea Greenway","$86,228",ICC,Chelsea,Chelsea,"CHELSEA- BLUEBIKES EXPANSION, 3 STATIONS, 28 CLASSIC BIKES, AND 5 ELECTRIC BIKES",N/A,N/A,6,N/A,N/A,N/A,N/A,N/A,N/A,,,,Infrastructure,Community Connections,2025,01/15/2025,,N/A,N/A,Scoring,,cfce375e-ea99-453a-b5fa-8a35d5fd4fe0,,Yes,N/A,1.1,187.721239539274,1/15/2025 3:35:36 PM,ajacobsen_CTPS,1/15/2025 4:31:32 PM,ajacobsen_CTPS,
419,Transit_Grant_Program,S13195, Transit Project ID CATA011695,"$680,000",NSTF,Multiple,CATA,CATA- Automatic Passenger Counting and Automatic Vehicle Location Deployment,N/A,N/A,4,N/A,N/A,N/A,N/A,N/A,N/A,,,,Infrastructure,Transit Transformation,2024,N/A,,N/A,N/A,Scoring,,49ea1949-88e4-48dd-b44c-775a917a82ea,,Yes,N/A,1.1,249.053157618801,1/15/2025 4:43:46 PM,ajacobsen_CTPS,1/15/2025 4:46:21 PM,ajacobsen_CTPS,
